{
    "pdepth": 60,
    "end_eng": 0.005590889082968469,
    "end_sup": 0.9983922497309101,
    "num_states": 288
}
