{
    "pdepth": 60,
    "end_eng": 0.0006726272332106469,
    "end_sup": 0.9993348098178749,
    "num_states": 1296
}
