{
    "pdepth": 60,
    "end_eng": 0.0010042224156395542,
    "end_sup": 0.9993058552797702,
    "num_states": 864
}
