{
    "pdepth": 60,
    "end_eng": 0.0002879158379739586,
    "end_sup": 0.9998388172841768,
    "num_states": 162
}
