{
    "pdepth": 60,
    "end_eng": 0.0034755678780114337,
    "end_sup": 0.9987762414540208,
    "num_states": 1728
}
