{
    "pdepth": 60,
    "end_eng": 0.00045291405607345025,
    "end_sup": 0.9995929732752596,
    "num_states": 432
}
