{
    "pdepth": 60,
    "end_eng": 0.003788683197679772,
    "end_sup": 0.9982508505236123,
    "num_states": 2304
}
