{
    "pdepth": 60,
    "end_eng": 0.022050494380158794,
    "end_sup": 0.9849310685651852,
    "num_states": 576
}
