{
    "pdepth": 60,
    "end_eng": 0.00518215091578743,
    "end_sup": 0.9955219619295577,
    "num_states": 576
}
