{
    "pdepth": 60,
    "end_eng": 0.00045623001476622005,
    "end_sup": 0.9997277260012565,
    "num_states": 432
}
