{
    "pdepth": 60,
    "end_eng": 0.0005665138388189219,
    "end_sup": 0.9994879514149178,
    "num_states": 432
}
