{
    "pdepth": 60,
    "end_eng": 0.0013265168110858938,
    "end_sup": 0.9988831494657069,
    "num_states": 1728
}
