{
    "pdepth": 60,
    "end_eng": 0.001118618625628972,
    "end_sup": 0.9989442431762503,
    "num_states": 216
}
