{
    "pdepth": 60,
    "end_eng": 0.0009890738593073404,
    "end_sup": 0.9990297954479628,
    "num_states": 2592
}
