{
    "pdepth": 60,
    "end_eng": 0.020223002959220426,
    "end_sup": 0.9860745396425157,
    "num_states": 108
}
