{
    "pdepth": 60,
    "end_eng": 0.001804403846224256,
    "end_sup": 0.99827964803548,
    "num_states": 432
}
