{
    "pdepth": 60,
    "end_eng": 0.0009826378752122288,
    "end_sup": 0.9992434210565979,
    "num_states": 576
}
