{
    "pdepth": 60,
    "end_eng": 0.04220205774316014,
    "end_sup": 0.9589523883491089,
    "num_states": 432
}
