{
    "pdepth": 60,
    "end_eng": 0.0004301181900943157,
    "end_sup": 0.9996527153721181,
    "num_states": 216
}
