{
    "pdepth": 60,
    "end_eng": 0.0020665278059479697,
    "end_sup": 0.9990517434448337,
    "num_states": 3456
}
