{
    "pdepth": 60,
    "end_eng": 0.00031941282281640955,
    "end_sup": 0.9996965883874847,
    "num_states": 864
}
