{
    "pdepth": 60,
    "end_eng": 0.0010292485479005433,
    "end_sup": 0.9994490922306009,
    "num_states": 432
}
