{
    "pdepth": 60,
    "end_eng": 0.0002611108665344251,
    "end_sup": 0.9997487728402381,
    "num_states": 288
}
