{
    "pdepth": 60,
    "end_eng": 0.0005769519939614853,
    "end_sup": 0.9996322528991454,
    "num_states": 432
}
