{
    "pdepth": 60,
    "end_eng": 0.0021751510197308642,
    "end_sup": 0.9989953211626724,
    "num_states": 576
}
