{
    "pdepth": 60,
    "end_eng": 0.0005617533477409417,
    "end_sup": 0.9994609319583909,
    "num_states": 1296
}
