{
    "pdepth": 60,
    "end_eng": 0.014926856743945345,
    "end_sup": 0.9857331689495014,
    "num_states": 432
}
