{
    "pdepth": 60,
    "end_eng": 0.0005983090657043636,
    "end_sup": 0.9995369612729162,
    "num_states": 432
}
