{
    "pdepth": 60,
    "end_eng": 0.000756937542800996,
    "end_sup": 0.9992965877330996,
    "num_states": 648
}
