{
    "pdepth": 60,
    "end_eng": 0.0008517861752440828,
    "end_sup": 0.9992101890913101,
    "num_states": 576
}
