{
    "pdepth": 60,
    "end_eng": 0.0006272777003557125,
    "end_sup": 0.9995041673996714,
    "num_states": 864
}
