{
    "pdepth": 60,
    "end_eng": 0.00034620317070842836,
    "end_sup": 0.999707005372531,
    "num_states": 432
}
