{
    "pdepth": 60,
    "end_eng": 0.02967221906710887,
    "end_sup": 0.9710852031652156,
    "num_states": 288
}
