{
    "pdepth": 60,
    "end_eng": 0.005323583042521186,
    "end_sup": 0.9950942047030082,
    "num_states": 108
}
