{
    "pdepth": 60,
    "end_eng": 0.02921665014129776,
    "end_sup": 0.9708270395767792,
    "num_states": 216
}
