{
    "pdepth": 60,
    "end_eng": 0.0016800727887544193,
    "end_sup": 0.9985170659373327,
    "num_states": 108
}
