{
    "pdepth": 60,
    "end_eng": 0.0019282219631876958,
    "end_sup": 0.9982167427529774,
    "num_states": 216
}
