{
    "pdepth": 60,
    "end_eng": 0.0012040890155478544,
    "end_sup": 0.9988260030513506,
    "num_states": 1296
}
