{
    "pdepth": 60,
    "end_eng": 0.0003642338533315064,
    "end_sup": 0.9996984316775517,
    "num_states": 144
}
