{
    "pdepth": 60,
    "end_eng": 0.0009249285797420301,
    "end_sup": 0.9995444856423454,
    "num_states": 108
}
