{
    "pdepth": 60,
    "end_eng": 0.07154637899285335,
    "end_sup": 0.9284970435900766,
    "num_states": 288
}
