{
    "pdepth": 60,
    "end_eng": 0.006165106520286189,
    "end_sup": 0.994484952630335,
    "num_states": 216
}
