{
    "pdepth": 60,
    "end_eng": 0.24666531163983466,
    "end_sup": 0.7542744291340638,
    "num_states": 324
}
