{
    "pdepth": 60,
    "end_eng": 0.0006631351937028238,
    "end_sup": 0.9995212594716855,
    "num_states": 216
}
