{
    "pdepth": 60,
    "end_eng": 0.03211409645815799,
    "end_sup": 0.9727722462430691,
    "num_states": 108
}
