{
    "pdepth": 60,
    "end_eng": 0.16417720334093006,
    "end_sup": 0.8405680770800439,
    "num_states": 216
}
