{
    "pdepth": 60,
    "end_eng": 0.0032520325941833377,
    "end_sup": 0.9971217529265068,
    "num_states": 144
}
