{
    "pdepth": 60,
    "end_eng": 0.0012586309423271841,
    "end_sup": 0.998924309586532,
    "num_states": 108
}
