{
    "pdepth": 60,
    "end_eng": 0.0015061786549758977,
    "end_sup": 0.9988689744736414,
    "num_states": 864
}
