{
    "pdepth": 60,
    "end_eng": 0.0024840128416390534,
    "end_sup": 0.9984859534120222,
    "num_states": 108
}
