{
    "pdepth": 60,
    "end_eng": 0.0002682611349377771,
    "end_sup": 0.9997567932765062,
    "num_states": 324
}
