{
    "pdepth": 60,
    "end_eng": 0.0002702477536469167,
    "end_sup": 0.9997511150580533,
    "num_states": 108
}
