{
    "pdepth": 60,
    "end_eng": 0.046001198991113636,
    "end_sup": 0.9641176758143514,
    "num_states": 54
}
