{
    "pdepth": 60,
    "end_eng": 0.01988369111957008,
    "end_sup": 0.980980128674896,
    "num_states": 288
}
