{
    "pdepth": 60,
    "end_eng": 0.06758736113322933,
    "end_sup": 0.9326306120858041,
    "num_states": 648
}
