{
    "pdepth": 60,
    "end_eng": 0.0003962417707423017,
    "end_sup": 0.9996698510111156,
    "num_states": 144
}
