{
    "pdepth": 60,
    "end_eng": 0.0008330677490636054,
    "end_sup": 0.9992876486568819,
    "num_states": 324
}
