{
    "pdepth": 60,
    "end_eng": 0.00030328013825949685,
    "end_sup": 0.9996967418285229,
    "num_states": 96
}
