{
    "pdepth": 60,
    "end_eng": 0.0006037669463572172,
    "end_sup": 0.9996814525156237,
    "num_states": 216
}
