{
    "pdepth": 60,
    "end_eng": 0.001459274173709414,
    "end_sup": 0.9992080100036224,
    "num_states": 432
}
