{
    "pdepth": 60,
    "end_eng": 0.0004408896832984433,
    "end_sup": 0.9995666910947143,
    "num_states": 288
}
