{
    "pdepth": 60,
    "end_eng": 0.0673558541940223,
    "end_sup": 0.9353546260944111,
    "num_states": 216
}
