{
    "pdepth": 60,
    "end_eng": 0.0002904500663947457,
    "end_sup": 0.9997234106248487,
    "num_states": 324
}
