{
    "pdepth": 60,
    "end_eng": 0.03344928373265558,
    "end_sup": 0.9666774961832799,
    "num_states": 36
}
