{
    "pdepth": 60,
    "end_eng": 0.00012520637975118926,
    "end_sup": 0.9998747975101029,
    "num_states": 162
}
