{
    "pdepth": 60,
    "end_eng": 0.22849536716179336,
    "end_sup": 0.7739628635766928,
    "num_states": 144
}
