{
    "pdepth": 60,
    "end_eng": 0.0004007799271875601,
    "end_sup": 0.9996251549821746,
    "num_states": 432
}
