{
    "pdepth": 60,
    "end_eng": 8.520937233077388e-5,
    "end_sup": 0.9999147917970679,
    "num_states": 216
}
