{
    "pdepth": 60,
    "end_eng": 0.01328154911257046,
    "end_sup": 0.9871910599867675,
    "num_states": 288
}
