{
    "pdepth": 60,
    "end_eng": 0.0006026910106519438,
    "end_sup": 0.9994269058560332,
    "num_states": 162
}
