{
    "pdepth": 60,
    "end_eng": 0.00021583472864014272,
    "end_sup": 0.9997841743318392,
    "num_states": 648
}
