{
    "pdepth": 60,
    "end_eng": 0.00017955430640611384,
    "end_sup": 0.9998432415535091,
    "num_states": 576
}
