{
    "pdepth": 60,
    "end_eng": 0.0009192609402704919,
    "end_sup": 0.9993619862318536,
    "num_states": 162
}
