{
    "pdepth": 60,
    "end_eng": 0.0001780830326978987,
    "end_sup": 0.9998672941069545,
    "num_states": 216
}
