{
    "pdepth": 60,
    "end_eng": 0.0011086440041762325,
    "end_sup": 0.9990330971547308,
    "num_states": 288
}
