{
    "pdepth": 60,
    "end_eng": 0.002204153463909933,
    "end_sup": 0.9984975718527023,
    "num_states": 432
}
