{
    "pdepth": 60,
    "end_eng": 0.00033352775482723497,
    "end_sup": 0.9997204047083331,
    "num_states": 432
}
