{
    "pdepth": 60,
    "end_eng": 0.0001885506393474643,
    "end_sup": 0.9998114586505819,
    "num_states": 1152
}
