{
    "pdepth": 60,
    "end_eng": 0.0011734758908587396,
    "end_sup": 0.9989377450766077,
    "num_states": 216
}
