{
    "pdepth": 60,
    "end_eng": 0.00016347486963276132,
    "end_sup": 0.9998385141782984,
    "num_states": 108
}
