{
    "pdepth": 60,
    "end_eng": 0.005884687538630241,
    "end_sup": 0.9947617393000315,
    "num_states": 72
}
