{
    "pdepth": 60,
    "end_eng": 0.017595930879475634,
    "end_sup": 0.9846973793643377,
    "num_states": 288
}
