{
    "pdepth": 60,
    "end_eng": 0.0033686237776530707,
    "end_sup": 0.9967900249127716,
    "num_states": 432
}
