{
    "pdepth": 60,
    "end_eng": 0.00014513594244594378,
    "end_sup": 0.9998815669947254,
    "num_states": 108
}
