{
    "pdepth": 60,
    "end_eng": 0.00033604515341642153,
    "end_sup": 0.9997049091906896,
    "num_states": 324
}
