{
    "pdepth": 60,
    "end_eng": 0.0800464319276138,
    "end_sup": 0.9200711435791777,
    "num_states": 108
}
