{
    "pdepth": 60,
    "end_eng": 0.11597355577180905,
    "end_sup": 0.8845072655172914,
    "num_states": 576
}
