{
    "pdepth": 60,
    "end_eng": 0.0001979475850920508,
    "end_sup": 0.9998069799865592,
    "num_states": 108
}
