{
    "pdepth": 60,
    "end_eng": 0.0008354257642738588,
    "end_sup": 0.9995355544990931,
    "num_states": 324
}
