{
    "pdepth": 60,
    "end_eng": 0.0011494575950679626,
    "end_sup": 0.9994464662714311,
    "num_states": 864
}
