{
    "pdepth": 60,
    "end_eng": 0.0002267834474723479,
    "end_sup": 0.999773227351304,
    "num_states": 324
}
