{
    "pdepth": 60,
    "end_eng": 0.05994278836268926,
    "end_sup": 0.9408601147931752,
    "num_states": 432
}
