{
    "pdepth": 60,
    "end_eng": 0.010258186580832069,
    "end_sup": 0.9901994849592016,
    "num_states": 288
}
