{
    "pdepth": 60,
    "end_eng": 0.0005415392830120413,
    "end_sup": 0.9994826813414752,
    "num_states": 288
}
