{
    "pdepth": 60,
    "end_eng": 0.001276679678191904,
    "end_sup": 0.9987667391129726,
    "num_states": 288
}
