{
    "pdepth": 60,
    "end_eng": 0.014604961251653982,
    "end_sup": 0.9866672599480859,
    "num_states": 432
}
