{
    "pdepth": 60,
    "end_eng": 0.0016535108289950913,
    "end_sup": 0.998845488948158,
    "num_states": 216
}
