{
    "pdepth": 60,
    "end_eng": 0.11690499028159297,
    "end_sup": 0.883327043284508,
    "num_states": 72
}
