{
    "pdepth": 60,
    "end_eng": 0.0049553472095405365,
    "end_sup": 0.9956573384482619,
    "num_states": 54
}
