{
    "pdepth": 60,
    "end_eng": 0.00023675889241247077,
    "end_sup": 0.9998121636666684,
    "num_states": 36
}
