{
    "pdepth": 60,
    "end_eng": 0.074384727482663,
    "end_sup": 0.9260235546573997,
    "num_states": 1024
}
