{
    "pdepth": 60,
    "end_eng": 0.00468881434565941,
    "end_sup": 0.9957439915540495,
    "num_states": 8192
}
