{
    "pdepth": 60,
    "end_eng": 0.015505334306158957,
    "end_sup": 0.9862964478889843,
    "num_states": 4096
}
