{
    "pdepth": 60,
    "end_eng": 0.004667760030411778,
    "end_sup": 0.9972870249123107,
    "num_states": 4096
}
