{
    "pdepth": 60,
    "end_eng": 0.009457675425533978,
    "end_sup": 0.9916921928301119,
    "num_states": 16384
}
