{
    "pdepth": 60,
    "end_eng": 0.07966814117538859,
    "end_sup": 0.9379095346799207,
    "num_states": 2048
}
