{
    "pdepth": 60,
    "end_eng": 0.007194616528851039,
    "end_sup": 0.9936765734840795,
    "num_states": 4096
}
