{
    "pdepth": 60,
    "end_eng": 0.03383976769907388,
    "end_sup": 0.9682554736476779,
    "num_states": 2048
}
