{
    "pdepth": 60,
    "end_eng": 0.018978857536467962,
    "end_sup": 0.9938833379846609,
    "num_states": 2048
}
