{
    "pdepth": 60,
    "end_eng": 0.0672422687750192,
    "end_sup": 0.9349454548998943,
    "num_states": 4096
}
