{
    "pdepth": 60,
    "end_eng": 0.00814037086123388,
    "end_sup": 0.9922270248356048,
    "num_states": 8192
}
