{
    "pdepth": 60,
    "end_eng": 0.004648914085456753,
    "end_sup": 0.9959235540865388,
    "num_states": 4096
}
