{
    "pdepth": 60,
    "end_eng": 0.003853976534740595,
    "end_sup": 0.9964261138133148,
    "num_states": 8192
}
