{
    "pdepth": 60,
    "end_eng": 0.024935627718855952,
    "end_sup": 0.9903250949961917,
    "num_states": 2048
}
