{
    "pdepth": 60,
    "end_eng": 0.015127365842434315,
    "end_sup": 0.987968899089718,
    "num_states": 512
}
