{
    "pdepth": 60,
    "end_eng": 0.009408956887440716,
    "end_sup": 0.9918022331798717,
    "num_states": 4096
}
