{
    "pdepth": 60,
    "end_eng": 0.19170164187140354,
    "end_sup": 0.8115817080370141,
    "num_states": 1024
}
