{
    "pdepth": 60,
    "end_eng": 0.021803683430240327,
    "end_sup": 0.9811175271089039,
    "num_states": 4096
}
