{
    "pdepth": 60,
    "end_eng": 0.07490431397334182,
    "end_sup": 0.9483965661556769,
    "num_states": 2048
}
