{
    "pdepth": 60,
    "end_eng": 0.005466986994099465,
    "end_sup": 0.9951085539783179,
    "num_states": 16384
}
