{
    "pdepth": 60,
    "end_eng": 0.00534431585901288,
    "end_sup": 0.9963559577629527,
    "num_states": 8192
}
