{
    "pdepth": 60,
    "end_eng": 0.005320577789143778,
    "end_sup": 0.995060861836177,
    "num_states": 4096
}
