{
    "pdepth": 60,
    "end_eng": 0.006154412783141198,
    "end_sup": 0.9955114087065415,
    "num_states": 2048
}
