{
    "pdepth": 60,
    "end_eng": 0.008832843528290849,
    "end_sup": 0.9941333054617216,
    "num_states": 2048
}
