{
    "pdepth": 60,
    "end_eng": 0.0035473451853907895,
    "end_sup": 0.9966658529687517,
    "num_states": 4096
}
