{
    "pdepth": 60,
    "end_eng": 0.01840436601984,
    "end_sup": 0.9840621986119273,
    "num_states": 2048
}
