{
    "pdepth": 60,
    "end_eng": 0.10403706792160985,
    "end_sup": 0.8984368029320617,
    "num_states": 2048
}
