{
    "pdepth": 60,
    "end_eng": 0.021267884226073328,
    "end_sup": 0.992072708907819,
    "num_states": 2048
}
