{
    "pdepth": 60,
    "end_eng": 0.015326733486010097,
    "end_sup": 0.986403298253726,
    "num_states": 2048
}
