{
    "pdepth": 60,
    "end_eng": 0.06620852603647234,
    "end_sup": 0.9346572491296963,
    "num_states": 4096
}
