{
    "pdepth": 60,
    "end_eng": 0.08106964452771286,
    "end_sup": 0.9226463364708413,
    "num_states": 2048
}
