{
    "pdepth": 60,
    "end_eng": 0.006237247469860574,
    "end_sup": 0.9943767097709448,
    "num_states": 16384
}
