{
    "pdepth": 60,
    "end_eng": 0.0044647215024478035,
    "end_sup": 0.9978099900380204,
    "num_states": 4096
}
