{
    "pdepth": 60,
    "end_eng": 0.005976386955651268,
    "end_sup": 0.9944750021918931,
    "num_states": 8192
}
