{
    "pdepth": 60,
    "end_eng": 0.16713348072982814,
    "end_sup": 0.8374480494583554,
    "num_states": 1024
}
