{
    "pdepth": 60,
    "end_eng": 0.006569355713691831,
    "end_sup": 0.9940053522493673,
    "num_states": 8192
}
