{
    "pdepth": 60,
    "end_eng": 0.005299808500994721,
    "end_sup": 0.9966523019790505,
    "num_states": 8192
}
