{
    "pdepth": 60,
    "end_eng": 0.009196780932801803,
    "end_sup": 0.9913341324019821,
    "num_states": 2048
}
