{
    "pdepth": 60,
    "end_eng": 0.007550380031677554,
    "end_sup": 0.9947355601540997,
    "num_states": 2048
}
