{
    "pdepth": 60,
    "end_eng": 0.004180868113827622,
    "end_sup": 0.9961296602507996,
    "num_states": 2048
}
