{
    "pdepth": 60,
    "end_eng": 0.01975522244903388,
    "end_sup": 0.9927613654875834,
    "num_states": 16384
}
