{
    "pdepth": 60,
    "end_eng": 0.01871223717594197,
    "end_sup": 0.981817381118396,
    "num_states": 16384
}
