{
    "pdepth": 60,
    "end_eng": 0.05377944154281386,
    "end_sup": 0.9482921207332836,
    "num_states": 4096
}
