{
    "pdepth": 60,
    "end_eng": 0.008982551686258507,
    "end_sup": 0.9926826154821258,
    "num_states": 1024
}
