{
    "pdepth": 60,
    "end_eng": 0.0028999680083114793,
    "end_sup": 0.9972939265339786,
    "num_states": 2048
}
