{
    "pdepth": 60,
    "end_eng": 0.020152571537763442,
    "end_sup": 0.9928010827425289,
    "num_states": 8192
}
