{
    "pdepth": 60,
    "end_eng": 0.283229112371188,
    "end_sup": 0.7213774007139899,
    "num_states": 1024
}
