{
    "pdepth": 60,
    "end_eng": 0.005765997730809932,
    "end_sup": 0.9966181483762347,
    "num_states": 8192
}
