{
    "pdepth": 60,
    "end_eng": 0.003604080509133434,
    "end_sup": 0.9965613195719527,
    "num_states": 8192
}
