{
    "pdepth": 60,
    "end_eng": 0.004868178674199971,
    "end_sup": 0.9963317861921915,
    "num_states": 8192
}
