{
    "pdepth": 60,
    "end_eng": 0.005931490999675929,
    "end_sup": 0.994893037050683,
    "num_states": 2048
}
