{
    "pdepth": 60,
    "end_eng": 0.007111379952266055,
    "end_sup": 0.995759712315971,
    "num_states": 4096
}
