{
    "pdepth": 60,
    "end_eng": 0.10826341736151959,
    "end_sup": 0.893669109667545,
    "num_states": 2048
}
