{
    "pdepth": 60,
    "end_eng": 0.04413389039151655,
    "end_sup": 0.9579282880583688,
    "num_states": 1024
}
