{
    "pdepth": 60,
    "end_eng": 0.006142130197028375,
    "end_sup": 0.9950461149939547,
    "num_states": 1024
}
