{
    "pdepth": 60,
    "end_eng": 0.004082169499369853,
    "end_sup": 0.996167072607969,
    "num_states": 8192
}
