{
    "pdepth": 60,
    "end_eng": 0.006532140655077331,
    "end_sup": 0.9945340493462272,
    "num_states": 4096
}
