{
    "pdepth": 60,
    "end_eng": 0.05637208675544,
    "end_sup": 0.9443533926830178,
    "num_states": 8192
}
