{
    "pdepth": 60,
    "end_eng": 0.0095220242698059,
    "end_sup": 0.9918973776998254,
    "num_states": 4096
}
