{
    "pdepth": 60,
    "end_eng": 0.03861745925643979,
    "end_sup": 0.9778803085113779,
    "num_states": 1024
}
