{
    "pdepth": 60,
    "end_eng": 0.007688003138710822,
    "end_sup": 0.9932783801064323,
    "num_states": 8192
}
