{
    "pdepth": 60,
    "end_eng": 0.004477191838548231,
    "end_sup": 0.997149961910129,
    "num_states": 8192
}
