{
    "pdepth": 60,
    "end_eng": 0.008269205983114319,
    "end_sup": 0.9930005838229228,
    "num_states": 2048
}
