{
    "pdepth": 60,
    "end_eng": 0.047799727926791574,
    "end_sup": 0.9544960605656617,
    "num_states": 2048
}
