{
    "pdepth": 60,
    "end_eng": 0.005845046355890631,
    "end_sup": 0.9956844483831477,
    "num_states": 4096
}
