{
    "pdepth": 60,
    "end_eng": 0.007373927791780713,
    "end_sup": 0.993308505692124,
    "num_states": 8192
}
