{
    "pdepth": 60,
    "end_eng": 0.02582200750856519,
    "end_sup": 0.9897434848159502,
    "num_states": 1024
}
