{
    "pdepth": 60,
    "end_eng": 0.004962182908352457,
    "end_sup": 0.9955921094736575,
    "num_states": 8192
}
