{
    "pdepth": 60,
    "end_eng": 0.006183328925880097,
    "end_sup": 0.9943930140237138,
    "num_states": 16384
}
