{
    "pdepth": 60,
    "end_eng": 0.004901891519641537,
    "end_sup": 0.9966807844358861,
    "num_states": 4096
}
