{
    "pdepth": 60,
    "end_eng": 0.00528223936795175,
    "end_sup": 0.9953272103458549,
    "num_states": 16384
}
