{
    "pdepth": 60,
    "end_eng": 0.025847364410794993,
    "end_sup": 0.975927326401087,
    "num_states": 1024
}
