{
    "pdepth": 60,
    "end_eng": 0.004505417323357753,
    "end_sup": 0.9958809486380837,
    "num_states": 2048
}
