{
    "pdepth": 60,
    "end_eng": 0.026768638889168417,
    "end_sup": 0.9842400541498866,
    "num_states": 1024
}
