{
    "pdepth": 60,
    "end_eng": 0.007324717453330442,
    "end_sup": 0.9944036400483955,
    "num_states": 4096
}
