{
    "pdepth": 60,
    "end_eng": 0.02209039821750434,
    "end_sup": 0.9787407649000744,
    "num_states": 4096
}
