{
    "pdepth": 60,
    "end_eng": 0.03059885513954296,
    "end_sup": 0.9728204453712073,
    "num_states": 1024
}
