{
    "pdepth": 60,
    "end_eng": 0.007330018223909355,
    "end_sup": 0.9935230447094292,
    "num_states": 4096
}
