{
    "pdepth": 60,
    "end_eng": 0.004447902885759235,
    "end_sup": 0.9968305211166631,
    "num_states": 2048
}
