{
    "pdepth": 60,
    "end_eng": 0.004875598680459369,
    "end_sup": 0.9966725961136349,
    "num_states": 4096
}
