{
    "pdepth": 60,
    "end_eng": 0.057117653662979995,
    "end_sup": 0.9448775748763037,
    "num_states": 4096
}
