{
    "pdepth": 60,
    "end_eng": 0.06549494006527856,
    "end_sup": 0.9490409077336281,
    "num_states": 2048
}
