{
    "pdepth": 60,
    "end_eng": 0.03786028262172173,
    "end_sup": 0.9646513590837231,
    "num_states": 2048
}
