{
    "pdepth": 60,
    "end_eng": 0.006416880330569967,
    "end_sup": 0.9968659056082678,
    "num_states": 4096
}
