{
    "pdepth": 60,
    "end_eng": 0.003072881764589666,
    "end_sup": 0.9973388137715362,
    "num_states": 4096
}
