{
    "pdepth": 60,
    "end_eng": 0.04958499174175608,
    "end_sup": 0.9731865968596043,
    "num_states": 256
}
