{
    "pdepth": 60,
    "end_eng": 0.005671004740891222,
    "end_sup": 0.9964074364363622,
    "num_states": 2048
}
