{
    "pdepth": 60,
    "end_eng": 0.005661800778964765,
    "end_sup": 0.9948286882183018,
    "num_states": 8192
}
