{
    "pdepth": 60,
    "end_eng": 0.006113274970420015,
    "end_sup": 0.9956216226588888,
    "num_states": 4096
}
