{
    "pdepth": 60,
    "end_eng": 0.07494613397665097,
    "end_sup": 0.9255581995150894,
    "num_states": 4096
}
