{
    "pdepth": 60,
    "end_eng": 0.005316039978851933,
    "end_sup": 0.997267723099048,
    "num_states": 2048
}
