{
    "pdepth": 60,
    "end_eng": 0.013707413020097925,
    "end_sup": 0.9878951314983605,
    "num_states": 4096
}
