{
    "pdepth": 60,
    "end_eng": 0.0090480005926484,
    "end_sup": 0.9913657616553726,
    "num_states": 16384
}
