{
    "pdepth": 60,
    "end_eng": 0.010817966943433809,
    "end_sup": 0.9893434334593084,
    "num_states": 4096
}
