{
    "pdepth": 60,
    "end_eng": 0.005576157888514101,
    "end_sup": 0.9974095019093815,
    "num_states": 2048
}
