{
    "pdepth": 60,
    "end_eng": 0.0063555814132775605,
    "end_sup": 0.9943735337374339,
    "num_states": 8192
}
