{
    "pdepth": 60,
    "end_eng": 0.00503949566669902,
    "end_sup": 0.9966250349279464,
    "num_states": 4096
}
