{
    "pdepth": 60,
    "end_eng": 0.0802282488353829,
    "end_sup": 0.9217374691518248,
    "num_states": 4096
}
