{
    "pdepth": 60,
    "end_eng": 0.01510120017647184,
    "end_sup": 0.9871221812022116,
    "num_states": 2048
}
