{
    "pdepth": 60,
    "end_eng": 0.003087787902092248,
    "end_sup": 0.9972386073086174,
    "num_states": 4096
}
