{
    "pdepth": 60,
    "end_eng": 0.00029790591845590454,
    "end_sup": 0.9997316013649755,
    "num_states": 48
}
