{
    "pdepth": 60,
    "end_eng": 0.00038126305238053357,
    "end_sup": 0.9996395950261057,
    "num_states": 72
}
