{
    "pdepth": 60,
    "end_eng": 0.00027423394402008126,
    "end_sup": 0.9997257687474614,
    "num_states": 24
}
