{
    "pdepth": 60,
    "end_eng": 4.2536429855682164e-5,
    "end_sup": 0.9999574635701446,
    "num_states": 27
}
