{
    "pdepth": 60,
    "end_eng": 0.0009510305448755551,
    "end_sup": 0.9995766902179256,
    "num_states": 96
}
