{
    "pdepth": 60,
    "end_eng": 5.272987085419679e-5,
    "end_sup": 0.9999472705627386,
    "num_states": 18
}
