{
    "pdepth": 60,
    "end_eng": 0.0007407114882061425,
    "end_sup": 0.9992994201493731,
    "num_states": 72
}
