{
    "pdepth": 60,
    "end_eng": 7.244926732297945e-5,
    "end_sup": 0.9999333306591951,
    "num_states": 12
}
