{
    "pdepth": 60,
    "end_eng": 0.0009016131296518047,
    "end_sup": 0.999121237650993,
    "num_states": 36
}
