{
    "pdepth": 60,
    "end_eng": 1.0193440998522851e-5,
    "end_sup": 0.9999898065590022,
    "num_states": 24
}
