{
    "pdepth": 60,
    "end_eng": 0.00013230450263545753,
    "end_sup": 0.9998944197075881,
    "num_states": 18
}
