{
    "pdepth": 60,
    "end_eng": 0.0001085120329983925,
    "end_sup": 0.9999171236883704,
    "num_states": 36
}
