{
    "pdepth": 60,
    "end_eng": 0.0010837577938636468,
    "end_sup": 0.9989284728406171,
    "num_states": 48
}
