{
    "pdepth": 60,
    "end_eng": 3.6297589988876786e-5,
    "end_sup": 0.9999637026236244,
    "num_states": 16
}
