{
    "pdepth": 60,
    "end_eng": 0.0018815199992838693,
    "end_sup": 0.9993286500284017,
    "num_states": 48
}
