{
    "pdepth": 60,
    "end_eng": 5.718983115591417e-5,
    "end_sup": 0.9999428101688441,
    "num_states": 36
}
