{
    "pdepth": 60,
    "end_eng": 0.0004339837878914777,
    "end_sup": 0.9995986878690849,
    "num_states": 16
}
