{
    "pdepth": 60,
    "end_eng": 0.004305313254506541,
    "end_sup": 0.9957707369515025,
    "num_states": 36
}
