{
    "pdepth": 60,
    "end_eng": 1.0193440998521187e-5,
    "end_sup": 0.9999898065590016,
    "num_states": 6
}
