{
    "pdepth": 60,
    "end_eng": 0.00039949585893531966,
    "end_sup": 0.999642733975413,
    "num_states": 24
}
