{
    "pdepth": 60,
    "end_eng": 2.458216987232058e-5,
    "end_sup": 0.9999754179571715,
    "num_states": 48
}
