{
    "pdepth": 60,
    "end_eng": 5.895203113313665e-5,
    "end_sup": 0.9999410480763945,
    "num_states": 18
}
