{
    "pdepth": 60,
    "end_eng": 0.0001374999678415085,
    "end_sup": 0.9999011256818775,
    "num_states": 18
}
