{
    "pdepth": 60,
    "end_eng": 0.0007643540352271395,
    "end_sup": 0.9993171161884831,
    "num_states": 12
}
