{
    "pdepth": 60,
    "end_eng": 0.00015876689887706714,
    "end_sup": 0.9998412331011228,
    "num_states": 36
}
