{
    "pdepth": 60,
    "end_eng": 6.801654859526575e-5,
    "end_sup": 0.999931983451405,
    "num_states": 3
}
