{
    "pdepth": 60,
    "end_eng": 4.253642985567799e-5,
    "end_sup": 0.999957463570144,
    "num_states": 18
}
