{
    "pdepth": 60,
    "end_eng": 0.0001948374851706024,
    "end_sup": 0.9998636018630981,
    "num_states": 18
}
