{
    "pdepth": 60,
    "end_eng": 0.00037291128275251543,
    "end_sup": 0.9997211518125482,
    "num_states": 72
}
