{
    "pdepth": 60,
    "end_eng": 0.002291194237272875,
    "end_sup": 0.9977291807155518,
    "num_states": 24
}
