{
    "pdepth": 60,
    "end_eng": 0.0002287036079055277,
    "end_sup": 0.9997854098727222,
    "num_states": 24
}
