{
    "pdepth": 60,
    "end_eng": 0.0001797228531417833,
    "end_sup": 0.9998272531119462,
    "num_states": 18
}
