{
    "pdepth": 60,
    "end_eng": 0.00045276372983878285,
    "end_sup": 0.9995918891416441,
    "num_states": 12
}
