{
    "pdepth": 60,
    "end_eng": 1.758278713535136e-5,
    "end_sup": 0.9999824172881877,
    "num_states": 16
}
