{
    "pdepth": 60,
    "end_eng": 6.726127076160954e-5,
    "end_sup": 0.999932739310956,
    "num_states": 24
}
