{
    "pdepth": 60,
    "end_eng": 0.00026354517696808674,
    "end_sup": 0.9997364666244593,
    "num_states": 48
}
