{
    "pdepth": 60,
    "end_eng": 0.00031753379775413814,
    "end_sup": 0.9996824914091741,
    "num_states": 144
}
