{
    "pdepth": 60,
    "end_eng": 0.00026684831610738444,
    "end_sup": 0.9997360123975187,
    "num_states": 24
}
