{
    "pdepth": 60,
    "end_eng": 6.3530287949257715e-6,
    "end_sup": 0.9999936469712052,
    "num_states": 9
}
