{
    "pdepth": 60,
    "end_eng": 3.910168485057479e-5,
    "end_sup": 0.9999608986098238,
    "num_states": 16
}
