{
    "pdepth": 60,
    "end_eng": 0.0007250333562857895,
    "end_sup": 0.9992936494458265,
    "num_states": 72
}
