{
    "pdepth": 60,
    "end_eng": 0.00018699416361265514,
    "end_sup": 0.9998824939515418,
    "num_states": 18
}
