{
    "pdepth": 60,
    "end_eng": 0.000125084378358355,
    "end_sup": 0.9998749195031985,
    "num_states": 18
}
