{
    "pdepth": 60,
    "end_eng": 2.4582169872320162e-5,
    "end_sup": 0.9999754179571714,
    "num_states": 24
}
