{
    "pdepth": 60,
    "end_eng": 4.610106758754333e-5,
    "end_sup": 0.9999538994294268,
    "num_states": 24
}
