{
    "pdepth": 60,
    "end_eng": 0.0012534463420869981,
    "end_sup": 0.9988272846769376,
    "num_states": 36
}
