{
    "pdepth": 60,
    "end_eng": 0.00015876689887706736,
    "end_sup": 0.9998412331011236,
    "num_states": 72
}
