{
    "pdepth": 60,
    "end_eng": 0.0012793363524920168,
    "end_sup": 0.9987848138535078,
    "num_states": 72
}
