{
    "pdepth": 60,
    "end_eng": 1.0193440998523163e-5,
    "end_sup": 0.9999898065590014,
    "num_states": 12
}
