{
    "pdepth": 60,
    "end_eng": 0.00016065110024711897,
    "end_sup": 0.9998393491989018,
    "num_states": 36
}
