{
    "pdepth": 60,
    "end_eng": 0.00016078626646831028,
    "end_sup": 0.9998648169804772,
    "num_states": 72
}
