{
    "pdepth": 60,
    "end_eng": 1.0193440998525531e-5,
    "end_sup": 0.9999898065590018,
    "num_states": 4
}
