{
    "pdepth": 60,
    "end_eng": 0.00018920344568788792,
    "end_sup": 0.9998690266725392,
    "num_states": 18
}
