{
    "pdepth": 60,
    "end_eng": 6.457917729274583e-5,
    "end_sup": 0.9999354212453029,
    "num_states": 24
}
