{
    "pdepth": 60,
    "end_eng": 0.0002979059184559196,
    "end_sup": 0.9997316013649755,
    "num_states": 24
}
