{
    "pdepth": 60,
    "end_eng": 0.00013510165643753502,
    "end_sup": 0.9998648983435627,
    "num_states": 36
}
