{
    "pdepth": 60,
    "end_eng": 0.00250754778310116,
    "end_sup": 0.9975052565166159,
    "num_states": 6
}
