{
    "pdepth": 60,
    "end_eng": 0.00015876689887707454,
    "end_sup": 0.9998412331011226,
    "num_states": 108
}
