{
    "pdepth": 60,
    "end_eng": 0.000936179110362285,
    "end_sup": 0.999085275047719,
    "num_states": 36
}
