{
    "pdepth": 60,
    "end_eng": 0.0001165821159178935,
    "end_sup": 0.9998834178840827,
    "num_states": 12
}
