{
    "pdepth": 60,
    "end_eng": 0.0011868961918123683,
    "end_sup": 0.9988431759860161,
    "num_states": 72
}
