{
    "pdepth": 60,
    "end_eng": 0.00026316911733249057,
    "end_sup": 0.9997456298481914,
    "num_states": 36
}
