{
    "pdepth": 60,
    "end_eng": 3.745205932132693e-5,
    "end_sup": 0.9999767772368191,
    "num_states": 12
}
