{
    "pdepth": 60,
    "end_eng": 0.002809737996013741,
    "end_sup": 0.9972132901521401,
    "num_states": 12
}
