{
    "pdepth": 60,
    "end_eng": 0.00021293092424759776,
    "end_sup": 0.9998085543734863,
    "num_states": 36
}
