{
    "pdepth": 60,
    "end_eng": 0.021239338607754014,
    "end_sup": 0.9788105388735909,
    "num_states": 72
}
