{
    "pdepth": 60,
    "end_eng": 1.7192823735486655e-5,
    "end_sup": 0.999982807176265,
    "num_states": 18
}
