{
    "pdepth": 60,
    "end_eng": 1.0193440998521906e-5,
    "end_sup": 0.9999898065590012,
    "num_states": 12
}
