{
    "pdepth": 60,
    "end_eng": 7.338551170277557e-5,
    "end_sup": 0.9999266151324417,
    "num_states": 18
}
