{
    "pdepth": 60,
    "end_eng": 0.00018920344568789657,
    "end_sup": 0.9998690266725397,
    "num_states": 18
}
