{
    "pdepth": 60,
    "end_eng": 0.0002399013972027725,
    "end_sup": 0.9998211581791734,
    "num_states": 36
}
