{
    "pdepth": 60,
    "end_eng": 0.00026404050302155594,
    "end_sup": 0.9997359594969786,
    "num_states": 36
}
