{
    "pdepth": 60,
    "end_eng": 0.00017972285314178223,
    "end_sup": 0.9998272531119463,
    "num_states": 36
}
