{
    "pdepth": 60,
    "end_eng": 0.0007407114882061482,
    "end_sup": 0.999299420149373,
    "num_states": 72
}
