{
    "pdepth": 60,
    "end_eng": 0.01056032634372955,
    "end_sup": 0.9895235427189573,
    "num_states": 36
}
