{
    "pdepth": 60,
    "end_eng": 0.011361314892300816,
    "end_sup": 0.9886827720347141,
    "num_states": 36
}
