{
    "pdepth": 60,
    "end_eng": 3.079244522210386e-5,
    "end_sup": 0.9999692076092469,
    "num_states": 12
}
