{
    "pdepth": 60,
    "end_eng": 0.0025943948794173613,
    "end_sup": 0.9974126041986812,
    "num_states": 12
}
