{
    "pdepth": 60,
    "end_eng": 7.389346136830533e-6,
    "end_sup": 0.9999926106538634,
    "num_states": 36
}
