{
    "pdepth": 60,
    "end_eng": 0.0019601210958031987,
    "end_sup": 0.9981097835975729,
    "num_states": 36
}
