{
    "pdepth": 60,
    "end_eng": 0.0003241754042701267,
    "end_sup": 0.9996823200868743,
    "num_states": 3
}
