{
    "pdepth": 60,
    "end_eng": 0.0009426754460833173,
    "end_sup": 0.9990703343409553,
    "num_states": 36
}
