{
    "pdepth": 60,
    "end_eng": 0.0002619019283416984,
    "end_sup": 0.9997854591013441,
    "num_states": 12
}
