{
    "pdepth": 60,
    "end_eng": 0.00035295343684179606,
    "end_sup": 0.9996613824529115,
    "num_states": 36
}
