{
    "pdepth": 60,
    "end_eng": 4.253642985567765e-5,
    "end_sup": 0.9999574635701443,
    "num_states": 9
}
