{
    "pdepth": 60,
    "end_eng": 0.003435482637273497,
    "end_sup": 0.9965715361827802,
    "num_states": 18
}
