{
    "pdepth": 60,
    "end_eng": 0.007646375644095315,
    "end_sup": 0.9929271960579056,
    "num_states": 48
}
