{
    "pdepth": 60,
    "end_eng": 0.0018178661023548215,
    "end_sup": 0.9982322970581876,
    "num_states": 36
}
