{
    "pdepth": 60,
    "end_eng": 0.00026999331467159656,
    "end_sup": 0.9998289739057632,
    "num_states": 24
}
