{
    "pdepth": 60,
    "end_eng": 0.0002640405030215558,
    "end_sup": 0.9997359594969784,
    "num_states": 72
}
