{
    "pdepth": 60,
    "end_eng": 1.719282373548744e-5,
    "end_sup": 0.9999828071762648,
    "num_states": 6
}
