{
    "pdepth": 60,
    "end_eng": 0.00020654391903460098,
    "end_sup": 0.9998248272688549,
    "num_states": 48
}
