{
    "pdepth": 60,
    "end_eng": 1.7192823735488048e-5,
    "end_sup": 0.9999828071762646,
    "num_states": 6
}
