{
    "pdepth": 60,
    "end_eng": 0.006263326463318751,
    "end_sup": 0.9937763271482895,
    "num_states": 24
}
