{
    "pdepth": 14,
    "end_eng": 0.015610852660219691,
    "end_sup": 0.984923538341965,
    "num_states": 216
}
