{
    "pdepth": 14,
    "end_eng": 0.0339488713241297,
    "end_sup": 0.9675235717717389,
    "num_states": 576
}
