{
    "pdepth": 14,
    "end_eng": 0.6650461374060816,
    "end_sup": 0.401818892682044,
    "num_states": 576
}
