{
    "pdepth": 14,
    "end_eng": 0.3001996372488969,
    "end_sup": 0.7719629314837816,
    "num_states": 108
}
