{
    "pdepth": 14,
    "end_eng": 0.027012640493686537,
    "end_sup": 0.9801639842290577,
    "num_states": 324
}
