{
    "pdepth": 14,
    "end_eng": 0.1663984857694853,
    "end_sup": 0.8499377659949011,
    "num_states": 96
}
