{
    "pdepth": 14,
    "end_eng": 0.04841892654854918,
    "end_sup": 0.9750655697723882,
    "num_states": 162
}
