{
    "pdepth": 14,
    "end_eng": 0.043389895427745996,
    "end_sup": 0.9636484230330825,
    "num_states": 162
}
