{
    "pdepth": 14,
    "end_eng": 0.20362682497296905,
    "end_sup": 0.822732326632893,
    "num_states": 216
}
