{
    "pdepth": 14,
    "end_eng": 0.11271720881254238,
    "end_sup": 0.895795460239783,
    "num_states": 432
}
