{
    "pdepth": 14,
    "end_eng": 0.5215705380072974,
    "end_sup": 0.5645560148354092,
    "num_states": 108
}
