{
    "pdepth": 14,
    "end_eng": 0.24834913568250264,
    "end_sup": 0.7695765289133355,
    "num_states": 216
}
