{
    "pdepth": 14,
    "end_eng": 0.004194303644291988,
    "end_sup": 0.9958083552625998,
    "num_states": 54
}
