{
    "pdepth": 14,
    "end_eng": 0.017482998818233605,
    "end_sup": 0.9825300038452088,
    "num_states": 324
}
