{
    "pdepth": 14,
    "end_eng": 0.038835769529647644,
    "end_sup": 0.9630207163270548,
    "num_states": 216
}
