{
    "pdepth": 14,
    "end_eng": 0.21002152024082305,
    "end_sup": 0.8293778366483795,
    "num_states": 192
}
