{
    "pdepth": 14,
    "end_eng": 0.015776803150528707,
    "end_sup": 0.9870126393325793,
    "num_states": 432
}
