{
    "pdepth": 14,
    "end_eng": 0.05153892838534246,
    "end_sup": 0.9719546490034651,
    "num_states": 288
}
