{
    "pdepth": 14,
    "end_eng": 0.029540142126705176,
    "end_sup": 0.9761326290452944,
    "num_states": 324
}
