{
    "pdepth": 14,
    "end_eng": 0.3150747912654333,
    "end_sup": 0.7029582710388985,
    "num_states": 144
}
