{
    "pdepth": 14,
    "end_eng": 0.5011116297018097,
    "end_sup": 0.5148827288927674,
    "num_states": 324
}
