{
    "pdepth": 14,
    "end_eng": 0.03217826797079136,
    "end_sup": 0.975780853643204,
    "num_states": 288
}
