{
    "pdepth": 14,
    "end_eng": 0.026264014067051325,
    "end_sup": 0.973940542983095,
    "num_states": 864
}
