{
    "pdepth": 14,
    "end_eng": 0.055148072323319544,
    "end_sup": 0.9590938885296203,
    "num_states": 108
}
