{
    "pdepth": 14,
    "end_eng": 0.023952335628683676,
    "end_sup": 0.9761078882370865,
    "num_states": 108
}
