{
    "pdepth": 14,
    "end_eng": 0.01969461666286525,
    "end_sup": 0.9809192131913176,
    "num_states": 432
}
