{
    "pdepth": 14,
    "end_eng": 0.041333501697785664,
    "end_sup": 0.9637278357022621,
    "num_states": 108
}
