{
    "pdepth": 14,
    "end_eng": 0.03383963465454159,
    "end_sup": 0.9670198726295439,
    "num_states": 432
}
