{
    "pdepth": 14,
    "end_eng": 0.37483026324569885,
    "end_sup": 0.7061496165237607,
    "num_states": 288
}
