{
    "pdepth": 14,
    "end_eng": 0.14692246494940847,
    "end_sup": 0.8591094458446763,
    "num_states": 243
}
