{
    "pdepth": 14,
    "end_eng": 0.0059704879858784084,
    "end_sup": 0.9940340625711648,
    "num_states": 324
}
