{
    "pdepth": 14,
    "end_eng": 0.33964542799568576,
    "end_sup": 0.6721028041157509,
    "num_states": 324
}
