{
    "pdepth": 14,
    "end_eng": 0.03905283273932985,
    "end_sup": 0.9718192439653861,
    "num_states": 288
}
