{
    "pdepth": 14,
    "end_eng": 0.006033897161931937,
    "end_sup": 0.9939766278723243,
    "num_states": 72
}
