{
    "pdepth": 14,
    "end_eng": 0.03909476974950555,
    "end_sup": 0.9790310670621661,
    "num_states": 216
}
