{
    "pdepth": 14,
    "end_eng": 0.4946334917266931,
    "end_sup": 0.527843680995066,
    "num_states": 1152
}
