{
    "pdepth": 14,
    "end_eng": 0.4212311526069301,
    "end_sup": 0.5921018977269407,
    "num_states": 108
}
