{
    "pdepth": 14,
    "end_eng": 0.15288585899596113,
    "end_sup": 0.8863236368479939,
    "num_states": 432
}
