{
    "pdepth": 14,
    "end_eng": 0.2329242011798827,
    "end_sup": 0.7752627568964489,
    "num_states": 288
}
