{
    "pdepth": 14,
    "end_eng": 0.305971602693098,
    "end_sup": 0.7263244588347465,
    "num_states": 72
}
