{
    "pdepth": 14,
    "end_eng": 0.052184855935548294,
    "end_sup": 0.9539532463575374,
    "num_states": 1152
}
