{
    "pdepth": 14,
    "end_eng": 0.03162316618841637,
    "end_sup": 0.9699307460244436,
    "num_states": 432
}
