{
    "pdepth": 14,
    "end_eng": 0.0025257623172671613,
    "end_sup": 0.9974755978176175,
    "num_states": 288
}
