{
    "pdepth": 14,
    "end_eng": 0.013503850876141508,
    "end_sup": 0.9865304324499417,
    "num_states": 648
}
