{
    "pdepth": 14,
    "end_eng": 0.09565649478367536,
    "end_sup": 0.9173004685656042,
    "num_states": 864
}
