{
    "pdepth": 14,
    "end_eng": 0.09672821600064388,
    "end_sup": 0.9082290275130276,
    "num_states": 216
}
