{
    "pdepth": 14,
    "end_eng": 0.03327984016822846,
    "end_sup": 0.9740247228068369,
    "num_states": 288
}
