{
    "pdepth": 14,
    "end_eng": 0.03143249686467872,
    "end_sup": 0.9688584920514505,
    "num_states": 432
}
