{
    "pdepth": 14,
    "end_eng": 0.0043506987673585015,
    "end_sup": 0.9956523989790255,
    "num_states": 216
}
