{
    "pdepth": 14,
    "end_eng": 0.0948282683279845,
    "end_sup": 0.946840239589995,
    "num_states": 144
}
