{
    "pdepth": 14,
    "end_eng": 0.02023851584929723,
    "end_sup": 0.9824687052730942,
    "num_states": 768
}
