{
    "pdepth": 14,
    "end_eng": 0.3998474276932691,
    "end_sup": 0.6096119602722104,
    "num_states": 108
}
