{
    "pdepth": 14,
    "end_eng": 0.038936245624606965,
    "end_sup": 0.9665196295831724,
    "num_states": 162
}
