{
    "pdepth": 14,
    "end_eng": 0.03800634510643889,
    "end_sup": 0.9655810271438252,
    "num_states": 144
}
