{
    "pdepth": 14,
    "end_eng": 0.019089810741492644,
    "end_sup": 0.9817514773108936,
    "num_states": 144
}
