{
    "pdepth": 14,
    "end_eng": 0.08898092494106276,
    "end_sup": 0.9398276573096748,
    "num_states": 216
}
