{
    "pdepth": 14,
    "end_eng": 0.02158928873840836,
    "end_sup": 0.9815085855754466,
    "num_states": 1944
}
