{
    "pdepth": 14,
    "end_eng": 0.025871889933014838,
    "end_sup": 0.9746625904507189,
    "num_states": 432
}
