{
    "pdepth": 14,
    "end_eng": 0.030971108817957088,
    "end_sup": 0.9718142293057616,
    "num_states": 432
}
