{
    "pdepth": 14,
    "end_eng": 0.03190924779380903,
    "end_sup": 0.9720376207258943,
    "num_states": 432
}
