{
    "pdepth": 14,
    "end_eng": 0.27323461765985957,
    "end_sup": 0.7855120173486595,
    "num_states": 108
}
