{
    "pdepth": 14,
    "end_eng": 0.11092094803428507,
    "end_sup": 0.8983839211013107,
    "num_states": 432
}
