{
    "pdepth": 14,
    "end_eng": 0.6131232454284432,
    "end_sup": 0.4125002987703536,
    "num_states": 1536
}
