{
    "pdepth": 14,
    "end_eng": 0.025198221186629535,
    "end_sup": 0.9774130897584857,
    "num_states": 324
}
