{
    "pdepth": 14,
    "end_eng": 0.013058843847316117,
    "end_sup": 0.9903004602268662,
    "num_states": 72
}
