{
    "pdepth": 14,
    "end_eng": 0.012363156777602236,
    "end_sup": 0.9881458863418273,
    "num_states": 144
}
