{
    "pdepth": 14,
    "end_eng": 0.4922295263969705,
    "end_sup": 0.5331394280035477,
    "num_states": 432
}
