{
    "pdepth": 14,
    "end_eng": 0.05094701298915509,
    "end_sup": 0.9585594455681505,
    "num_states": 216
}
