{
    "pdepth": 14,
    "end_eng": 0.020718785913733023,
    "end_sup": 0.9824748485588252,
    "num_states": 1152
}
