{
    "pdepth": 14,
    "end_eng": 0.234428385558792,
    "end_sup": 0.7882143143722334,
    "num_states": 108
}
