{
    "pdepth": 14,
    "end_eng": 0.6320172023834096,
    "end_sup": 0.4120121300040143,
    "num_states": 576
}
