{
    "pdepth": 14,
    "end_eng": 0.3261270879579645,
    "end_sup": 0.6849352369451454,
    "num_states": 96
}
