{
    "pdepth": 14,
    "end_eng": 0.32504966650229355,
    "end_sup": 0.6967556430990997,
    "num_states": 216
}
