{
    "pdepth": 14,
    "end_eng": 0.0044117907705845385,
    "end_sup": 0.9955943304586449,
    "num_states": 144
}
