{
    "pdepth": 14,
    "end_eng": 0.0642517438515199,
    "end_sup": 0.9420844110944957,
    "num_states": 432
}
