{
    "pdepth": 14,
    "end_eng": 0.057816068439759616,
    "end_sup": 0.957646049222023,
    "num_states": 108
}
