{
    "pdepth": 14,
    "end_eng": 0.12567810781213007,
    "end_sup": 0.8788990815212127,
    "num_states": 216
}
