{
    "pdepth": 14,
    "end_eng": 0.03334184039549499,
    "end_sup": 0.9690579514115816,
    "num_states": 432
}
