{
    "pdepth": 14,
    "end_eng": 0.022936118347986062,
    "end_sup": 0.9779792359288597,
    "num_states": 486
}
