{
    "pdepth": 14,
    "end_eng": 0.34258253646788744,
    "end_sup": 0.6744767206012137,
    "num_states": 144
}
