{
    "pdepth": 14,
    "end_eng": 0.08195587097979928,
    "end_sup": 0.9360900568932924,
    "num_states": 648
}
