{
    "pdepth": 14,
    "end_eng": 0.14660722344284866,
    "end_sup": 0.9016074688625962,
    "num_states": 216
}
