{
    "pdepth": 14,
    "end_eng": 0.05636931453764218,
    "end_sup": 0.9510650982254352,
    "num_states": 108
}
