{
    "pdepth": 14,
    "end_eng": 0.10128955004603252,
    "end_sup": 0.9056783474060234,
    "num_states": 144
}
