{
    "pdepth": 14,
    "end_eng": 0.027099913867292134,
    "end_sup": 0.9791466451319392,
    "num_states": 432
}
