{
    "pdepth": 14,
    "end_eng": 0.14688431902941732,
    "end_sup": 0.8779515953601529,
    "num_states": 216
}
