{
    "pdepth": 14,
    "end_eng": 0.20902789200143304,
    "end_sup": 0.799591565550902,
    "num_states": 864
}
