{
    "pdepth": 14,
    "end_eng": 0.03357681944431572,
    "end_sup": 0.9695834836818744,
    "num_states": 432
}
