{
    "pdepth": 14,
    "end_eng": 0.017629868991444444,
    "end_sup": 0.9872470772279672,
    "num_states": 432
}
