{
    "pdepth": 14,
    "end_eng": 0.06427374380220803,
    "end_sup": 0.974759480128055,
    "num_states": 108
}
