{
    "pdepth": 14,
    "end_eng": 0.4127629941391898,
    "end_sup": 0.6646749687456148,
    "num_states": 192
}
