{
    "pdepth": 14,
    "end_eng": 0.17399832786816988,
    "end_sup": 0.8517004775422786,
    "num_states": 216
}
