{
    "pdepth": 14,
    "end_eng": 0.059834928007206536,
    "end_sup": 0.9427404467442425,
    "num_states": 216
}
