{
    "pdepth": 14,
    "end_eng": 0.0714625010970119,
    "end_sup": 0.9351122558153386,
    "num_states": 192
}
