{
    "pdepth": 14,
    "end_eng": 0.04252939440366286,
    "end_sup": 0.9725342237692696,
    "num_states": 162
}
