{
    "pdepth": 14,
    "end_eng": 0.04295580606821615,
    "end_sup": 0.9665836971874873,
    "num_states": 864
}
