{
    "pdepth": 14,
    "end_eng": 0.11893128257824805,
    "end_sup": 0.8921677823278894,
    "num_states": 216
}
