{
    "pdepth": 14,
    "end_eng": 0.09008525857746637,
    "end_sup": 0.9275682856389007,
    "num_states": 648
}
