{
    "pdepth": 14,
    "end_eng": 0.1343857600139594,
    "end_sup": 0.8740616987516859,
    "num_states": 324
}
