{
    "pdepth": 14,
    "end_eng": 0.10345255732825269,
    "end_sup": 0.9395775154874672,
    "num_states": 96
}
