{
    "pdepth": 14,
    "end_eng": 0.21517005287683605,
    "end_sup": 0.8101524578116601,
    "num_states": 2048
}
