{
    "pdepth": 14,
    "end_eng": 0.052117710452456674,
    "end_sup": 0.9544421787827442,
    "num_states": 1024
}
