{
    "pdepth": 14,
    "end_eng": 0.08469223639061578,
    "end_sup": 0.9345093176218284,
    "num_states": 1024
}
