{
    "pdepth": 14,
    "end_eng": 0.17517016387706696,
    "end_sup": 0.9225011851823715,
    "num_states": 256
}
