{
    "pdepth": 14,
    "end_eng": 0.2264924759789914,
    "end_sup": 0.8082555348837084,
    "num_states": 512
}
