{
    "pdepth": 14,
    "end_eng": 0.15740664670039256,
    "end_sup": 0.8883531583694333,
    "num_states": 512
}
