{
    "pdepth": 14,
    "end_eng": 0.13350494564614648,
    "end_sup": 0.8795112522273087,
    "num_states": 1024
}
