{
    "pdepth": 14,
    "end_eng": 0.07386561470015815,
    "end_sup": 0.946318919005269,
    "num_states": 1024
}
