{
    "pdepth": 14,
    "end_eng": 0.16855634956672005,
    "end_sup": 0.8655772300363354,
    "num_states": 1024
}
