{
    "pdepth": 14,
    "end_eng": 0.2592657061047001,
    "end_sup": 0.7737308317255349,
    "num_states": 512
}
