{
    "pdepth": 14,
    "end_eng": 0.14536093456861832,
    "end_sup": 0.8776263916201111,
    "num_states": 512
}
