{
    "pdepth": 14,
    "end_eng": 0.18806702832376737,
    "end_sup": 0.8272200115494303,
    "num_states": 1024
}
