{
    "pdepth": 14,
    "end_eng": 0.07830735895684404,
    "end_sup": 0.9369626821545182,
    "num_states": 512
}
