{
    "pdepth": 14,
    "end_eng": 0.5434597681966467,
    "end_sup": 0.5003228322129499,
    "num_states": 512
}
