{
    "pdepth": 14,
    "end_eng": 0.0837686938312451,
    "end_sup": 0.9276238707370976,
    "num_states": 512
}
