{
    "pdepth": 14,
    "end_eng": 0.16789018410420617,
    "end_sup": 0.875336811341075,
    "num_states": 256
}
