{
    "pdepth": 14,
    "end_eng": 0.04625195244239423,
    "end_sup": 0.9582646173916851,
    "num_states": 1024
}
