{
    "pdepth": 14,
    "end_eng": 0.19074211627082466,
    "end_sup": 0.8962955313596965,
    "num_states": 1024
}
