{
    "pdepth": 14,
    "end_eng": 0.10917056763689606,
    "end_sup": 0.9017438704435393,
    "num_states": 1024
}
