{
    "pdepth": 14,
    "end_eng": 0.07859140972845749,
    "end_sup": 0.9302974085957992,
    "num_states": 512
}
