{
    "pdepth": 14,
    "end_eng": 0.06505005086106025,
    "end_sup": 0.9466008421913312,
    "num_states": 512
}
