{
    "pdepth": 14,
    "end_eng": 0.4330773666332929,
    "end_sup": 0.6041191963760719,
    "num_states": 256
}
