{
    "pdepth": 14,
    "end_eng": 0.07407973426317746,
    "end_sup": 0.9558447088389435,
    "num_states": 128
}
