{
    "pdepth": 14,
    "end_eng": 0.10744050518074241,
    "end_sup": 0.9138325034281932,
    "num_states": 2048
}
