{
    "pdepth": 14,
    "end_eng": 0.33675194388453067,
    "end_sup": 0.692358235133006,
    "num_states": 256
}
