{
    "pdepth": 14,
    "end_eng": 0.19031026429461545,
    "end_sup": 0.9047161429977062,
    "num_states": 512
}
