{
    "pdepth": 14,
    "end_eng": 0.1819495971488963,
    "end_sup": 0.8320600430675549,
    "num_states": 1024
}
