{
    "pdepth": 14,
    "end_eng": 0.3940421356243756,
    "end_sup": 0.6277922608794599,
    "num_states": 512
}
