{
    "pdepth": 14,
    "end_eng": 0.2517153719878193,
    "end_sup": 0.7683553999782403,
    "num_states": 1024
}
