{
    "pdepth": 14,
    "end_eng": 0.09978916735669892,
    "end_sup": 0.9051446714786723,
    "num_states": 1024
}
