{
    "pdepth": 14,
    "end_eng": 0.084961193895459,
    "end_sup": 0.9187362124465579,
    "num_states": 1024
}
