{
    "pdepth": 14,
    "end_eng": 0.18146680495246129,
    "end_sup": 0.8441742592131316,
    "num_states": 1024
}
