{
    "pdepth": 14,
    "end_eng": 0.38310479740536935,
    "end_sup": 0.6455863180118102,
    "num_states": 1024
}
