{
    "pdepth": 14,
    "end_eng": 0.06366879007177434,
    "end_sup": 0.9507560615965607,
    "num_states": 1024
}
