{
    "pdepth": 14,
    "end_eng": 0.0865524673020617,
    "end_sup": 0.9259191745833734,
    "num_states": 1024
}
