{
    "pdepth": 14,
    "end_eng": 0.28244661672492505,
    "end_sup": 0.8208968771590035,
    "num_states": 512
}
