{
    "pdepth": 14,
    "end_eng": 0.37240862725379204,
    "end_sup": 0.6534483367011693,
    "num_states": 1024
}
