{
    "pdepth": 14,
    "end_eng": 0.1898187333068894,
    "end_sup": 0.8451852462277691,
    "num_states": 512
}
