{
    "pdepth": 14,
    "end_eng": 0.14175352930459095,
    "end_sup": 0.8902310729468002,
    "num_states": 1024
}
