{
    "pdepth": 14,
    "end_eng": 0.3481989721918628,
    "end_sup": 0.6742419789874937,
    "num_states": 512
}
