{
    "pdepth": 14,
    "end_eng": 0.29823212650547243,
    "end_sup": 0.7403777612450586,
    "num_states": 512
}
