{
    "pdepth": 14,
    "end_eng": 0.28685119397622905,
    "end_sup": 0.7402270450882846,
    "num_states": 1024
}
