{
    "pdepth": 14,
    "end_eng": 0.1647105618247825,
    "end_sup": 0.8626877825430147,
    "num_states": 1024
}
