{
    "pdepth": 14,
    "end_eng": 0.09127976309456363,
    "end_sup": 0.9326608211004245,
    "num_states": 512
}
