{
    "pdepth": 14,
    "end_eng": 0.2956566441715306,
    "end_sup": 0.8195676454250492,
    "num_states": 128
}
