{
    "pdepth": 14,
    "end_eng": 0.3481280311049374,
    "end_sup": 0.6834845785257715,
    "num_states": 256
}
