{
    "pdepth": 14,
    "end_eng": 0.1489567632863848,
    "end_sup": 0.8741050629891883,
    "num_states": 1024
}
