{
    "pdepth": 14,
    "end_eng": 0.12254681253319392,
    "end_sup": 0.886693106202618,
    "num_states": 512
}
