{
    "pdepth": 14,
    "end_eng": 0.1952605189261944,
    "end_sup": 0.8887498436957286,
    "num_states": 1024
}
