{
    "pdepth": 14,
    "end_eng": 0.15177834525953515,
    "end_sup": 0.8766693938773417,
    "num_states": 512
}
