{
    "pdepth": 14,
    "end_eng": 0.259983704685904,
    "end_sup": 0.7724244285186874,
    "num_states": 512
}
