{
    "pdepth": 14,
    "end_eng": 0.242898676007525,
    "end_sup": 0.8001195926445375,
    "num_states": 64
}
