{
    "pdepth": 14,
    "end_eng": 0.1570277695837746,
    "end_sup": 0.8722018445575661,
    "num_states": 256
}
