{
    "pdepth": 14,
    "end_eng": 0.09204156690435195,
    "end_sup": 0.9344185338239364,
    "num_states": 1024
}
