{
    "pdepth": 14,
    "end_eng": 0.22411426568325513,
    "end_sup": 0.7914410010926887,
    "num_states": 2048
}
