{
    "pdepth": 14,
    "end_eng": 0.07198098084595508,
    "end_sup": 0.9470040046975994,
    "num_states": 1024
}
