{
    "pdepth": 14,
    "end_eng": 0.08702961130497577,
    "end_sup": 0.9361695803043757,
    "num_states": 1024
}
