{
    "pdepth": 14,
    "end_eng": 0.1300379465907379,
    "end_sup": 0.902128214377384,
    "num_states": 512
}
