{
    "pdepth": 14,
    "end_eng": 0.1265720059531163,
    "end_sup": 0.897203187128384,
    "num_states": 2048
}
