{
    "pdepth": 14,
    "end_eng": 0.06836104342988107,
    "end_sup": 0.9362104365983539,
    "num_states": 1024
}
