{
    "pdepth": 14,
    "end_eng": 0.1831097943882879,
    "end_sup": 0.8456296324675072,
    "num_states": 1024
}
