{
    "pdepth": 14,
    "end_eng": 0.1759555653382071,
    "end_sup": 0.8417189847480909,
    "num_states": 512
}
