{
    "pdepth": 14,
    "end_eng": 0.29267819247988514,
    "end_sup": 0.7415967684529953,
    "num_states": 1024
}
