{
    "pdepth": 14,
    "end_eng": 0.1299865708975028,
    "end_sup": 0.9030038877746768,
    "num_states": 256
}
