{
    "pdepth": 14,
    "end_eng": 0.09611276147731113,
    "end_sup": 0.9154066871120515,
    "num_states": 2048
}
