{
    "pdepth": 14,
    "end_eng": 0.2410643620632037,
    "end_sup": 0.7766258950852638,
    "num_states": 1024
}
