{
    "pdepth": 14,
    "end_eng": 0.3897793682799232,
    "end_sup": 0.7064288641158887,
    "num_states": 512
}
