{
    "pdepth": 14,
    "end_eng": 0.08788885256323703,
    "end_sup": 0.9195193161878706,
    "num_states": 1024
}
