{
    "pdepth": 14,
    "end_eng": 0.1541849704576092,
    "end_sup": 0.868117848351361,
    "num_states": 512
}
