{
    "pdepth": 14,
    "end_eng": 0.07486780152550387,
    "end_sup": 0.9450540635644882,
    "num_states": 256
}
