{
    "pdepth": 14,
    "end_eng": 0.12190701952409183,
    "end_sup": 0.8979882328029172,
    "num_states": 512
}
