{
    "pdepth": 14,
    "end_eng": 0.2530927151407148,
    "end_sup": 0.783946967890393,
    "num_states": 256
}
