{
    "pdepth": 14,
    "end_eng": 0.11463655626041935,
    "end_sup": 0.9004566065587185,
    "num_states": 1024
}
