{
    "pdepth": 14,
    "end_eng": 0.2708849798123202,
    "end_sup": 0.7743218695182649,
    "num_states": 256
}
