{
    "pdepth": 14,
    "end_eng": 0.32412027767129425,
    "end_sup": 0.7122627411858121,
    "num_states": 1024
}
