{
    "pdepth": 14,
    "end_eng": 0.112736955835274,
    "end_sup": 0.9067988404776602,
    "num_states": 1024
}
