{
    "pdepth": 14,
    "end_eng": 0.1994738483472393,
    "end_sup": 0.8228073031065355,
    "num_states": 256
}
