{
    "pdepth": 14,
    "end_eng": 0.10239082629784874,
    "end_sup": 0.9088592601037551,
    "num_states": 1024
}
