{
    "pdepth": 14,
    "end_eng": 0.20394402673358947,
    "end_sup": 0.82159148118802,
    "num_states": 1024
}
