{
    "pdepth": 14,
    "end_eng": 0.17019924041386297,
    "end_sup": 0.8422544435337416,
    "num_states": 2048
}
