{
    "pdepth": 14,
    "end_eng": 0.0990479476813839,
    "end_sup": 0.921232555073239,
    "num_states": 256
}
