{
    "pdepth": 14,
    "end_eng": 0.09488743371644842,
    "end_sup": 0.9127502082527427,
    "num_states": 1024
}
