{
    "pdepth": 14,
    "end_eng": 0.3856814594031913,
    "end_sup": 0.6493312187571962,
    "num_states": 1024
}
