{
    "pdepth": 14,
    "end_eng": 0.10663158908288928,
    "end_sup": 0.9010814141670552,
    "num_states": 2048
}
