{
    "pdepth": 14,
    "end_eng": 0.0986002498625194,
    "end_sup": 0.9135048351937731,
    "num_states": 512
}
