{
    "pdepth": 14,
    "end_eng": 0.5774745997878009,
    "end_sup": 0.45216560615988743,
    "num_states": 1024
}
