{
    "pdepth": 14,
    "end_eng": 0.18457842091756987,
    "end_sup": 0.8486852103719783,
    "num_states": 512
}
