{
    "pdepth": 14,
    "end_eng": 0.09137863557271458,
    "end_sup": 0.9163288613695085,
    "num_states": 1024
}
