{
    "pdepth": 14,
    "end_eng": 0.15020771042264844,
    "end_sup": 0.8771028477686543,
    "num_states": 512
}
