{
    "pdepth": 14,
    "end_eng": 0.24378450637762739,
    "end_sup": 0.7689085444116903,
    "num_states": 512
}
