{
    "pdepth": 14,
    "end_eng": 0.34008847743663073,
    "end_sup": 0.7075198727947956,
    "num_states": 256
}
