{
    "pdepth": 14,
    "end_eng": 0.10463078208524086,
    "end_sup": 0.9125182901714052,
    "num_states": 512
}
