{
    "pdepth": 14,
    "end_eng": 0.3089709841415108,
    "end_sup": 0.7214289542426136,
    "num_states": 1024
}
