{
    "pdepth": 14,
    "end_eng": 0.1903102642946154,
    "end_sup": 0.9047161429977072,
    "num_states": 512
}
