{
    "pdepth": 14,
    "end_eng": 0.15703990171223559,
    "end_sup": 0.8858407589727489,
    "num_states": 256
}
