{
    "pdepth": 14,
    "end_eng": 0.2629042033732197,
    "end_sup": 0.7688427098812753,
    "num_states": 512
}
