{
    "pdepth": 14,
    "end_eng": 0.19137698962823843,
    "end_sup": 0.8300754745325785,
    "num_states": 512
}
