{
    "pdepth": 14,
    "end_eng": 0.16902390748823595,
    "end_sup": 0.8439022975660224,
    "num_states": 512
}
