{
    "pdepth": 14,
    "end_eng": 0.07733765575485783,
    "end_sup": 0.940583291589186,
    "num_states": 1024
}
