{
    "pdepth": 60,
    "end_eng": 0.002176134544732395,
    "end_sup": 0.998169596015265,
    "num_states": 256
}
