{
    "pdepth": 60,
    "end_eng": 0.0030964501473715817,
    "end_sup": 0.9969895185790789,
    "num_states": 1024
}
