{
    "pdepth": 60,
    "end_eng": 0.003183374051759994,
    "end_sup": 0.9969204949899877,
    "num_states": 256
}
