{
    "pdepth": 60,
    "end_eng": 0.0034338254721655924,
    "end_sup": 0.9968840475933964,
    "num_states": 256
}
