{
    "pdepth": 60,
    "end_eng": 0.008517564844638281,
    "end_sup": 0.9922522816860435,
    "num_states": 256
}
