{
    "pdepth": 60,
    "end_eng": 0.0014984078330504665,
    "end_sup": 0.998561267987869,
    "num_states": 128
}
