{
    "pdepth": 60,
    "end_eng": 0.012187043239984159,
    "end_sup": 0.9881003424822304,
    "num_states": 256
}
