{
    "pdepth": 60,
    "end_eng": 0.003935308599481441,
    "end_sup": 0.9961655480061207,
    "num_states": 128
}
