{
    "pdepth": 60,
    "end_eng": 0.004134992410298908,
    "end_sup": 0.9960364263598374,
    "num_states": 1024
}
