{
    "pdepth": 60,
    "end_eng": 0.006192749780634641,
    "end_sup": 0.996081575556865,
    "num_states": 64
}
