{
    "pdepth": 60,
    "end_eng": 0.003050136946990251,
    "end_sup": 0.9971941176384159,
    "num_states": 512
}
