{
    "pdepth": 60,
    "end_eng": 0.004136814912029286,
    "end_sup": 0.9979985178287376,
    "num_states": 256
}
