{
    "pdepth": 60,
    "end_eng": 0.009247797812719354,
    "end_sup": 0.9910927312511773,
    "num_states": 64
}
