{
    "pdepth": 60,
    "end_eng": 0.002867307951576759,
    "end_sup": 0.9974183238197846,
    "num_states": 512
}
