{
    "pdepth": 60,
    "end_eng": 0.007711440440522554,
    "end_sup": 0.9935504835296181,
    "num_states": 256
}
