{
    "pdepth": 60,
    "end_eng": 0.003994278744856512,
    "end_sup": 0.9963252097584795,
    "num_states": 512
}
