{
    "pdepth": 60,
    "end_eng": 0.0031951487618293584,
    "end_sup": 0.9969520753338795,
    "num_states": 512
}
