{
    "pdepth": 60,
    "end_eng": 0.006083828447106673,
    "end_sup": 0.995885984277401,
    "num_states": 256
}
