{
    "pdepth": 60,
    "end_eng": 0.002575126566911318,
    "end_sup": 0.9975876055609096,
    "num_states": 512
}
