{
    "pdepth": 60,
    "end_eng": 0.003206367390046665,
    "end_sup": 0.997666005011068,
    "num_states": 128
}
