{
    "pdepth": 60,
    "end_eng": 0.0032666992153516025,
    "end_sup": 0.9968197422726008,
    "num_states": 1024
}
