{
    "pdepth": 60,
    "end_eng": 0.00318144278349525,
    "end_sup": 0.9982252266362763,
    "num_states": 512
}
