{
    "pdepth": 60,
    "end_eng": 0.003656903420062507,
    "end_sup": 0.9964306216187557,
    "num_states": 2048
}
