{
    "pdepth": 60,
    "end_eng": 0.0014984078330504544,
    "end_sup": 0.9985612679878693,
    "num_states": 128
}
