{
    "pdepth": 60,
    "end_eng": 0.004241007977917458,
    "end_sup": 0.9971993564717873,
    "num_states": 128
}
