{
    "pdepth": 60,
    "end_eng": 0.003590459714238671,
    "end_sup": 0.9976820820808359,
    "num_states": 512
}
