{
    "pdepth": 60,
    "end_eng": 0.0195128830627952,
    "end_sup": 0.9825286458139779,
    "num_states": 32
}
