{
    "pdepth": 60,
    "end_eng": 0.004464877370410489,
    "end_sup": 0.9969911269182645,
    "num_states": 64
}
