{
    "pdepth": 60,
    "end_eng": 0.007609180097873959,
    "end_sup": 0.9928354314004975,
    "num_states": 512
}
