{
    "pdepth": 60,
    "end_eng": 0.002350542238406265,
    "end_sup": 0.9977996049792106,
    "num_states": 512
}
