{
    "pdepth": 60,
    "end_eng": 0.0021457850101297875,
    "end_sup": 0.9979323962791417,
    "num_states": 128
}
