{
    "pdepth": 60,
    "end_eng": 0.002429060083338508,
    "end_sup": 0.998463677250919,
    "num_states": 64
}
