{
    "pdepth": 60,
    "end_eng": 0.01781062924074549,
    "end_sup": 0.9837301110405022,
    "num_states": 128
}
