{
    "pdepth": 60,
    "end_eng": 0.0037778137611270586,
    "end_sup": 0.9985016800072595,
    "num_states": 128
}
