{
    "pdepth": 60,
    "end_eng": 0.0023505422384062537,
    "end_sup": 0.9977996049792093,
    "num_states": 1024
}
