{
    "pdepth": 60,
    "end_eng": 0.0022495292836802227,
    "end_sup": 0.9978119569202297,
    "num_states": 512
}
