{
    "pdepth": 60,
    "end_eng": 0.02516699281022445,
    "end_sup": 0.9762283481581284,
    "num_states": 128
}
