{
    "pdepth": 60,
    "end_eng": 0.004212993778465802,
    "end_sup": 0.9971307198078389,
    "num_states": 256
}
