{
    "pdepth": 60,
    "end_eng": 0.013671741274211655,
    "end_sup": 0.9875742744568021,
    "num_states": 128
}
