{
    "pdepth": 60,
    "end_eng": 0.004337802172824458,
    "end_sup": 0.9969340964847709,
    "num_states": 256
}
