{
    "pdepth": 60,
    "end_eng": 0.0038668067782355315,
    "end_sup": 0.9979566488319495,
    "num_states": 256
}
