{
    "pdepth": 60,
    "end_eng": 0.0016900292322864175,
    "end_sup": 0.9984296206685508,
    "num_states": 128
}
