{
    "pdepth": 60,
    "end_eng": 0.047965335759241834,
    "end_sup": 0.9528013354074703,
    "num_states": 256
}
