{
    "pdepth": 60,
    "end_eng": 0.02238701922376297,
    "end_sup": 0.9795264201742881,
    "num_states": 32
}
