{
    "pdepth": 60,
    "end_eng": 0.005624056800968835,
    "end_sup": 0.994554519841839,
    "num_states": 256
}
