{
    "pdepth": 60,
    "end_eng": 0.0028473695569845737,
    "end_sup": 0.9975997200652948,
    "num_states": 256
}
