{
    "pdepth": 60,
    "end_eng": 0.049847070316806984,
    "end_sup": 0.951385486197469,
    "num_states": 128
}
