{
    "pdepth": 60,
    "end_eng": 0.0037631625273422268,
    "end_sup": 0.9966973400456236,
    "num_states": 512
}
