{
    "pdepth": 60,
    "end_eng": 0.0022352732526780255,
    "end_sup": 0.9980024924326947,
    "num_states": 256
}
