{
    "pdepth": 60,
    "end_eng": 0.002494526383292372,
    "end_sup": 0.9975401094435489,
    "num_states": 256
}
