{
    "pdepth": 60,
    "end_eng": 0.006979141821231951,
    "end_sup": 0.9933881051317202,
    "num_states": 256
}
