{
    "pdepth": 60,
    "end_eng": 0.0049037127253707255,
    "end_sup": 0.9957983109699526,
    "num_states": 256
}
