{
    "pdepth": 60,
    "end_eng": 0.019384680550182234,
    "end_sup": 0.9937021108980155,
    "num_states": 128
}
