{
    "pdepth": 60,
    "end_eng": 0.06489252834812867,
    "end_sup": 0.9359116516523203,
    "num_states": 256
}
