{
    "pdepth": 60,
    "end_eng": 0.1273066017976474,
    "end_sup": 0.8733848992818241,
    "num_states": 256
}
