{
    "pdepth": 60,
    "end_eng": 0.0023514954597033556,
    "end_sup": 0.9978575637506824,
    "num_states": 512
}
