{
    "pdepth": 60,
    "end_eng": 0.0026213181405099735,
    "end_sup": 0.9977232294612994,
    "num_states": 128
}
