{
    "pdepth": 60,
    "end_eng": 0.003602246509907475,
    "end_sup": 0.9982598415813522,
    "num_states": 256
}
