{
    "pdepth": 60,
    "end_eng": 0.003860345739943127,
    "end_sup": 0.9963482234496258,
    "num_states": 256
}
