{
    "pdepth": 60,
    "end_eng": 0.0031301305680947206,
    "end_sup": 0.9969627159673826,
    "num_states": 128
}
