{
    "pdepth": 60,
    "end_eng": 0.0019008554799222804,
    "end_sup": 0.9982936463633474,
    "num_states": 128
}
