{
    "pdepth": 60,
    "end_eng": 0.02270940761135894,
    "end_sup": 0.9777354702743313,
    "num_states": 128
}
