{
    "pdepth": 60,
    "end_eng": 0.03575536445074916,
    "end_sup": 0.9798571665307678,
    "num_states": 128
}
