{
    "pdepth": 60,
    "end_eng": 0.002979024277167555,
    "end_sup": 0.9972606069364325,
    "num_states": 256
}
