{
    "pdepth": 60,
    "end_eng": 0.04680238503748041,
    "end_sup": 0.9540683231098845,
    "num_states": 64
}
