{
    "pdepth": 60,
    "end_eng": 0.0019348980922714184,
    "end_sup": 0.9982307595644698,
    "num_states": 64
}
