{
    "pdepth": 60,
    "end_eng": 0.0038817584883135666,
    "end_sup": 0.997249972717163,
    "num_states": 512
}
