{
    "pdepth": 60,
    "end_eng": 0.022180292679675133,
    "end_sup": 0.9786444342489046,
    "num_states": 128
}
