{
    "pdepth": 60,
    "end_eng": 0.019090377034790645,
    "end_sup": 0.9814983788997833,
    "num_states": 512
}
