{
    "pdepth": 60,
    "end_eng": 0.0025446609720710346,
    "end_sup": 0.9977086343923598,
    "num_states": 256
}
