{
    "pdepth": 60,
    "end_eng": 0.003763162527342228,
    "end_sup": 0.9966973400456228,
    "num_states": 512
}
