{
    "pdepth": 60,
    "end_eng": 0.0012774994750224594,
    "end_sup": 0.9987230979134064,
    "num_states": 128
}
