{
    "pdepth": 60,
    "end_eng": 0.012492177218389508,
    "end_sup": 0.9892462958291701,
    "num_states": 256
}
