{
    "pdepth": 60,
    "end_eng": 0.02144371387720522,
    "end_sup": 0.9907001564073727,
    "num_states": 256
}
