{
    "pdepth": 60,
    "end_eng": 0.004375309366854043,
    "end_sup": 0.9960325702371682,
    "num_states": 128
}
