{
    "pdepth": 60,
    "end_eng": 0.0014974546117533525,
    "end_sup": 0.9985032683429952,
    "num_states": 256
}
