{
    "pdepth": 60,
    "end_eng": 0.10657145074189256,
    "end_sup": 0.8950533390511606,
    "num_states": 128
}
