{
    "pdepth": 60,
    "end_eng": 0.009915664626083644,
    "end_sup": 0.9913105162034108,
    "num_states": 128
}
