{
    "pdepth": 60,
    "end_eng": 0.0034189489435370994,
    "end_sup": 0.9978570843367035,
    "num_states": 256
}
