{
    "pdepth": 60,
    "end_eng": 0.0032530815839943543,
    "end_sup": 0.9970387418881483,
    "num_states": 256
}
