{
    "pdepth": 60,
    "end_eng": 0.051862985451370386,
    "end_sup": 0.9487584805299553,
    "num_states": 256
}
