{
    "pdepth": 60,
    "end_eng": 0.0028263168883744102,
    "end_sup": 0.9973797558870354,
    "num_states": 128
}
