{
    "pdepth": 60,
    "end_eng": 0.004337530746176688,
    "end_sup": 0.996113506404711,
    "num_states": 512
}
