{
    "pdepth": 60,
    "end_eng": 0.0031951487618293826,
    "end_sup": 0.9969520753338794,
    "num_states": 256
}
