{
    "pdepth": 60,
    "end_eng": 0.02488635567894522,
    "end_sup": 0.9768594585632007,
    "num_states": 128
}
