{
    "pdepth": 60,
    "end_eng": 0.0018034724265017029,
    "end_sup": 0.9985244337784692,
    "num_states": 256
}
