{
    "pdepth": 60,
    "end_eng": 0.003950549893177439,
    "end_sup": 0.9976408653934234,
    "num_states": 128
}
