{
    "pdepth": 60,
    "end_eng": 0.022170584815950453,
    "end_sup": 0.9790645425545477,
    "num_states": 256
}
