{
    "pdepth": 60,
    "end_eng": 0.003403990367780359,
    "end_sup": 0.9969778161433731,
    "num_states": 256
}
