{
    "pdepth": 60,
    "end_eng": 0.010839209684732976,
    "end_sup": 0.9905085195494926,
    "num_states": 64
}
