{
    "pdepth": 60,
    "end_eng": 0.002971654492391674,
    "end_sup": 0.9970816728371252,
    "num_states": 128
}
