{
    "pdepth": 60,
    "end_eng": 0.004463346193410856,
    "end_sup": 0.9957993883338141,
    "num_states": 256
}
