{
    "pdepth": 60,
    "end_eng": 0.00357183766659779,
    "end_sup": 0.997732909327305,
    "num_states": 128
}
