{
    "pdepth": 60,
    "end_eng": 0.0021849223622004013,
    "end_sup": 0.9979771780338167,
    "num_states": 256
}
