{
    "pdepth": 60,
    "end_eng": 0.002374411904091026,
    "end_sup": 0.9978785620931345,
    "num_states": 128
}
