{
    "pdepth": 60,
    "end_eng": 0.003925344686386436,
    "end_sup": 0.9961223072677572,
    "num_states": 256
}
