{
    "pdepth": 60,
    "end_eng": 0.0058890724934474335,
    "end_sup": 0.9950570667014291,
    "num_states": 512
}
