{
    "pdepth": 60,
    "end_eng": 0.009386549757583927,
    "end_sup": 0.9921025628538505,
    "num_states": 128
}
