{
    "pdepth": 60,
    "end_eng": 0.0035904597142386706,
    "end_sup": 0.9976820820808356,
    "num_states": 512
}
