{
    "pdepth": 14,
    "end_eng": 0.22782567134721543,
    "end_sup": 0.8047545109819914,
    "num_states": 288
}
