{
    "pdepth": 14,
    "end_eng": 0.482030291731289,
    "end_sup": 0.5292975212384182,
    "num_states": 144
}
