{
    "pdepth": 14,
    "end_eng": 0.1312525464493819,
    "end_sup": 0.9009059371335122,
    "num_states": 288
}
