{
    "pdepth": 14,
    "end_eng": 0.05632553527290061,
    "end_sup": 0.9571348350532846,
    "num_states": 144
}
