{
    "pdepth": 14,
    "end_eng": 0.01691808228710067,
    "end_sup": 0.9839699757405156,
    "num_states": 324
}
