{
    "pdepth": 14,
    "end_eng": 0.03393843406614961,
    "end_sup": 0.9671742315633294,
    "num_states": 48
}
