{
    "pdepth": 14,
    "end_eng": 0.013269837938245528,
    "end_sup": 0.9873417054473379,
    "num_states": 288
}
