{
    "pdepth": 14,
    "end_eng": 0.0943372671214885,
    "end_sup": 0.9350667440392237,
    "num_states": 108
}
