{
    "pdepth": 14,
    "end_eng": 0.020596863014575473,
    "end_sup": 0.9815590093526898,
    "num_states": 108
}
