{
    "pdepth": 14,
    "end_eng": 0.0996168440568964,
    "end_sup": 0.9069568846580612,
    "num_states": 216
}
