{
    "pdepth": 14,
    "end_eng": 0.07145828900782328,
    "end_sup": 0.9405938694090903,
    "num_states": 144
}
