{
    "pdepth": 14,
    "end_eng": 0.018982546493774042,
    "end_sup": 0.9827231527023638,
    "num_states": 216
}
