{
    "pdepth": 14,
    "end_eng": 0.08559370548837686,
    "end_sup": 0.9320139783096236,
    "num_states": 144
}
