{
    "pdepth": 14,
    "end_eng": 0.14908333360748716,
    "end_sup": 0.8618300548078546,
    "num_states": 72
}
