{
    "pdepth": 14,
    "end_eng": 0.12240784274150385,
    "end_sup": 0.9073527125615742,
    "num_states": 12
}
