{
    "pdepth": 14,
    "end_eng": 0.025771833290744728,
    "end_sup": 0.9814596133929367,
    "num_states": 54
}
