{
    "pdepth": 14,
    "end_eng": 0.030829982277036257,
    "end_sup": 0.9733747877218434,
    "num_states": 288
}
