{
    "pdepth": 14,
    "end_eng": 0.016358762122059677,
    "end_sup": 0.9848808982323171,
    "num_states": 144
}
