{
    "pdepth": 14,
    "end_eng": 0.12062399982023786,
    "end_sup": 0.8885926119115781,
    "num_states": 108
}
