{
    "pdepth": 14,
    "end_eng": 0.02113330041019343,
    "end_sup": 0.9797921757621926,
    "num_states": 192
}
