{
    "pdepth": 14,
    "end_eng": 0.02631768242183368,
    "end_sup": 0.9737969199487005,
    "num_states": 72
}
