{
    "pdepth": 14,
    "end_eng": 0.10048090007448401,
    "end_sup": 0.9020005562027414,
    "num_states": 216
}
