{
    "pdepth": 14,
    "end_eng": 0.03588725675408111,
    "end_sup": 0.9666541134037789,
    "num_states": 81
}
