{
    "pdepth": 14,
    "end_eng": 0.03868565610233262,
    "end_sup": 0.9650072155468057,
    "num_states": 144
}
