{
    "pdepth": 14,
    "end_eng": 0.31429070505303897,
    "end_sup": 0.7368101196613719,
    "num_states": 288
}
