{
    "pdepth": 14,
    "end_eng": 0.2633189283685986,
    "end_sup": 0.7654798834879167,
    "num_states": 576
}
