{
    "pdepth": 14,
    "end_eng": 0.3443424254942829,
    "end_sup": 0.6627579582431193,
    "num_states": 81
}
