{
    "pdepth": 14,
    "end_eng": 0.3250910352058277,
    "end_sup": 0.7148017160314645,
    "num_states": 72
}
