{
    "pdepth": 14,
    "end_eng": 0.25626167992161725,
    "end_sup": 0.7630114127255014,
    "num_states": 288
}
