{
    "pdepth": 14,
    "end_eng": 0.11742852262478924,
    "end_sup": 0.8954154580613599,
    "num_states": 18
}
