{
    "pdepth": 14,
    "end_eng": 0.04006941117159729,
    "end_sup": 0.9808644612159181,
    "num_states": 216
}
