{
    "pdepth": 14,
    "end_eng": 0.001556775351607793,
    "end_sup": 0.9984438305357667,
    "num_states": 48
}
