{
    "pdepth": 14,
    "end_eng": 0.049373330941491766,
    "end_sup": 0.9536161459347761,
    "num_states": 108
}
