{
    "pdepth": 14,
    "end_eng": 0.033212921331409496,
    "end_sup": 0.9778141302899338,
    "num_states": 72
}
