{
    "pdepth": 14,
    "end_eng": 0.11380943999718354,
    "end_sup": 0.8884485973573996,
    "num_states": 144
}
