{
    "pdepth": 14,
    "end_eng": 0.4111326968047773,
    "end_sup": 0.6054920164148678,
    "num_states": 108
}
