{
    "pdepth": 14,
    "end_eng": 0.029947606282718583,
    "end_sup": 0.9740295739719314,
    "num_states": 72
}
