{
    "pdepth": 14,
    "end_eng": 0.5014869609879968,
    "end_sup": 0.512865973181083,
    "num_states": 72
}
