{
    "pdepth": 14,
    "end_eng": 0.19819511252799973,
    "end_sup": 0.8302775525461743,
    "num_states": 576
}
