{
    "pdepth": 14,
    "end_eng": 0.02815327628962604,
    "end_sup": 0.9824328321422702,
    "num_states": 36
}
