{
    "pdepth": 14,
    "end_eng": 0.05232258613309637,
    "end_sup": 0.9571375729934108,
    "num_states": 216
}
