{
    "pdepth": 14,
    "end_eng": 0.06864010287415734,
    "end_sup": 0.9500987083310231,
    "num_states": 576
}
