{
    "pdepth": 14,
    "end_eng": 0.08167767787027566,
    "end_sup": 0.9205874230414929,
    "num_states": 144
}
