{
    "pdepth": 14,
    "end_eng": 0.22279695130623486,
    "end_sup": 0.8287750172827175,
    "num_states": 144
}
