{
    "pdepth": 14,
    "end_eng": 0.006630119364126426,
    "end_sup": 0.9944634776588578,
    "num_states": 54
}
