{
    "pdepth": 14,
    "end_eng": 0.028548719479412725,
    "end_sup": 0.9729644207169827,
    "num_states": 108
}
