{
    "pdepth": 14,
    "end_eng": 0.012617305721063185,
    "end_sup": 0.9903336666044186,
    "num_states": 144
}
