{
    "pdepth": 14,
    "end_eng": 0.02827537867865022,
    "end_sup": 0.9743148114145717,
    "num_states": 48
}
