{
    "pdepth": 14,
    "end_eng": 0.017132988525685795,
    "end_sup": 0.98370204417128,
    "num_states": 288
}
