{
    "pdepth": 14,
    "end_eng": 0.057335680405188744,
    "end_sup": 0.9497706413157159,
    "num_states": 72
}
