{
    "pdepth": 14,
    "end_eng": 0.016049173810625504,
    "end_sup": 0.9848400261908692,
    "num_states": 81
}
