{
    "pdepth": 14,
    "end_eng": 0.04114038384694509,
    "end_sup": 0.9607738926706066,
    "num_states": 216
}
