{
    "pdepth": 14,
    "end_eng": 0.08087057898541422,
    "end_sup": 0.9329732981866594,
    "num_states": 108
}
