{
    "pdepth": 14,
    "end_eng": 0.1793280056399566,
    "end_sup": 0.8497451418873182,
    "num_states": 288
}
