{
    "pdepth": 14,
    "end_eng": 0.0050649101962725665,
    "end_sup": 0.9949414641994342,
    "num_states": 36
}
