{
    "pdepth": 14,
    "end_eng": 0.03141265423243524,
    "end_sup": 0.9705265279006784,
    "num_states": 288
}
