{
    "pdepth": 14,
    "end_eng": 0.17415967664995657,
    "end_sup": 0.8346779076721084,
    "num_states": 108
}
