{
    "pdepth": 14,
    "end_eng": 0.04728927847889486,
    "end_sup": 0.9583184453406339,
    "num_states": 288
}
