{
    "pdepth": 14,
    "end_eng": 0.04269958847606537,
    "end_sup": 0.9647700168589066,
    "num_states": 72
}
