{
    "pdepth": 14,
    "end_eng": 0.16208028557612225,
    "end_sup": 0.842495817662243,
    "num_states": 54
}
