{
    "pdepth": 14,
    "end_eng": 0.2980224253936171,
    "end_sup": 0.7082580909706786,
    "num_states": 108
}
