{
    "pdepth": 14,
    "end_eng": 0.030473082559509597,
    "end_sup": 0.9783791220177975,
    "num_states": 216
}
