{
    "pdepth": 14,
    "end_eng": 0.27419975503299204,
    "end_sup": 0.7400614483264196,
    "num_states": 108
}
