{
    "pdepth": 14,
    "end_eng": 0.10770609967982077,
    "end_sup": 0.8989819932946073,
    "num_states": 54
}
