{
    "pdepth": 14,
    "end_eng": 0.06348790179411923,
    "end_sup": 0.9486790740932368,
    "num_states": 144
}
