{
    "pdepth": 14,
    "end_eng": 0.05378965587460546,
    "end_sup": 0.9528547834957418,
    "num_states": 432
}
