{
    "pdepth": 14,
    "end_eng": 0.03417725150006888,
    "end_sup": 0.9692769840788347,
    "num_states": 144
}
