{
    "pdepth": 14,
    "end_eng": 0.012231898929257889,
    "end_sup": 0.9889664210194229,
    "num_states": 72
}
