{
    "pdepth": 14,
    "end_eng": 0.44572901048204644,
    "end_sup": 0.5925668483410411,
    "num_states": 144
}
