{
    "pdepth": 14,
    "end_eng": 0.008463183700858107,
    "end_sup": 0.9915540137338087,
    "num_states": 108
}
