{
    "pdepth": 14,
    "end_eng": 0.05501439992259654,
    "end_sup": 0.9540133807935425,
    "num_states": 288
}
