{
    "pdepth": 14,
    "end_eng": 0.05423434145783806,
    "end_sup": 0.9581094032357057,
    "num_states": 144
}
