{
    "pdepth": 14,
    "end_eng": 0.22597661447194295,
    "end_sup": 0.7817405225563391,
    "num_states": 144
}
