{
    "pdepth": 14,
    "end_eng": 0.04571481650599648,
    "end_sup": 0.9703445240086399,
    "num_states": 54
}
