{
    "pdepth": 14,
    "end_eng": 0.010948278345185207,
    "end_sup": 0.9897112402979473,
    "num_states": 162
}
