{
    "pdepth": 14,
    "end_eng": 0.015981732580621983,
    "end_sup": 0.9852239100447165,
    "num_states": 216
}
