{
    "pdepth": 14,
    "end_eng": 0.05777305729763905,
    "end_sup": 0.9473853514360842,
    "num_states": 108
}
