{
    "pdepth": 14,
    "end_eng": 0.010785197028889427,
    "end_sup": 0.9915433965490246,
    "num_states": 54
}
