{
    "pdepth": 14,
    "end_eng": 0.18783666988035355,
    "end_sup": 0.8267760902960583,
    "num_states": 216
}
