{
    "pdepth": 14,
    "end_eng": 0.09105326503718422,
    "end_sup": 0.9127360853572049,
    "num_states": 72
}
