{
    "pdepth": 14,
    "end_eng": 0.020988376727466156,
    "end_sup": 0.979974527589138,
    "num_states": 72
}
