{
    "pdepth": 14,
    "end_eng": 0.07432513420326893,
    "end_sup": 0.9277154242127521,
    "num_states": 48
}
