{
    "pdepth": 14,
    "end_eng": 0.00857112349388891,
    "end_sup": 0.9923142541901625,
    "num_states": 27
}
