{
    "pdepth": 14,
    "end_eng": 0.04387632181436524,
    "end_sup": 0.9664333512824743,
    "num_states": 216
}
