{
    "pdepth": 14,
    "end_eng": 0.05370406126052895,
    "end_sup": 0.9509417921125822,
    "num_states": 108
}
