{
    "pdepth": 14,
    "end_eng": 0.12234455773290748,
    "end_sup": 0.8817392583653699,
    "num_states": 72
}
