{
    "pdepth": 14,
    "end_eng": 0.012363156777602222,
    "end_sup": 0.9881458863418271,
    "num_states": 144
}
