{
    "pdepth": 14,
    "end_eng": 0.0075993369004010835,
    "end_sup": 0.9924148309772346,
    "num_states": 96
}
