{
    "pdepth": 14,
    "end_eng": 0.04519219463282716,
    "end_sup": 0.9705034193262135,
    "num_states": 108
}
