{
    "pdepth": 14,
    "end_eng": 0.04098806147202257,
    "end_sup": 0.96726756669653,
    "num_states": 432
}
