{
    "pdepth": 14,
    "end_eng": 0.030980579357064005,
    "end_sup": 0.9708735140958127,
    "num_states": 432
}
