{
    "pdepth": 14,
    "end_eng": 0.10288178487943334,
    "end_sup": 0.9028764635395191,
    "num_states": 216
}
