{
    "pdepth": 14,
    "end_eng": 0.0607717712067344,
    "end_sup": 0.9495648606840963,
    "num_states": 216
}
