{
    "pdepth": 14,
    "end_eng": 0.017411052991201544,
    "end_sup": 0.9826364742227962,
    "num_states": 108
}
