{
    "pdepth": 14,
    "end_eng": 0.029575990027830748,
    "end_sup": 0.9718325035241585,
    "num_states": 192
}
