{
    "pdepth": 14,
    "end_eng": 0.047919099466537926,
    "end_sup": 0.9566722469118794,
    "num_states": 216
}
