{
    "pdepth": 14,
    "end_eng": 0.16105084547805495,
    "end_sup": 0.8559172541489183,
    "num_states": 288
}
