{
    "pdepth": 14,
    "end_eng": 0.09739482888061596,
    "end_sup": 0.9212719769744371,
    "num_states": 144
}
