{
    "pdepth": 14,
    "end_eng": 0.08432557678874539,
    "end_sup": 0.9280403177098047,
    "num_states": 108
}
