{
    "pdepth": 14,
    "end_eng": 0.021133300410193408,
    "end_sup": 0.9797921757621928,
    "num_states": 96
}
