{
    "pdepth": 60,
    "end_eng": 1.946698850540526e-5,
    "end_sup": 0.9999805331199472,
    "num_states": 144
}
