{
    "pdepth": 60,
    "end_eng": 0.3003888988585615,
    "end_sup": 0.7096503668874876,
    "num_states": 576
}
