{
    "pdepth": 60,
    "end_eng": 0.0171681792700862,
    "end_sup": 0.9831499974063834,
    "num_states": 216
}
