{
    "pdepth": 60,
    "end_eng": 0.014430184770646197,
    "end_sup": 0.9860092316507244,
    "num_states": 108
}
