{
    "pdepth": 60,
    "end_eng": 0.0001461046121161267,
    "end_sup": 0.9998538990266854,
    "num_states": 108
}
