{
    "pdepth": 60,
    "end_eng": 0.00164318388433463,
    "end_sup": 0.9993957475466746,
    "num_states": 216
}
