{
    "pdepth": 60,
    "end_eng": 0.0014985923397637653,
    "end_sup": 0.9985765890805067,
    "num_states": 216
}
