{
    "pdepth": 60,
    "end_eng": 0.11632267179292356,
    "end_sup": 0.8987191720708252,
    "num_states": 192
}
