{
    "pdepth": 60,
    "end_eng": 0.000409473550844978,
    "end_sup": 0.9995905775509348,
    "num_states": 864
}
