{
    "pdepth": 60,
    "end_eng": 0.0027754710886152786,
    "end_sup": 0.9990467783606096,
    "num_states": 96
}
