{
    "pdepth": 60,
    "end_eng": 0.00040108924422615436,
    "end_sup": 0.9997394132036098,
    "num_states": 288
}
