{
    "pdepth": 60,
    "end_eng": 0.004140367635200007,
    "end_sup": 0.9962628732249681,
    "num_states": 432
}
