{
    "pdepth": 60,
    "end_eng": 0.008768521710617498,
    "end_sup": 0.99161112717236,
    "num_states": 96
}
