{
    "pdepth": 60,
    "end_eng": 0.0003364897703445346,
    "end_sup": 0.99966930775958,
    "num_states": 144
}
