{
    "pdepth": 60,
    "end_eng": 0.014083032630762896,
    "end_sup": 0.9891467129418501,
    "num_states": 192
}
