{
    "pdepth": 60,
    "end_eng": 0.0010729343138880568,
    "end_sup": 0.9993099736363931,
    "num_states": 864
}
