{
    "pdepth": 60,
    "end_eng": 0.15113728276611013,
    "end_sup": 0.8495774704793593,
    "num_states": 1152
}
