{
    "pdepth": 60,
    "end_eng": 0.003630405201325556,
    "end_sup": 0.9977892261016887,
    "num_states": 144
}
