{
    "pdepth": 60,
    "end_eng": 0.0009117607328070892,
    "end_sup": 0.9994828965880665,
    "num_states": 162
}
