{
    "pdepth": 60,
    "end_eng": 7.426065349857139e-5,
    "end_sup": 0.9999257403276587,
    "num_states": 324
}
