{
    "pdepth": 60,
    "end_eng": 0.0007362982946636976,
    "end_sup": 0.9995710327843034,
    "num_states": 432
}
