{
    "pdepth": 60,
    "end_eng": 0.00032154122397283415,
    "end_sup": 0.9996809070960934,
    "num_states": 432
}
