{
    "pdepth": 60,
    "end_eng": 0.0028825997291846072,
    "end_sup": 0.9980527427981891,
    "num_states": 216
}
