{
    "pdepth": 60,
    "end_eng": 0.0018518993296969385,
    "end_sup": 0.9992024363961376,
    "num_states": 648
}
