{
    "pdepth": 60,
    "end_eng": 0.15604853649617045,
    "end_sup": 0.8444892698489764,
    "num_states": 324
}
