{
    "pdepth": 60,
    "end_eng": 0.0020507564625576414,
    "end_sup": 0.999141529555172,
    "num_states": 216
}
