{
    "pdepth": 60,
    "end_eng": 0.0020273395142526,
    "end_sup": 0.999231189577946,
    "num_states": 288
}
