{
    "pdepth": 60,
    "end_eng": 0.0005691918734386369,
    "end_sup": 0.9994574207870691,
    "num_states": 432
}
