{
    "pdepth": 60,
    "end_eng": 0.0003676333820541913,
    "end_sup": 0.9996814350176623,
    "num_states": 324
}
