{
    "pdepth": 60,
    "end_eng": 0.020422952563698783,
    "end_sup": 0.9834793426392691,
    "num_states": 108
}
