{
    "pdepth": 60,
    "end_eng": 0.2472749671218703,
    "end_sup": 0.7554259932011118,
    "num_states": 576
}
