{
    "pdepth": 60,
    "end_eng": 9.25987184675941e-5,
    "end_sup": 0.9999074030805621,
    "num_states": 72
}
