{
    "pdepth": 60,
    "end_eng": 1.7582787135356066e-5,
    "end_sup": 0.9999824172881867,
    "num_states": 288
}
