{
    "pdepth": 60,
    "end_eng": 0.06440953590140183,
    "end_sup": 0.935666287476428,
    "num_states": 108
}
