{
    "pdepth": 60,
    "end_eng": 0.0007869206316697786,
    "end_sup": 0.9996374014552267,
    "num_states": 162
}
