{
    "pdepth": 60,
    "end_eng": 0.00047039727978909516,
    "end_sup": 0.9996222550371696,
    "num_states": 216
}
