{
    "pdepth": 60,
    "end_eng": 0.00039667058887165907,
    "end_sup": 0.999628515036366,
    "num_states": 432
}
