{
    "pdepth": 60,
    "end_eng": 0.05319967013851302,
    "end_sup": 0.9472771969350465,
    "num_states": 216
}
