{
    "pdepth": 60,
    "end_eng": 0.0013286526882228989,
    "end_sup": 0.9988937344026383,
    "num_states": 864
}
