{
    "pdepth": 60,
    "end_eng": 0.1325011193247445,
    "end_sup": 0.8680888053757947,
    "num_states": 432
}
