{
    "pdepth": 60,
    "end_eng": 0.003974325123453095,
    "end_sup": 0.9960807198722169,
    "num_states": 243
}
