{
    "pdepth": 60,
    "end_eng": 0.0003754268410524405,
    "end_sup": 0.999642144987348,
    "num_states": 1152
}
