{
    "pdepth": 60,
    "end_eng": 0.0011104428258030693,
    "end_sup": 0.9991745940145629,
    "num_states": 162
}
