{
    "pdepth": 60,
    "end_eng": 0.0022533143777751833,
    "end_sup": 0.9985983534428895,
    "num_states": 648
}
