{
    "pdepth": 60,
    "end_eng": 0.0031204737529197564,
    "end_sup": 0.9982527061123758,
    "num_states": 216
}
