{
    "pdepth": 60,
    "end_eng": 0.002329929596595488,
    "end_sup": 0.9978173285340823,
    "num_states": 432
}
