{
    "pdepth": 60,
    "end_eng": 0.00047886482732296455,
    "end_sup": 0.999650113603058,
    "num_states": 288
}
