{
    "pdepth": 60,
    "end_eng": 0.009723798888883944,
    "end_sup": 0.9903432245110402,
    "num_states": 864
}
