{
    "pdepth": 60,
    "end_eng": 0.0003948248895742918,
    "end_sup": 0.9996414682844121,
    "num_states": 1944
}
