{
    "pdepth": 60,
    "end_eng": 0.012109665924959876,
    "end_sup": 0.9879579701982871,
    "num_states": 288
}
