{
    "pdepth": 60,
    "end_eng": 0.0006362394027800948,
    "end_sup": 0.9994246859060478,
    "num_states": 162
}
