{
    "pdepth": 60,
    "end_eng": 0.02532504908944024,
    "end_sup": 0.9786760876647608,
    "num_states": 108
}
