{
    "pdepth": 60,
    "end_eng": 0.00038555034634941683,
    "end_sup": 0.999614496456417,
    "num_states": 432
}
