{
    "pdepth": 60,
    "end_eng": 0.0005333947045770603,
    "end_sup": 0.9994736573397577,
    "num_states": 432
}
