{
    "pdepth": 60,
    "end_eng": 0.0005675027234675752,
    "end_sup": 0.9996250489987952,
    "num_states": 432
}
