{
    "pdepth": 60,
    "end_eng": 0.0004751864052655785,
    "end_sup": 0.9996350802706848,
    "num_states": 324
}
