{
    "pdepth": 60,
    "end_eng": 0.0004271857182687844,
    "end_sup": 0.9996462450438863,
    "num_states": 324
}
