{
    "pdepth": 60,
    "end_eng": 0.0007481293740866094,
    "end_sup": 0.9993098880208361,
    "num_states": 432
}
