{
    "pdepth": 60,
    "end_eng": 0.00012319652948236432,
    "end_sup": 0.9998998191739706,
    "num_states": 486
}
