{
    "pdepth": 60,
    "end_eng": 0.0012514534210710132,
    "end_sup": 0.9988929978489242,
    "num_states": 192
}
