{
    "pdepth": 60,
    "end_eng": 0.0006760088324474057,
    "end_sup": 0.9994312044102682,
    "num_states": 108
}
