{
    "pdepth": 60,
    "end_eng": 0.017575518657641127,
    "end_sup": 0.9835576673329244,
    "num_states": 216
}
