{
    "pdepth": 60,
    "end_eng": 0.08080379235418302,
    "end_sup": 0.9193772597156342,
    "num_states": 108
}
