{
    "pdepth": 60,
    "end_eng": 0.0012604585432761288,
    "end_sup": 0.9990294645181244,
    "num_states": 108
}
