{
    "pdepth": 60,
    "end_eng": 0.04066919005103061,
    "end_sup": 0.9595142493992528,
    "num_states": 324
}
