{
    "pdepth": 60,
    "end_eng": 0.000665670092223342,
    "end_sup": 0.9993855547510258,
    "num_states": 144
}
