{
    "pdepth": 60,
    "end_eng": 0.0016354557872372084,
    "end_sup": 0.9984715619795627,
    "num_states": 324
}
