{
    "pdepth": 60,
    "end_eng": 0.0005715452621001179,
    "end_sup": 0.999478254206061,
    "num_states": 432
}
