{
    "pdepth": 60,
    "end_eng": 0.0004815710909424232,
    "end_sup": 0.9995524102691772,
    "num_states": 576
}
