{
    "pdepth": 60,
    "end_eng": 0.003173124513190458,
    "end_sup": 0.9990613896223939,
    "num_states": 108
}
