{
    "pdepth": 60,
    "end_eng": 0.001479302526668538,
    "end_sup": 0.9992653816878132,
    "num_states": 108
}
