{
    "pdepth": 60,
    "end_eng": 0.0003187119948936858,
    "end_sup": 0.9997457679464475,
    "num_states": 432
}
