{
    "pdepth": 60,
    "end_eng": 0.043312231244853186,
    "end_sup": 0.9627496785761464,
    "num_states": 288
}
