{
    "pdepth": 60,
    "end_eng": 0.0005199024509254648,
    "end_sup": 0.9995582666297519,
    "num_states": 288
}
