{
    "pdepth": 60,
    "end_eng": 0.049362375111809596,
    "end_sup": 0.9510967894783398,
    "num_states": 144
}
