{
    "pdepth": 60,
    "end_eng": 0.039270880640942064,
    "end_sup": 0.9611632763686643,
    "num_states": 144
}
