{
    "pdepth": 60,
    "end_eng": 0.0008431186559367569,
    "end_sup": 0.9992547281934874,
    "num_states": 144
}
