{
    "pdepth": 60,
    "end_eng": 0.0008083402115163243,
    "end_sup": 0.9992175703033485,
    "num_states": 216
}
