{
    "pdepth": 60,
    "end_eng": 0.000644922881766089,
    "end_sup": 0.999409643182951,
    "num_states": 216
}
