{
    "pdepth": 60,
    "end_eng": 0.0004452504324999049,
    "end_sup": 0.9996613523135363,
    "num_states": 768
}
