{
    "pdepth": 60,
    "end_eng": 0.0002390755063794195,
    "end_sup": 0.9997609268267165,
    "num_states": 324
}
