{
    "pdepth": 60,
    "end_eng": 0.001018778371036573,
    "end_sup": 0.9991222635364898,
    "num_states": 1152
}
