{
    "pdepth": 60,
    "end_eng": 0.002806611069884248,
    "end_sup": 0.9974886989135158,
    "num_states": 216
}
