{
    "pdepth": 60,
    "end_eng": 0.0005577903948712316,
    "end_sup": 0.999660008922336,
    "num_states": 432
}
