{
    "pdepth": 60,
    "end_eng": 6.086335510944185e-5,
    "end_sup": 0.9999391373957112,
    "num_states": 216
}
