{
    "pdepth": 60,
    "end_eng": 0.0003148205395989005,
    "end_sup": 0.9997639099017767,
    "num_states": 432
}
