{
    "pdepth": 60,
    "end_eng": 8.808656340944546e-5,
    "end_sup": 0.9999298532360225,
    "num_states": 72
}
