{
    "pdepth": 60,
    "end_eng": 0.2516968649545098,
    "end_sup": 0.7489792345937574,
    "num_states": 1536
}
