{
    "pdepth": 60,
    "end_eng": 0.04124464193307623,
    "end_sup": 0.9596791047976143,
    "num_states": 72
}
