{
    "pdepth": 60,
    "end_eng": 0.00983595171012796,
    "end_sup": 0.9908161338995256,
    "num_states": 216
}
