{
    "pdepth": 60,
    "end_eng": 0.00033205705161684174,
    "end_sup": 0.9996679609075079,
    "num_states": 648
}
