{
    "pdepth": 60,
    "end_eng": 0.00038874486140391164,
    "end_sup": 0.9996728016129794,
    "num_states": 144
}
