{
    "pdepth": 60,
    "end_eng": 0.0025663910041863716,
    "end_sup": 0.9986409169145393,
    "num_states": 432
}
