{
    "pdepth": 60,
    "end_eng": 0.00024998982564677707,
    "end_sup": 0.9997569118437037,
    "num_states": 216
}
