{
    "pdepth": 60,
    "end_eng": 0.0003690372339221756,
    "end_sup": 0.9996975887498762,
    "num_states": 108
}
