{
    "pdepth": 60,
    "end_eng": 0.0005311694341199137,
    "end_sup": 0.9994919730329535,
    "num_states": 216
}
