{
    "pdepth": 60,
    "end_eng": 0.029304861295240795,
    "end_sup": 0.9709432768877235,
    "num_states": 96
}
