{
    "pdepth": 60,
    "end_eng": 0.0003834304320252675,
    "end_sup": 0.9996194610578337,
    "num_states": 432
}
