{
    "pdepth": 60,
    "end_eng": 0.13454078419292717,
    "end_sup": 0.868784388135222,
    "num_states": 108
}
