{
    "pdepth": 60,
    "end_eng": 0.008253296985191966,
    "end_sup": 0.9921542302012626,
    "num_states": 2048
}
