{
    "pdepth": 60,
    "end_eng": 0.01663018008964042,
    "end_sup": 0.9845684543368071,
    "num_states": 256
}
