{
    "pdepth": 60,
    "end_eng": 0.00797040261802936,
    "end_sup": 0.9958225509023436,
    "num_states": 256
}
