{
    "pdepth": 60,
    "end_eng": 0.0022467982401256446,
    "end_sup": 0.997972466502808,
    "num_states": 1024
}
