{
    "pdepth": 60,
    "end_eng": 0.04346604858827879,
    "end_sup": 0.9691776372781293,
    "num_states": 128
}
