{
    "pdepth": 60,
    "end_eng": 0.008572809092450919,
    "end_sup": 0.9928076232943166,
    "num_states": 1024
}
