{
    "pdepth": 60,
    "end_eng": 0.019069922770275454,
    "end_sup": 0.9944812601801536,
    "num_states": 512
}
