{
    "pdepth": 60,
    "end_eng": 0.031572039560942136,
    "end_sup": 0.9690364009130237,
    "num_states": 512
}
