{
    "pdepth": 60,
    "end_eng": 0.004636456048965027,
    "end_sup": 0.9967814893494581,
    "num_states": 512
}
