{
    "pdepth": 60,
    "end_eng": 0.012796255439173319,
    "end_sup": 0.9894569316729244,
    "num_states": 512
}
