{
    "pdepth": 60,
    "end_eng": 0.005769963124902518,
    "end_sup": 0.9962156042501203,
    "num_states": 512
}
