{
    "pdepth": 60,
    "end_eng": 0.005400032996361259,
    "end_sup": 0.996766761647067,
    "num_states": 512
}
