{
    "pdepth": 60,
    "end_eng": 0.005310982440983578,
    "end_sup": 0.9961391117692465,
    "num_states": 2048
}
