{
    "pdepth": 60,
    "end_eng": 0.1825204906017201,
    "end_sup": 0.818193504834302,
    "num_states": 1024
}
