{
    "pdepth": 60,
    "end_eng": 0.0031501271435222123,
    "end_sup": 0.9977816857879731,
    "num_states": 512
}
