{
    "pdepth": 60,
    "end_eng": 0.017661902426802028,
    "end_sup": 0.9850572196546661,
    "num_states": 256
}
