{
    "pdepth": 60,
    "end_eng": 0.018355738003183426,
    "end_sup": 0.9831503645899589,
    "num_states": 1024
}
