{
    "pdepth": 60,
    "end_eng": 0.006485249162087489,
    "end_sup": 0.9943296250129308,
    "num_states": 256
}
