{
    "pdepth": 60,
    "end_eng": 0.004166704569594398,
    "end_sup": 0.997423475038386,
    "num_states": 1024
}
