{
    "pdepth": 60,
    "end_eng": 0.0055142994209005985,
    "end_sup": 0.9948710842960933,
    "num_states": 1024
}
