{
    "pdepth": 60,
    "end_eng": 0.057311536730473615,
    "end_sup": 0.9432041475709702,
    "num_states": 512
}
