{
    "pdepth": 60,
    "end_eng": 0.006865367476386696,
    "end_sup": 0.9941461564243173,
    "num_states": 512
}
