{
    "pdepth": 60,
    "end_eng": 0.00420964632910633,
    "end_sup": 0.9962352789416558,
    "num_states": 2048
}
