{
    "pdepth": 60,
    "end_eng": 0.006006201292329188,
    "end_sup": 0.9947240754973289,
    "num_states": 1024
}
