{
    "pdepth": 60,
    "end_eng": 0.004467941359522278,
    "end_sup": 0.9957657058056545,
    "num_states": 1024
}
