{
    "pdepth": 60,
    "end_eng": 0.004090757488184086,
    "end_sup": 0.9971838090746585,
    "num_states": 2048
}
