{
    "pdepth": 60,
    "end_eng": 0.006104788990859721,
    "end_sup": 0.9961732369668443,
    "num_states": 512
}
