{
    "pdepth": 60,
    "end_eng": 0.004100917920612134,
    "end_sup": 0.9962839448987593,
    "num_states": 512
}
