{
    "pdepth": 60,
    "end_eng": 0.021351323954083744,
    "end_sup": 0.990740272137789,
    "num_states": 1024
}
