{
    "pdepth": 60,
    "end_eng": 0.058268722974763106,
    "end_sup": 0.9433353389948527,
    "num_states": 1024
}
