{
    "pdepth": 60,
    "end_eng": 0.005231335332095962,
    "end_sup": 0.9954536446409807,
    "num_states": 1024
}
