{
    "pdepth": 60,
    "end_eng": 0.008804709642604946,
    "end_sup": 0.9917871919952769,
    "num_states": 2048
}
