{
    "pdepth": 60,
    "end_eng": 0.006410438560720336,
    "end_sup": 0.9941813315828973,
    "num_states": 512
}
