{
    "pdepth": 60,
    "end_eng": 0.025642442640586294,
    "end_sup": 0.9759397521650954,
    "num_states": 1024
}
