{
    "pdepth": 60,
    "end_eng": 0.052267484854116066,
    "end_sup": 0.9483747082912307,
    "num_states": 1024
}
