{
    "pdepth": 60,
    "end_eng": 0.023738599112550433,
    "end_sup": 0.9794629519051596,
    "num_states": 256
}
