{
    "pdepth": 60,
    "end_eng": 0.0050024520798641675,
    "end_sup": 0.9964267555482156,
    "num_states": 1024
}
