{
    "pdepth": 60,
    "end_eng": 0.004637391289872679,
    "end_sup": 0.997159909296071,
    "num_states": 1024
}
