{
    "pdepth": 60,
    "end_eng": 0.008314915722636295,
    "end_sup": 0.9928796318094635,
    "num_states": 512
}
