{
    "pdepth": 60,
    "end_eng": 0.04541033633477235,
    "end_sup": 0.957097669053441,
    "num_states": 512
}
