{
    "pdepth": 60,
    "end_eng": 0.016732748751897127,
    "end_sup": 0.9847597560969222,
    "num_states": 512
}
