{
    "pdepth": 60,
    "end_eng": 0.0068673531926579795,
    "end_sup": 0.994560875150279,
    "num_states": 512
}
