{
    "pdepth": 60,
    "end_eng": 0.03181719532792646,
    "end_sup": 0.9701083842894247,
    "num_states": 512
}
