{
    "pdepth": 60,
    "end_eng": 0.002105264400854942,
    "end_sup": 0.9980871099608215,
    "num_states": 1024
}
