{
    "pdepth": 60,
    "end_eng": 0.0045390373627193,
    "end_sup": 0.9959715179653613,
    "num_states": 512
}
