{
    "pdepth": 60,
    "end_eng": 0.0038982700550818494,
    "end_sup": 0.9964257541587166,
    "num_states": 1024
}
