{
    "pdepth": 60,
    "end_eng": 0.0630846146789798,
    "end_sup": 0.9523049240585362,
    "num_states": 512
}
