{
    "pdepth": 60,
    "end_eng": 0.0213767100154743,
    "end_sup": 0.9925383435102374,
    "num_states": 256
}
