{
    "pdepth": 60,
    "end_eng": 0.06315747153597882,
    "end_sup": 0.939608118771915,
    "num_states": 256
}
