{
    "pdepth": 60,
    "end_eng": 0.007125391497981616,
    "end_sup": 0.996969440078245,
    "num_states": 512
}
