{
    "pdepth": 60,
    "end_eng": 0.00869080941751719,
    "end_sup": 0.9918485620914383,
    "num_states": 1024
}
