{
    "pdepth": 60,
    "end_eng": 0.01039633199784603,
    "end_sup": 0.9913785454761976,
    "num_states": 256
}
