{
    "pdepth": 60,
    "end_eng": 0.0061579694359956885,
    "end_sup": 0.9942619349965535,
    "num_states": 1024
}
