{
    "pdepth": 60,
    "end_eng": 0.03534181021042653,
    "end_sup": 0.9654499263294154,
    "num_states": 1024
}
