{
    "pdepth": 60,
    "end_eng": 0.011061805598904587,
    "end_sup": 0.9891837585705741,
    "num_states": 512
}
