{
    "pdepth": 60,
    "end_eng": 0.002701170634593313,
    "end_sup": 0.9977727285841395,
    "num_states": 512
}
