{
    "pdepth": 60,
    "end_eng": 0.01754314269666655,
    "end_sup": 0.9946837973698663,
    "num_states": 1024
}
