{
    "pdepth": 60,
    "end_eng": 0.006549175423839808,
    "end_sup": 0.9952634933875,
    "num_states": 1024
}
