{
    "pdepth": 60,
    "end_eng": 0.007102992326052161,
    "end_sup": 0.9945548473858847,
    "num_states": 256
}
