{
    "pdepth": 60,
    "end_eng": 0.004117078644976424,
    "end_sup": 0.9972831673445731,
    "num_states": 1024
}
