{
    "pdepth": 60,
    "end_eng": 0.0037869573099933514,
    "end_sup": 0.9974435743214112,
    "num_states": 1024
}
