{
    "pdepth": 60,
    "end_eng": 0.038309008852875345,
    "end_sup": 0.9779382356517915,
    "num_states": 512
}
