{
    "pdepth": 60,
    "end_eng": 0.004886603984077898,
    "end_sup": 0.9971010321659592,
    "num_states": 1024
}
