{
    "pdepth": 60,
    "end_eng": 0.004392103198459523,
    "end_sup": 0.9978321803062011,
    "num_states": 512
}
