{
    "pdepth": 60,
    "end_eng": 0.004135747833335169,
    "end_sup": 0.996238227380503,
    "num_states": 1024
}
