{
    "pdepth": 60,
    "end_eng": 0.00411600882307917,
    "end_sup": 0.9970163665772072,
    "num_states": 1024
}
