{
    "pdepth": 60,
    "end_eng": 0.008148994187371824,
    "end_sup": 0.9922310716465632,
    "num_states": 1024
}
