{
    "pdepth": 60,
    "end_eng": 0.01886580277518151,
    "end_sup": 0.9829603186787498,
    "num_states": 1024
}
