{
    "pdepth": 60,
    "end_eng": 0.004942945495477668,
    "end_sup": 0.9951887461620539,
    "num_states": 1024
}
