{
    "pdepth": 60,
    "end_eng": 0.004413845751249213,
    "end_sup": 0.997320999442341,
    "num_states": 512
}
