{
    "pdepth": 60,
    "end_eng": 0.004759034794406289,
    "end_sup": 0.996917132392841,
    "num_states": 1024
}
