{
    "pdepth": 60,
    "end_eng": 0.005900341938921581,
    "end_sup": 0.9944285603661358,
    "num_states": 512
}
