{
    "pdepth": 60,
    "end_eng": 0.003271807354322383,
    "end_sup": 0.9970148687035123,
    "num_states": 1024
}
