{
    "pdepth": 60,
    "end_eng": 0.03621500494804109,
    "end_sup": 0.9648844320932614,
    "num_states": 256
}
