{
    "pdepth": 60,
    "end_eng": 0.00435077106409168,
    "end_sup": 0.9976758528792973,
    "num_states": 1024
}
