{
    "pdepth": 60,
    "end_eng": 0.025092068926665566,
    "end_sup": 0.9767912359252882,
    "num_states": 512
}
