{
    "pdepth": 60,
    "end_eng": 0.004107187912185003,
    "end_sup": 0.9974734802089482,
    "num_states": 512
}
