{
    "pdepth": 60,
    "end_eng": 0.0041347946120380685,
    "end_sup": 0.9961803626652878,
    "num_states": 2048
}
