{
    "pdepth": 60,
    "end_eng": 0.023716177355543183,
    "end_sup": 0.9782948258449125,
    "num_states": 64
}
