{
    "pdepth": 60,
    "end_eng": 0.07035085902857316,
    "end_sup": 0.9312532762070539,
    "num_states": 256
}
