{
    "pdepth": 60,
    "end_eng": 0.004662549916417843,
    "end_sup": 0.9967135604173001,
    "num_states": 256
}
