{
    "pdepth": 60,
    "end_eng": 0.006157500998783013,
    "end_sup": 0.9941665887281699,
    "num_states": 1024
}
