{
    "pdepth": 60,
    "end_eng": 0.005948625287143214,
    "end_sup": 0.9945845460531934,
    "num_states": 512
}
