{
    "pdepth": 60,
    "end_eng": 0.00395009215206368,
    "end_sup": 0.9975404468048055,
    "num_states": 1024
}
