{
    "pdepth": 60,
    "end_eng": 0.003631939048696075,
    "end_sup": 0.997551779528974,
    "num_states": 1024
}
