{
    "pdepth": 60,
    "end_eng": 0.002905111508769281,
    "end_sup": 0.9981048041307223,
    "num_states": 1024
}
