{
    "pdepth": 60,
    "end_eng": 0.006658904292458081,
    "end_sup": 0.9950794578700803,
    "num_states": 256
}
