{
    "pdepth": 60,
    "end_eng": 0.007553568540132094,
    "end_sup": 0.992834934220939,
    "num_states": 1024
}
