{
    "pdepth": 60,
    "end_eng": 0.0637844250011742,
    "end_sup": 0.9377365724624483,
    "num_states": 256
}
