{
    "pdepth": 60,
    "end_eng": 0.005189393732661512,
    "end_sup": 0.9952435896434876,
    "num_states": 1024
}
