{
    "pdepth": 60,
    "end_eng": 0.022701278288477546,
    "end_sup": 0.9792472064563383,
    "num_states": 512
}
