{
    "pdepth": 60,
    "end_eng": 0.008986489508410639,
    "end_sup": 0.9924013693469959,
    "num_states": 1024
}
