{
    "pdepth": 60,
    "end_eng": 0.01906992277027543,
    "end_sup": 0.9944812601801534,
    "num_states": 512
}
