{
    "pdepth": 60,
    "end_eng": 0.16763675536337053,
    "end_sup": 0.8346895325944537,
    "num_states": 512
}
