{
    "pdepth": 60,
    "end_eng": 0.00520220159882487,
    "end_sup": 0.9950592766158295,
    "num_states": 1024
}
