{
    "pdepth": 60,
    "end_eng": 0.005988509606596179,
    "end_sup": 0.9942034609946292,
    "num_states": 2048
}
