{
    "pdepth": 60,
    "end_eng": 0.037493466861919345,
    "end_sup": 0.9641338655099896,
    "num_states": 1024
}
