{
    "pdepth": 60,
    "end_eng": 0.0034404127626553377,
    "end_sup": 0.9973051169602012,
    "num_states": 512
}
