{
    "pdepth": 60,
    "end_eng": 0.004260867443991366,
    "end_sup": 0.9981943016356087,
    "num_states": 128
}
