{
    "pdepth": 14,
    "end_eng": 0.2112410671392258,
    "end_sup": 0.8375686527833677,
    "num_states": 8192
}
