{
    "pdepth": 14,
    "end_eng": 0.44153285380163415,
    "end_sup": 0.6244703098371094,
    "num_states": 8192
}
