{
    "pdepth": 14,
    "end_eng": 0.3288003701150112,
    "end_sup": 0.70675562674949,
    "num_states": 16384
}
