{
    "pdepth": 14,
    "end_eng": 0.371014218509793,
    "end_sup": 0.6698974090584616,
    "num_states": 4096
}
