{
    "pdepth": 14,
    "end_eng": 0.4454702050736929,
    "end_sup": 0.5975549932428706,
    "num_states": 4096
}
