{
    "pdepth": 14,
    "end_eng": 0.5305553898887168,
    "end_sup": 0.6172023621732329,
    "num_states": 2048
}
