{
    "pdepth": 14,
    "end_eng": 0.4380742969635067,
    "end_sup": 0.6477636286193327,
    "num_states": 2048
}
