{
    "pdepth": 14,
    "end_eng": 0.18125580216746476,
    "end_sup": 0.8366470187105437,
    "num_states": 131072
}
