{
    "pdepth": 14,
    "end_eng": 0.5880189138874059,
    "end_sup": 0.4722389450183669,
    "num_states": 4096
}
