{
    "pdepth": 14,
    "end_eng": 0.1435025827773691,
    "end_sup": 0.8712124356022629,
    "num_states": 65536
}
