{
    "pdepth": 14,
    "end_eng": 0.5011471288046427,
    "end_sup": 0.5672869504877678,
    "num_states": 4096
}
