{
    "pdepth": 14,
    "end_eng": 0.5316511946058227,
    "end_sup": 0.5944650145099677,
    "num_states": 8192
}
