{
    "pdepth": 14,
    "end_eng": 0.12497704922798086,
    "end_sup": 0.9048168876671199,
    "num_states": 8192
}
