{
    "pdepth": 14,
    "end_eng": 0.4142730870117857,
    "end_sup": 0.7573442161211201,
    "num_states": 4096
}
