{
    "pdepth": 14,
    "end_eng": 0.1527526270337232,
    "end_sup": 0.8759893951336784,
    "num_states": 4096
}
