{
    "pdepth": 14,
    "end_eng": 0.12703990985864433,
    "end_sup": 0.8982193097176822,
    "num_states": 65536
}
