{
    "pdepth": 14,
    "end_eng": 0.17118739343457817,
    "end_sup": 0.8584283490393978,
    "num_states": 65536
}
