{
    "pdepth": 14,
    "end_eng": 0.4222453022152359,
    "end_sup": 0.7465056261148661,
    "num_states": 2048
}
