{
    "pdepth": 14,
    "end_eng": 0.20329831707033114,
    "end_sup": 0.846437734509079,
    "num_states": 8192
}
