{
    "pdepth": 14,
    "end_eng": 0.31640280045857094,
    "end_sup": 0.7213001913126859,
    "num_states": 16384
}
