{
    "pdepth": 14,
    "end_eng": 0.10968573691119327,
    "end_sup": 0.9079551270369896,
    "num_states": 16384
}
