{
    "pdepth": 14,
    "end_eng": 0.6346194466146915,
    "end_sup": 0.483454683105896,
    "num_states": 8192
}
