{
    "pdepth": 14,
    "end_eng": 0.547290682894863,
    "end_sup": 0.6267773080699944,
    "num_states": 2048
}
