{
    "pdepth": 14,
    "end_eng": 0.6322945187041139,
    "end_sup": 0.4325231863953138,
    "num_states": 4096
}
