{
    "pdepth": 14,
    "end_eng": 0.3804642277147534,
    "end_sup": 0.6733692134642142,
    "num_states": 8192
}
