{
    "pdepth": 14,
    "end_eng": 0.13368929155370457,
    "end_sup": 0.8937813217121522,
    "num_states": 32768
}
