{
    "pdepth": 14,
    "end_eng": 0.10979304296321889,
    "end_sup": 0.911865568557071,
    "num_states": 16384
}
