{
    "pdepth": 14,
    "end_eng": 0.11398965388328172,
    "end_sup": 0.9078636096379755,
    "num_states": 16384
}
