{
    "pdepth": 14,
    "end_eng": 0.6601858746303148,
    "end_sup": 0.456983397688043,
    "num_states": 4096
}
