{
    "pdepth": 14,
    "end_eng": 0.23661694062716504,
    "end_sup": 0.8688702748736025,
    "num_states": 16384
}
