{
    "pdepth": 14,
    "end_eng": 0.2598875696387793,
    "end_sup": 0.8535903058327413,
    "num_states": 16384
}
