{
    "pdepth": 14,
    "end_eng": 0.19185848299972724,
    "end_sup": 0.8252571775452213,
    "num_states": 16384
}
