{
    "pdepth": 14,
    "end_eng": 0.110402023021508,
    "end_sup": 0.901054057464369,
    "num_states": 8192
}
