{
    "pdepth": 14,
    "end_eng": 0.23798719793292872,
    "end_sup": 0.7992666535356314,
    "num_states": 8192
}
