{
    "pdepth": 14,
    "end_eng": 0.5977415537828908,
    "end_sup": 0.4673779594452401,
    "num_states": 8192
}
