{
    "pdepth": 14,
    "end_eng": 0.2377607887876647,
    "end_sup": 0.8033162349386707,
    "num_states": 16384
}
