{
    "pdepth": 14,
    "end_eng": 0.23413622391367955,
    "end_sup": 0.8190486169361257,
    "num_states": 8192
}
