{
    "pdepth": 14,
    "end_eng": 0.15864539833637487,
    "end_sup": 0.882022308998349,
    "num_states": 2048
}
