{
    "pdepth": 14,
    "end_eng": 0.3315757269030866,
    "end_sup": 0.7189772408321082,
    "num_states": 8192
}
