{
    "pdepth": 14,
    "end_eng": 0.23428099345145537,
    "end_sup": 0.8152686984318679,
    "num_states": 8192
}
