{
    "pdepth": 14,
    "end_eng": 0.06397125253059868,
    "end_sup": 0.9392491983033534,
    "num_states": 4096
}
