{
    "pdepth": 14,
    "end_eng": 0.17304032777220005,
    "end_sup": 0.8476835921704706,
    "num_states": 16384
}
