{
    "pdepth": 14,
    "end_eng": 0.4404215183321782,
    "end_sup": 0.6265769916128782,
    "num_states": 4096
}
