{
    "pdepth": 14,
    "end_eng": 0.3095976180748491,
    "end_sup": 0.7414566557336656,
    "num_states": 4096
}
