{
    "pdepth": 14,
    "end_eng": 0.48612950902030183,
    "end_sup": 0.5879987620001288,
    "num_states": 8192
}
