{
    "pdepth": 14,
    "end_eng": 0.6888331227069511,
    "end_sup": 0.461816314415207,
    "num_states": 2048
}
