{
    "pdepth": 14,
    "end_eng": 0.2891741394440269,
    "end_sup": 0.7389479335853933,
    "num_states": 16384
}
