{
    "pdepth": 14,
    "end_eng": 0.7154484880909727,
    "end_sup": 0.392095202770132,
    "num_states": 2048
}
