{
    "pdepth": 14,
    "end_eng": 0.20156924161191037,
    "end_sup": 0.834133302629621,
    "num_states": 16384
}
