{
    "pdepth": 14,
    "end_eng": 0.2273509539198587,
    "end_sup": 0.8574609204467858,
    "num_states": 4096
}
