{
    "pdepth": 14,
    "end_eng": 0.14886505987284915,
    "end_sup": 0.8864615164578062,
    "num_states": 16384
}
