{
    "pdepth": 14,
    "end_eng": 0.1486372515707947,
    "end_sup": 0.8859284633370306,
    "num_states": 8192
}
