{
    "pdepth": 14,
    "end_eng": 0.1183201711284251,
    "end_sup": 0.9194360608523531,
    "num_states": 16384
}
