{
    "pdepth": 14,
    "end_eng": 0.2322386881652978,
    "end_sup": 0.85767314435649,
    "num_states": 32768
}
