{
    "pdepth": 14,
    "end_eng": 0.6040445672022121,
    "end_sup": 0.46843787174702844,
    "num_states": 8192
}
