{
    "pdepth": 14,
    "end_eng": 0.6785130343513077,
    "end_sup": 0.4874569869988369,
    "num_states": 4096
}
