{
    "pdepth": 14,
    "end_eng": 0.22590818575418325,
    "end_sup": 0.8143676461508659,
    "num_states": 2048
}
