{
    "pdepth": 14,
    "end_eng": 0.21185602231605533,
    "end_sup": 0.831286161271108,
    "num_states": 8192
}
