{
    "pdepth": 14,
    "end_eng": 0.17656028757784537,
    "end_sup": 0.8410635989888281,
    "num_states": 131072
}
