{
    "pdepth": 14,
    "end_eng": 0.14720254445696482,
    "end_sup": 0.8701176917410556,
    "num_states": 32768
}
