{
    "pdepth": 14,
    "end_eng": 0.24249483714790915,
    "end_sup": 0.8595920379009545,
    "num_states": 16384
}
