{
    "pdepth": 14,
    "end_eng": 0.5724486295110865,
    "end_sup": 0.6679072622452725,
    "num_states": 1024
}
