{
    "pdepth": 14,
    "end_eng": 0.1960607047910946,
    "end_sup": 0.8194710487328917,
    "num_states": 8192
}
