{
    "pdepth": 14,
    "end_eng": 0.21190832793187497,
    "end_sup": 0.8246611562136278,
    "num_states": 16384
}
