{
    "pdepth": 14,
    "end_eng": 0.20201284951269516,
    "end_sup": 0.8263104613828411,
    "num_states": 8192
}
