{
    "pdepth": 14,
    "end_eng": 0.377635498930805,
    "end_sup": 0.7629176734092679,
    "num_states": 4096
}
