{
    "pdepth": 14,
    "end_eng": 0.24292695765214478,
    "end_sup": 0.8575167399913675,
    "num_states": 16384
}
