{
    "pdepth": 14,
    "end_eng": 0.2099018511958226,
    "end_sup": 0.8837747445139847,
    "num_states": 65536
}
