{
    "pdepth": 14,
    "end_eng": 0.2218890316404762,
    "end_sup": 0.8147011279270124,
    "num_states": 8192
}
