{
    "pdepth": 14,
    "end_eng": 0.5058215947062683,
    "end_sup": 0.6100293432645532,
    "num_states": 4096
}
