{
    "pdepth": 14,
    "end_eng": 0.2787657990858318,
    "end_sup": 0.8253813590110015,
    "num_states": 16384
}
