{
    "pdepth": 14,
    "end_eng": 0.16063891571993094,
    "end_sup": 0.8669584199020998,
    "num_states": 8192
}
