{
    "pdepth": 14,
    "end_eng": 0.31325628767705405,
    "end_sup": 0.7402872625478656,
    "num_states": 4096
}
