{
    "pdepth": 14,
    "end_eng": 0.7456261685813211,
    "end_sup": 0.3515600599070941,
    "num_states": 16384
}
