{
    "pdepth": 14,
    "end_eng": 0.2696094279323529,
    "end_sup": 0.7654887440674922,
    "num_states": 8192
}
