{
    "pdepth": 14,
    "end_eng": 0.13693347113108414,
    "end_sup": 0.8905293229505546,
    "num_states": 4096
}
