{
    "pdepth": 14,
    "end_eng": 0.11215316973015674,
    "end_sup": 0.9249951361616783,
    "num_states": 8192
}
