{
    "pdepth": 14,
    "end_eng": 0.32171362143929827,
    "end_sup": 0.7322579831578961,
    "num_states": 8192
}
