{
    "pdepth": 14,
    "end_eng": 0.10890298890979647,
    "end_sup": 0.9046643451204164,
    "num_states": 16384
}
