{
    "pdepth": 14,
    "end_eng": 0.3392590948630515,
    "end_sup": 0.7021438482604235,
    "num_states": 32768
}
