{
    "pdepth": 14,
    "end_eng": 0.2538061220268818,
    "end_sup": 0.7718492765883962,
    "num_states": 16384
}
