{
    "pdepth": 14,
    "end_eng": 0.09059999830771934,
    "end_sup": 0.9162893683363114,
    "num_states": 16384
}
