{
    "pdepth": 14,
    "end_eng": 0.5147330494112343,
    "end_sup": 0.5920376487243414,
    "num_states": 8192
}
