{
    "pdepth": 14,
    "end_eng": 0.28713737725523014,
    "end_sup": 0.7411112241706653,
    "num_states": 32768
}
