{
    "pdepth": 14,
    "end_eng": 0.1500264584144209,
    "end_sup": 0.876595968280184,
    "num_states": 16384
}
