{
    "pdepth": 14,
    "end_eng": 0.33857512641916343,
    "end_sup": 0.7073713911956383,
    "num_states": 8192
}
