{
    "pdepth": 14,
    "end_eng": 0.2175468204895804,
    "end_sup": 0.8211524805185404,
    "num_states": 8192
}
