{
    "pdepth": 14,
    "end_eng": 0.17249022830468463,
    "end_sup": 0.8492270646499387,
    "num_states": 16384
}
