{
    "pdepth": 14,
    "end_eng": 0.13228064001983436,
    "end_sup": 0.8955573337933065,
    "num_states": 16384
}
