{
    "pdepth": 14,
    "end_eng": 0.48593640444793607,
    "end_sup": 0.5837043203237575,
    "num_states": 32768
}
