{
    "pdepth": 14,
    "end_eng": 0.15081366687204453,
    "end_sup": 0.878282610892938,
    "num_states": 16384
}
