{
    "pdepth": 14,
    "end_eng": 0.47714990655836786,
    "end_sup": 0.6296914757547737,
    "num_states": 16384
}
