{
    "pdepth": 14,
    "end_eng": 0.4461839380689871,
    "end_sup": 0.6068779799752737,
    "num_states": 2048
}
