{
    "pdepth": 14,
    "end_eng": 0.2495994311566987,
    "end_sup": 0.7731068271396017,
    "num_states": 32768
}
