{
    "pdepth": 14,
    "end_eng": 0.1469349501998082,
    "end_sup": 0.8694404665528893,
    "num_states": 32768
}
