{
    "pdepth": 14,
    "end_eng": 0.10793892760483134,
    "end_sup": 0.9247599011990724,
    "num_states": 8192
}
