{
    "pdepth": 14,
    "end_eng": 0.49953281242831743,
    "end_sup": 0.5604927414668892,
    "num_states": 1024
}
