{
    "pdepth": 14,
    "end_eng": 0.5407803563261179,
    "end_sup": 0.5116273224650306,
    "num_states": 2048
}
