{
    "pdepth": 14,
    "end_eng": 0.23493767109332148,
    "end_sup": 0.8128557379801301,
    "num_states": 8192
}
