{
    "pdepth": 14,
    "end_eng": 0.21937617107695168,
    "end_sup": 0.8117416836822045,
    "num_states": 4096
}
