{
    "pdepth": 60,
    "end_eng": 0.23781346674046033,
    "end_sup": 0.7665461711346866,
    "num_states": 1024
}
