{
    "pdepth": 60,
    "end_eng": 0.0057530387239213025,
    "end_sup": 0.9948025883662452,
    "num_states": 16384
}
