{
    "pdepth": 60,
    "end_eng": 0.00489576072045766,
    "end_sup": 0.9969299831831628,
    "num_states": 4096
}
