{
    "pdepth": 60,
    "end_eng": 0.006807126636189989,
    "end_sup": 0.995745993059327,
    "num_states": 2048
}
