{
    "pdepth": 60,
    "end_eng": 0.021924582467924326,
    "end_sup": 0.9800466139283273,
    "num_states": 4096
}
