{
    "pdepth": 60,
    "end_eng": 0.017579604568912624,
    "end_sup": 0.982721813087158,
    "num_states": 8192
}
