{
    "pdepth": 60,
    "end_eng": 0.0056756121429112115,
    "end_sup": 0.9959027282513824,
    "num_states": 8192
}
