{
    "pdepth": 60,
    "end_eng": 0.0197189572360015,
    "end_sup": 0.9927585836932532,
    "num_states": 4096
}
