{
    "pdepth": 60,
    "end_eng": 0.04753940993301409,
    "end_sup": 0.9545254828644625,
    "num_states": 2048
}
