{
    "pdepth": 60,
    "end_eng": 0.006801883268420416,
    "end_sup": 0.9936311938841743,
    "num_states": 1024
}
