{
    "pdepth": 60,
    "end_eng": 0.26635470708935255,
    "end_sup": 0.7359256335005271,
    "num_states": 4096
}
