{
    "pdepth": 60,
    "end_eng": 0.0030521947081263855,
    "end_sup": 0.9972926417458019,
    "num_states": 2048
}
