{
    "pdepth": 60,
    "end_eng": 0.003469885203137216,
    "end_sup": 0.9968480172702334,
    "num_states": 4096
}
