{
    "pdepth": 60,
    "end_eng": 0.28771320801169303,
    "end_sup": 0.7146772881038697,
    "num_states": 2048
}
