{
    "pdepth": 60,
    "end_eng": 0.004684729550149355,
    "end_sup": 0.9962656618678231,
    "num_states": 8192
}
