{
    "pdepth": 60,
    "end_eng": 0.0035722428167339654,
    "end_sup": 0.997074329412587,
    "num_states": 1024
}
