{
    "pdepth": 60,
    "end_eng": 0.013238945460267042,
    "end_sup": 0.9886775625340836,
    "num_states": 2048
}
