{
    "pdepth": 60,
    "end_eng": 0.0029998394883471776,
    "end_sup": 0.9978546541016513,
    "num_states": 4096
}
