{
    "pdepth": 60,
    "end_eng": 0.10267410434253102,
    "end_sup": 0.904590484397143,
    "num_states": 256
}
