{
    "pdepth": 60,
    "end_eng": 0.02332285207691711,
    "end_sup": 0.978928518862928,
    "num_states": 2048
}
