{
    "pdepth": 60,
    "end_eng": 0.09263245940335621,
    "end_sup": 0.926103799530784,
    "num_states": 1024
}
