{
    "pdepth": 60,
    "end_eng": 0.005678976271158935,
    "end_sup": 0.9958107192738944,
    "num_states": 4096
}
