{
    "pdepth": 60,
    "end_eng": 0.1607607397304591,
    "end_sup": 0.8421399605478403,
    "num_states": 2048
}
