{
    "pdepth": 60,
    "end_eng": 0.010955172382925978,
    "end_sup": 0.9905449891174523,
    "num_states": 2048
}
