{
    "pdepth": 60,
    "end_eng": 0.019593779271632555,
    "end_sup": 0.9822602314909774,
    "num_states": 2048
}
