{
    "pdepth": 60,
    "end_eng": 0.0028008309593971535,
    "end_sup": 0.9978742528575286,
    "num_states": 1024
}
