{
    "pdepth": 60,
    "end_eng": 0.06465205534110689,
    "end_sup": 0.9397103007480327,
    "num_states": 1024
}
