{
    "pdepth": 60,
    "end_eng": 0.05968002036392705,
    "end_sup": 0.9414361119063697,
    "num_states": 1024
}
