{
    "pdepth": 60,
    "end_eng": 0.021525210528187955,
    "end_sup": 0.9801763808897231,
    "num_states": 2048
}
