{
    "pdepth": 60,
    "end_eng": 0.004511068602874924,
    "end_sup": 0.9979026469724868,
    "num_states": 512
}
