{
    "pdepth": 60,
    "end_eng": 0.005683419086731845,
    "end_sup": 0.9952581000153555,
    "num_states": 2048
}
