{
    "pdepth": 60,
    "end_eng": 0.026876306770415498,
    "end_sup": 0.991970410845808,
    "num_states": 1024
}
