{
    "pdepth": 60,
    "end_eng": 0.02481788158082,
    "end_sup": 0.9778646448846764,
    "num_states": 1024
}
