{
    "pdepth": 60,
    "end_eng": 0.09526467030523302,
    "end_sup": 0.9202099174951301,
    "num_states": 2048
}
