{
    "pdepth": 60,
    "end_eng": 0.0034233018676982675,
    "end_sup": 0.9970628913810385,
    "num_states": 4096
}
