{
    "pdepth": 60,
    "end_eng": 0.008637512372476498,
    "end_sup": 0.992426384661697,
    "num_states": 4096
}
