{
    "pdepth": 60,
    "end_eng": 0.006283705918829563,
    "end_sup": 0.9943659119974361,
    "num_states": 4096
}
