{
    "pdepth": 60,
    "end_eng": 0.05725391569222431,
    "end_sup": 0.9591584017939495,
    "num_states": 2048
}
