{
    "pdepth": 60,
    "end_eng": 0.004750101633453699,
    "end_sup": 0.9970711067333843,
    "num_states": 4096
}
