{
    "pdepth": 60,
    "end_eng": 0.01413447904332277,
    "end_sup": 0.9874910452944401,
    "num_states": 1024
}
