{
    "pdepth": 60,
    "end_eng": 0.01928861490461886,
    "end_sup": 0.9814602271168889,
    "num_states": 2048
}
