{
    "pdepth": 60,
    "end_eng": 0.005238961741963931,
    "end_sup": 0.9963204973219516,
    "num_states": 4096
}
