{
    "pdepth": 60,
    "end_eng": 0.06951784099125718,
    "end_sup": 0.935173278002946,
    "num_states": 1024
}
