{
    "pdepth": 60,
    "end_eng": 0.057297725658748674,
    "end_sup": 0.9451155004435372,
    "num_states": 4096
}
