{
    "pdepth": 60,
    "end_eng": 0.003256486388455568,
    "end_sup": 0.9970600007776798,
    "num_states": 2048
}
