{
    "pdepth": 60,
    "end_eng": 0.009062634692027012,
    "end_sup": 0.9929692923669359,
    "num_states": 2048
}
