{
    "pdepth": 60,
    "end_eng": 0.0057925374108433155,
    "end_sup": 0.9957790532557126,
    "num_states": 4096
}
