{
    "pdepth": 60,
    "end_eng": 0.0037840256818766453,
    "end_sup": 0.9975070989947739,
    "num_states": 4096
}
