{
    "pdepth": 60,
    "end_eng": 0.009304403834439468,
    "end_sup": 0.9914672564963036,
    "num_states": 8192
}
