{
    "pdepth": 60,
    "end_eng": 0.07574115489819101,
    "end_sup": 0.9274722854035393,
    "num_states": 2048
}
