{
    "pdepth": 60,
    "end_eng": 0.0061154448649530235,
    "end_sup": 0.9959033953639376,
    "num_states": 2048
}
