{
    "pdepth": 60,
    "end_eng": 0.01654147484732421,
    "end_sup": 0.9859704059555924,
    "num_states": 4096
}
