{
    "pdepth": 60,
    "end_eng": 0.05567775344901294,
    "end_sup": 0.9457834767096538,
    "num_states": 4096
}
