{
    "pdepth": 60,
    "end_eng": 0.029559640519193096,
    "end_sup": 0.9870295890483072,
    "num_states": 2048
}
