{
    "pdepth": 60,
    "end_eng": 0.0057579286452796065,
    "end_sup": 0.9963384531459869,
    "num_states": 2048
}
