{
    "pdepth": 60,
    "end_eng": 0.07799495947971247,
    "end_sup": 0.9272905376269621,
    "num_states": 1024
}
