{
    "pdepth": 60,
    "end_eng": 0.026359953901487945,
    "end_sup": 0.9755718026349975,
    "num_states": 4096
}
