{
    "pdepth": 60,
    "end_eng": 0.003932320123199124,
    "end_sup": 0.9975202861147863,
    "num_states": 2048
}
