{
    "pdepth": 60,
    "end_eng": 0.0836422419308613,
    "end_sup": 0.9307134254754237,
    "num_states": 2048
}
