{
    "pdepth": 60,
    "end_eng": 0.014777035078500478,
    "end_sup": 0.9865580227263381,
    "num_states": 4096
}
