{
    "pdepth": 60,
    "end_eng": 0.2756365897419915,
    "end_sup": 0.7995125322383808,
    "num_states": 2048
}
