{
    "pdepth": 60,
    "end_eng": 0.0035732859038953534,
    "end_sup": 0.997343784591697,
    "num_states": 2048
}
