{
    "pdepth": 60,
    "end_eng": 0.07683687244315637,
    "end_sup": 0.9261634806497976,
    "num_states": 1024
}
