{
    "pdepth": 60,
    "end_eng": 0.005444477365916178,
    "end_sup": 0.9962016325719998,
    "num_states": 8192
}
