{
    "pdepth": 60,
    "end_eng": 0.025848798250947366,
    "end_sup": 0.9885371440400466,
    "num_states": 2048
}
