{
    "pdepth": 60,
    "end_eng": 0.044490262543127365,
    "end_sup": 0.9577466153377712,
    "num_states": 4096
}
