{
    "pdepth": 60,
    "end_eng": 0.019293785395006004,
    "end_sup": 0.9831719798422712,
    "num_states": 4096
}
