{
    "pdepth": 60,
    "end_eng": 0.005799783608500969,
    "end_sup": 0.9949081146040795,
    "num_states": 4096
}
