{
    "pdepth": 60,
    "end_eng": 0.004524743932560192,
    "end_sup": 0.9958539741945834,
    "num_states": 2048
}
