{
    "pdepth": 60,
    "end_eng": 0.06588726977433124,
    "end_sup": 0.9351880525186561,
    "num_states": 2048
}
