{
    "pdepth": 60,
    "end_eng": 0.004619413656460805,
    "end_sup": 0.9966556988974864,
    "num_states": 8192
}
