{
    "pdepth": 60,
    "end_eng": 0.03390467149360946,
    "end_sup": 0.9698498264590353,
    "num_states": 2048
}
