{
    "pdepth": 60,
    "end_eng": 0.18757913207776908,
    "end_sup": 0.8150661999841793,
    "num_states": 512
}
