{
    "pdepth": 60,
    "end_eng": 0.020734671027858302,
    "end_sup": 0.9811962019176664,
    "num_states": 4096
}
