{
    "pdepth": 60,
    "end_eng": 0.07485111155712161,
    "end_sup": 0.9278288572200388,
    "num_states": 2048
}
