{
    "pdepth": 60,
    "end_eng": 0.02755258068337487,
    "end_sup": 0.9851092269418309,
    "num_states": 4096
}
