{
    "pdepth": 60,
    "end_eng": 0.005168465610370412,
    "end_sup": 0.9964872506393905,
    "num_states": 8192
}
