{
    "pdepth": 60,
    "end_eng": 0.0033358086211079745,
    "end_sup": 0.996951087398826,
    "num_states": 2048
}
