{
    "pdepth": 60,
    "end_eng": 0.20832716285147668,
    "end_sup": 0.7942498950871992,
    "num_states": 4096
}
