{
    "pdepth": 60,
    "end_eng": 0.004794082799077195,
    "end_sup": 0.9976422026746747,
    "num_states": 4096
}
