{
    "pdepth": 60,
    "end_eng": 0.028684539085803682,
    "end_sup": 0.973083720625341,
    "num_states": 2048
}
