{
    "pdepth": 60,
    "end_eng": 0.048576909457995324,
    "end_sup": 0.9523555520101907,
    "num_states": 2048
}
