{
    "pdepth": 60,
    "end_eng": 0.0048703448257609435,
    "end_sup": 0.9968311244959659,
    "num_states": 4096
}
