{
    "pdepth": 60,
    "end_eng": 0.0062173522390987146,
    "end_sup": 0.9963305060700907,
    "num_states": 4096
}
