{
    "pdepth": 60,
    "end_eng": 0.05631093411515506,
    "end_sup": 0.9467362086168587,
    "num_states": 2048
}
