{
    "pdepth": 60,
    "end_eng": 0.005305523106234441,
    "end_sup": 0.9953476146087128,
    "num_states": 4096
}
