{
    "pdepth": 60,
    "end_eng": 0.04657954217996321,
    "end_sup": 0.983121347173228,
    "num_states": 1024
}
