{
    "pdepth": 60,
    "end_eng": 0.010695055384405714,
    "end_sup": 0.990343827843046,
    "num_states": 4096
}
