{
    "pdepth": 60,
    "end_eng": 0.043038670301370235,
    "end_sup": 0.9574689326490389,
    "num_states": 4096
}
