{
    "pdepth": 60,
    "end_eng": 0.30004761146112896,
    "end_sup": 0.7160969211939523,
    "num_states": 512
}
