{
    "pdepth": 60,
    "end_eng": 0.07402461417205247,
    "end_sup": 0.9281825488920399,
    "num_states": 2048
}
