{
    "pdepth": 60,
    "end_eng": 0.02962170946483589,
    "end_sup": 0.9870915450906751,
    "num_states": 2048
}
