{
    "pdepth": 60,
    "end_eng": 0.0061521267381996845,
    "end_sup": 0.9944857442877288,
    "num_states": 4096
}
