{
    "pdepth": 60,
    "end_eng": 0.07389865685876926,
    "end_sup": 0.9407198065308413,
    "num_states": 2048
}
