{
    "pdepth": 60,
    "end_eng": 0.03609212227231607,
    "end_sup": 0.9799094006925703,
    "num_states": 4096
}
