{
    "pdepth": 60,
    "end_eng": 0.01972356013240186,
    "end_sup": 0.9852732403571508,
    "num_states": 1024
}
