{
    "pdepth": 60,
    "end_eng": 0.0043107191682754745,
    "end_sup": 0.9960478579465264,
    "num_states": 8192
}
