{
    "pdepth": 60,
    "end_eng": 0.0033043610684714087,
    "end_sup": 0.9969931752866483,
    "num_states": 2048
}
