{
    "pdepth": 60,
    "end_eng": 0.004875931391638042,
    "end_sup": 0.9961226608670324,
    "num_states": 1024
}
