{
    "pdepth": 60,
    "end_eng": 0.007595396371948799,
    "end_sup": 0.9946197964565411,
    "num_states": 4096
}
