{
    "pdepth": 60,
    "end_eng": 2.1213256569764056e-5,
    "end_sup": 0.9999787867798504,
    "num_states": 27
}
