{
    "pdepth": 60,
    "end_eng": 0.00041387267399750925,
    "end_sup": 0.9995955156849341,
    "num_states": 108
}
