{
    "pdepth": 60,
    "end_eng": 0.00013137177678182224,
    "end_sup": 0.9998686282232181,
    "num_states": 81
}
