{
    "pdepth": 60,
    "end_eng": 0.002771992392902558,
    "end_sup": 0.9978563149899421,
    "num_states": 72
}
