{
    "pdepth": 60,
    "end_eng": 0.00015064606255406227,
    "end_sup": 0.9998721461013292,
    "num_states": 48
}
