{
    "pdepth": 60,
    "end_eng": 0.002850150478364904,
    "end_sup": 0.9972362944185601,
    "num_states": 18
}
