{
    "pdepth": 60,
    "end_eng": 8.247809417883398e-5,
    "end_sup": 0.9999350670797528,
    "num_states": 72
}
