{
    "pdepth": 60,
    "end_eng": 0.0001928182174618175,
    "end_sup": 0.9998271183299581,
    "num_states": 54
}
