{
    "pdepth": 60,
    "end_eng": 0.003800293868075553,
    "end_sup": 0.9967049373170245,
    "num_states": 36
}
