{
    "pdepth": 60,
    "end_eng": 0.0001529759982491288,
    "end_sup": 0.9998627248603396,
    "num_states": 18
}
