{
    "pdepth": 60,
    "end_eng": 6.801654859528536e-5,
    "end_sup": 0.9999319834514049,
    "num_states": 27
}
