{
    "pdepth": 60,
    "end_eng": 0.0034130033522733485,
    "end_sup": 0.9973618592244026,
    "num_states": 36
}
