{
    "pdepth": 60,
    "end_eng": 0.00015997641146359956,
    "end_sup": 0.9998705426547521,
    "num_states": 108
}
