{
    "pdepth": 60,
    "end_eng": 0.00014463793687335714,
    "end_sup": 0.9998717936464405,
    "num_states": 27
}
