{
    "pdepth": 60,
    "end_eng": 0.00010306088213926767,
    "end_sup": 0.999915086468332,
    "num_states": 18
}
