{
    "pdepth": 60,
    "end_eng": 0.0012773890594751723,
    "end_sup": 0.9990403187352493,
    "num_states": 36
}
