{
    "pdepth": 60,
    "end_eng": 0.0011258285433445858,
    "end_sup": 0.9991778624835252,
    "num_states": 72
}
