{
    "pdepth": 60,
    "end_eng": 0.003699790624051485,
    "end_sup": 0.9963454049423478,
    "num_states": 18
}
