{
    "pdepth": 60,
    "end_eng": 0.00015064606255406666,
    "end_sup": 0.9998721461013294,
    "num_states": 48
}
