{
    "pdepth": 60,
    "end_eng": 0.0010157414609445379,
    "end_sup": 0.99935632098099,
    "num_states": 144
}
