{
    "pdepth": 60,
    "end_eng": 0.00013048446426968343,
    "end_sup": 0.9998896836417426,
    "num_states": 36
}
