{
    "pdepth": 60,
    "end_eng": 0.00018611179010851015,
    "end_sup": 0.9998271330261622,
    "num_states": 54
}
