{
    "pdepth": 60,
    "end_eng": 0.0009105288392621227,
    "end_sup": 0.9995359643098308,
    "num_states": 144
}
