{
    "pdepth": 60,
    "end_eng": 0.0013468831793571842,
    "end_sup": 0.998945256156816,
    "num_states": 144
}
