{
    "pdepth": 60,
    "end_eng": 0.00020654391903459433,
    "end_sup": 0.9998248272688547,
    "num_states": 72
}
