{
    "pdepth": 60,
    "end_eng": 0.0001584947733028613,
    "end_sup": 0.9998434004498205,
    "num_states": 24
}
