{
    "pdepth": 60,
    "end_eng": 0.001304980530513097,
    "end_sup": 0.9988571169424008,
    "num_states": 144
}
