{
    "pdepth": 60,
    "end_eng": 7.426065349857231e-5,
    "end_sup": 0.9999257403276586,
    "num_states": 72
}
