{
    "pdepth": 60,
    "end_eng": 0.0002420372516560548,
    "end_sup": 0.9997626589651124,
    "num_states": 36
}
