{
    "pdepth": 60,
    "end_eng": 0.00033820238739033814,
    "end_sup": 0.9996618009561489,
    "num_states": 108
}
