{
    "pdepth": 60,
    "end_eng": 6.70730958423334e-5,
    "end_sup": 0.9999424007888504,
    "num_states": 12
}
