{
    "pdepth": 60,
    "end_eng": 0.001368361539586676,
    "end_sup": 0.998699878936735,
    "num_states": 144
}
