{
    "pdepth": 60,
    "end_eng": 0.0009182395671071421,
    "end_sup": 0.9991322278104079,
    "num_states": 288
}
