{
    "pdepth": 60,
    "end_eng": 0.00011216393616821617,
    "end_sup": 0.9999112540182507,
    "num_states": 54
}
