{
    "pdepth": 60,
    "end_eng": 0.00020609244691910706,
    "end_sup": 0.999808328443962,
    "num_states": 18
}
