{
    "pdepth": 60,
    "end_eng": 0.0008373912209723024,
    "end_sup": 0.9996411519860878,
    "num_states": 72
}
