{
    "pdepth": 60,
    "end_eng": 0.00025397329411819465,
    "end_sup": 0.9997593058028647,
    "num_states": 72
}
