{
    "pdepth": 60,
    "end_eng": 0.00015997641146360618,
    "end_sup": 0.9998705426547524,
    "num_states": 72
}
