{
    "pdepth": 60,
    "end_eng": 0.0009074337357622584,
    "end_sup": 0.9991046841623548,
    "num_states": 108
}
