{
    "pdepth": 60,
    "end_eng": 0.00045600718070099835,
    "end_sup": 0.999568532289079,
    "num_states": 24
}
