{
    "pdepth": 60,
    "end_eng": 0.0005144217327902412,
    "end_sup": 0.9997025506310463,
    "num_states": 36
}
