{
    "pdepth": 60,
    "end_eng": 0.0008877833123287259,
    "end_sup": 0.9991481216850847,
    "num_states": 108
}
