{
    "pdepth": 60,
    "end_eng": 0.0003098961543518469,
    "end_sup": 0.9997089892432893,
    "num_states": 108
}
