{
    "pdepth": 60,
    "end_eng": 0.00013137177678182243,
    "end_sup": 0.9998686282232185,
    "num_states": 81
}
