{
    "pdepth": 60,
    "end_eng": 0.00012508437835835495,
    "end_sup": 0.9998749195031985,
    "num_states": 18
}
