{
    "pdepth": 60,
    "end_eng": 0.0002600600969443992,
    "end_sup": 0.9997576613796244,
    "num_states": 72
}
