{
    "pdepth": 60,
    "end_eng": 0.0014007952590489737,
    "end_sup": 0.9987642412339925,
    "num_states": 144
}
