{
    "pdepth": 60,
    "end_eng": 0.0002624535879483218,
    "end_sup": 0.999744544701997,
    "num_states": 144
}
