{
    "pdepth": 60,
    "end_eng": 0.0009949621433769278,
    "end_sup": 0.9990982930164809,
    "num_states": 144
}
