{
    "pdepth": 60,
    "end_eng": 0.0011899366942187287,
    "end_sup": 0.9993633269700541,
    "num_states": 72
}
