{
    "pdepth": 60,
    "end_eng": 0.0018041159372134974,
    "end_sup": 0.9982241099838395,
    "num_states": 6
}
