{
    "pdepth": 60,
    "end_eng": 0.00012993103649677526,
    "end_sup": 0.999874988032272,
    "num_states": 18
}
