{
    "pdepth": 60,
    "end_eng": 0.020849333731802845,
    "end_sup": 0.979221038573526,
    "num_states": 144
}
