{
    "pdepth": 60,
    "end_eng": 0.0004067527034226397,
    "end_sup": 0.9996943207208556,
    "num_states": 36
}
