{
    "pdepth": 60,
    "end_eng": 0.0007476740319897535,
    "end_sup": 0.9994217801486854,
    "num_states": 288
}
