{
    "pdepth": 60,
    "end_eng": 0.013136562054369945,
    "end_sup": 0.987114628664381,
    "num_states": 32
}
