{
    "pdepth": 60,
    "end_eng": 0.026476201181544996,
    "end_sup": 0.9740011464652706,
    "num_states": 36
}
