{
    "pdepth": 60,
    "end_eng": 0.00025907829176986753,
    "end_sup": 0.9997596843345143,
    "num_states": 54
}
