{
    "pdepth": 60,
    "end_eng": 0.00033287128236005406,
    "end_sup": 0.999689743011512,
    "num_states": 216
}
