{
    "pdepth": 60,
    "end_eng": 0.00028690515403857145,
    "end_sup": 0.9997933013584728,
    "num_states": 18
}
