{
    "pdepth": 60,
    "end_eng": 0.00020609244691911205,
    "end_sup": 0.9998083284439616,
    "num_states": 54
}
