{
    "pdepth": 60,
    "end_eng": 0.0002810968497483602,
    "end_sup": 0.9997382637433587,
    "num_states": 36
}
