{
    "pdepth": 60,
    "end_eng": 0.00017062269191906354,
    "end_sup": 0.9998512000851443,
    "num_states": 72
}
