{
    "pdepth": 60,
    "end_eng": 0.0002573208798023358,
    "end_sup": 0.9997647562403649,
    "num_states": 54
}
