{
    "pdepth": 60,
    "end_eng": 0.0001084995701247026,
    "end_sup": 0.9998980900375709,
    "num_states": 18
}
