{
    "pdepth": 60,
    "end_eng": 0.00041017804670248696,
    "end_sup": 0.999608635777621,
    "num_states": 144
}
