{
    "pdepth": 60,
    "end_eng": 0.0011489075159208319,
    "end_sup": 0.9989593523417906,
    "num_states": 36
}
