{
    "pdepth": 60,
    "end_eng": 7.38934613683218e-6,
    "end_sup": 0.9999926106538634,
    "num_states": 36
}
