{
    "pdepth": 60,
    "end_eng": 0.000253823987525919,
    "end_sup": 0.9997501682441235,
    "num_states": 36
}
