{
    "pdepth": 60,
    "end_eng": 0.0012933593862181994,
    "end_sup": 0.9987275366965414,
    "num_states": 72
}
