{
    "pdepth": 60,
    "end_eng": 2.0386881997044597e-5,
    "end_sup": 0.9999796132219094,
    "num_states": 4
}
