{
    "pdepth": 60,
    "end_eng": 0.002129555639061846,
    "end_sup": 0.9989172292757797,
    "num_states": 144
}
