{
    "pdepth": 60,
    "end_eng": 0.0005984491368365212,
    "end_sup": 0.9994271441400178,
    "num_states": 48
}
