{
    "pdepth": 60,
    "end_eng": 0.0008988926967618055,
    "end_sup": 0.9991011324529611,
    "num_states": 36
}
