{
    "pdepth": 60,
    "end_eng": 0.00033766114583154324,
    "end_sup": 0.9997134697129206,
    "num_states": 24
}
