{
    "pdepth": 60,
    "end_eng": 0.00012397146205471568,
    "end_sup": 0.9998760293994108,
    "num_states": 24
}
