{
    "pdepth": 60,
    "end_eng": 5.9074032525957456e-5,
    "end_sup": 0.9999409260752312,
    "num_states": 54
}
