{
    "pdepth": 60,
    "end_eng": 0.0001768491802768921,
    "end_sup": 0.9998306868922171,
    "num_states": 216
}
