{
    "pdepth": 60,
    "end_eng": 4.584743866323986e-5,
    "end_sup": 0.999960678221083,
    "num_states": 24
}
