{
    "pdepth": 60,
    "end_eng": 0.0023883118967681755,
    "end_sup": 0.9976211280218982,
    "num_states": 216
}
