{
    "pdepth": 60,
    "end_eng": 0.001947030766929868,
    "end_sup": 0.9990465276368261,
    "num_states": 72
}
