{
    "pdepth": 60,
    "end_eng": 0.0013017802597600756,
    "end_sup": 0.9988337454829745,
    "num_states": 192
}
