{
    "pdepth": 60,
    "end_eng": 0.00028456533540596187,
    "end_sup": 0.9997154514968228,
    "num_states": 48
}
