{
    "pdepth": 60,
    "end_eng": 0.000428866927793886,
    "end_sup": 0.999631291271125,
    "num_states": 144
}
