{
    "pdepth": 60,
    "end_eng": 0.00034525760300133226,
    "end_sup": 0.9996710927713944,
    "num_states": 108
}
