{
    "pdepth": 60,
    "end_eng": 0.00019389420146074298,
    "end_sup": 0.999813039956082,
    "num_states": 108
}
