{
    "pdepth": 60,
    "end_eng": 0.006672724608238888,
    "end_sup": 0.9976727572432401,
    "num_states": 192
}
