{
    "pdepth": 60,
    "end_eng": 0.001280733068417232,
    "end_sup": 0.9987541872943649,
    "num_states": 27
}
