{
    "pdepth": 60,
    "end_eng": 0.0023271180218966663,
    "end_sup": 0.9987762111166698,
    "num_states": 192
}
