{
    "pdepth": 60,
    "end_eng": 0.00027118921983234674,
    "end_sup": 0.9997528018436099,
    "num_states": 108
}
