{
    "pdepth": 60,
    "end_eng": 0.011361314892300854,
    "end_sup": 0.9886827720347139,
    "num_states": 108
}
