{
    "pdepth": 60,
    "end_eng": 0.0009378809163017347,
    "end_sup": 0.9992683060069238,
    "num_states": 144
}
