{
    "pdepth": 60,
    "end_eng": 0.00015876689887707153,
    "end_sup": 0.9998412331011232,
    "num_states": 12
}
