{
    "pdepth": 60,
    "end_eng": 0.0009904495559699476,
    "end_sup": 0.999139504754661,
    "num_states": 144
}
