{
    "pdepth": 14,
    "end_eng": 0.3409602603315465,
    "end_sup": 0.7683719812871956,
    "num_states": 2048
}
