{
    "pdepth": 14,
    "end_eng": 0.0936727859252677,
    "end_sup": 0.9236135138833164,
    "num_states": 1024
}
