{
    "pdepth": 14,
    "end_eng": 0.11191684911874601,
    "end_sup": 0.9034782806114062,
    "num_states": 2048
}
