{
    "pdepth": 14,
    "end_eng": 0.07173819783804453,
    "end_sup": 0.9352430761882335,
    "num_states": 4096
}
