{
    "pdepth": 14,
    "end_eng": 0.22017479671778645,
    "end_sup": 0.8299177893242214,
    "num_states": 2048
}
