{
    "pdepth": 14,
    "end_eng": 0.1734707817685826,
    "end_sup": 0.8555515209102331,
    "num_states": 8192
}
