{
    "pdepth": 14,
    "end_eng": 0.19370621562531642,
    "end_sup": 0.8326378394525272,
    "num_states": 4096
}
