{
    "pdepth": 14,
    "end_eng": 0.281435314318218,
    "end_sup": 0.823704130222276,
    "num_states": 2048
}
