{
    "pdepth": 14,
    "end_eng": 0.49406133592413237,
    "end_sup": 0.6131620073183921,
    "num_states": 256
}
