{
    "pdepth": 14,
    "end_eng": 0.3642473142248239,
    "end_sup": 0.8209142608287608,
    "num_states": 1024
}
