{
    "pdepth": 14,
    "end_eng": 0.2834789109330557,
    "end_sup": 0.840120044694997,
    "num_states": 2048
}
