{
    "pdepth": 14,
    "end_eng": 0.15926104356409482,
    "end_sup": 0.8553595548473866,
    "num_states": 8192
}
