{
    "pdepth": 14,
    "end_eng": 0.2633374261656548,
    "end_sup": 0.7802074365345076,
    "num_states": 1024
}
