{
    "pdepth": 14,
    "end_eng": 0.1889685958138378,
    "end_sup": 0.8994758132083839,
    "num_states": 4096
}
