{
    "pdepth": 14,
    "end_eng": 0.12874902948599276,
    "end_sup": 0.8832553734651182,
    "num_states": 16384
}
