{
    "pdepth": 14,
    "end_eng": 0.12688662941378492,
    "end_sup": 0.898890299339431,
    "num_states": 8192
}
