{
    "pdepth": 14,
    "end_eng": 0.31449841952831725,
    "end_sup": 0.7818046728197074,
    "num_states": 4096
}
