{
    "pdepth": 14,
    "end_eng": 0.12915284916184167,
    "end_sup": 0.8993537261323318,
    "num_states": 4096
}
