{
    "pdepth": 14,
    "end_eng": 0.1171632049028738,
    "end_sup": 0.9042463912306186,
    "num_states": 8192
}
