{
    "pdepth": 14,
    "end_eng": 0.1635229238543086,
    "end_sup": 0.8614435831894944,
    "num_states": 4096
}
