{
    "pdepth": 14,
    "end_eng": 0.5821066341966947,
    "end_sup": 0.48842923782775716,
    "num_states": 512
}
