{
    "pdepth": 14,
    "end_eng": 0.32063287459949974,
    "end_sup": 0.7049796464219618,
    "num_states": 8192
}
