{
    "pdepth": 14,
    "end_eng": 0.43977410484085616,
    "end_sup": 0.6240912014755857,
    "num_states": 1024
}
