{
    "pdepth": 14,
    "end_eng": 0.6004053951768545,
    "end_sup": 0.46230386486044084,
    "num_states": 4096
}
