{
    "pdepth": 14,
    "end_eng": 0.3580939726936639,
    "end_sup": 0.677498820683281,
    "num_states": 2048
}
