{
    "pdepth": 14,
    "end_eng": 0.564598501462899,
    "end_sup": 0.5172265018549405,
    "num_states": 2048
}
