{
    "pdepth": 14,
    "end_eng": 0.10747769951152147,
    "end_sup": 0.9055914483272638,
    "num_states": 4096
}
