{
    "pdepth": 14,
    "end_eng": 0.31972151383392455,
    "end_sup": 0.7328257940972888,
    "num_states": 2048
}
