{
    "pdepth": 14,
    "end_eng": 0.14533597668865025,
    "end_sup": 0.8796361433091123,
    "num_states": 4096
}
