{
    "pdepth": 14,
    "end_eng": 0.07495914325782592,
    "end_sup": 0.9377586310292358,
    "num_states": 4096
}
