{
    "pdepth": 14,
    "end_eng": 0.17065187791709835,
    "end_sup": 0.8469171746000563,
    "num_states": 4096
}
