{
    "pdepth": 14,
    "end_eng": 0.09567420107074276,
    "end_sup": 0.9331641323088784,
    "num_states": 512
}
