{
    "pdepth": 14,
    "end_eng": 0.10945127767593124,
    "end_sup": 0.9002727886004089,
    "num_states": 8192
}
