{
    "pdepth": 14,
    "end_eng": 0.3497474710757352,
    "end_sup": 0.7526381949437547,
    "num_states": 4096
}
