{
    "pdepth": 14,
    "end_eng": 0.40860384685210444,
    "end_sup": 0.6325535562383289,
    "num_states": 4096
}
