{
    "pdepth": 14,
    "end_eng": 0.10627421027515682,
    "end_sup": 0.9137204448226489,
    "num_states": 4096
}
