{
    "pdepth": 14,
    "end_eng": 0.09783511503241096,
    "end_sup": 0.9183701120107395,
    "num_states": 4096
}
