{
    "pdepth": 14,
    "end_eng": 0.08439270593786186,
    "end_sup": 0.9336853466601477,
    "num_states": 1024
}
