{
    "pdepth": 14,
    "end_eng": 0.35744727600293646,
    "end_sup": 0.7021987322791865,
    "num_states": 1024
}
