{
    "pdepth": 14,
    "end_eng": 0.1030975702609713,
    "end_sup": 0.9227010554116815,
    "num_states": 4096
}
