{
    "pdepth": 14,
    "end_eng": 0.39622924372815765,
    "end_sup": 0.6332318966057161,
    "num_states": 2048
}
