{
    "pdepth": 14,
    "end_eng": 0.6250610864894772,
    "end_sup": 0.43834029337825503,
    "num_states": 1024
}
