{
    "pdepth": 14,
    "end_eng": 0.38449139320818604,
    "end_sup": 0.6429239275442153,
    "num_states": 4096
}
