{
    "pdepth": 14,
    "end_eng": 0.3514157159898901,
    "end_sup": 0.6933892890896676,
    "num_states": 4096
}
