{
    "pdepth": 14,
    "end_eng": 0.4284311521964358,
    "end_sup": 0.6245556606082905,
    "num_states": 4096
}
