{
    "pdepth": 14,
    "end_eng": 0.10626157846145534,
    "end_sup": 0.9048550244381728,
    "num_states": 2048
}
