{
    "pdepth": 14,
    "end_eng": 0.09091468731474618,
    "end_sup": 0.920842286755327,
    "num_states": 4096
}
