{
    "pdepth": 14,
    "end_eng": 0.13641943133219675,
    "end_sup": 0.8922862813508755,
    "num_states": 2048
}
