{
    "pdepth": 14,
    "end_eng": 0.08076240691762705,
    "end_sup": 0.9352327883953225,
    "num_states": 2048
}
