{
    "pdepth": 14,
    "end_eng": 0.46824685595805615,
    "end_sup": 0.584560987028866,
    "num_states": 2048
}
