{
    "pdepth": 14,
    "end_eng": 0.6267868441958171,
    "end_sup": 0.4249499051114857,
    "num_states": 4096
}
