{
    "pdepth": 14,
    "end_eng": 0.12524979047229315,
    "end_sup": 0.8969603647459636,
    "num_states": 4096
}
