{
    "pdepth": 14,
    "end_eng": 0.29794983157686217,
    "end_sup": 0.7417542609209323,
    "num_states": 4096
}
