{
    "pdepth": 14,
    "end_eng": 0.1764054353698703,
    "end_sup": 0.8344148043908368,
    "num_states": 2048
}
