{
    "pdepth": 14,
    "end_eng": 0.2070585932352886,
    "end_sup": 0.8312052514942097,
    "num_states": 2048
}
