{
    "pdepth": 14,
    "end_eng": 0.1392321667354268,
    "end_sup": 0.8824763179067117,
    "num_states": 2048
}
