{
    "pdepth": 14,
    "end_eng": 0.12434708712042715,
    "end_sup": 0.8965399539994123,
    "num_states": 1024
}
