{
    "pdepth": 14,
    "end_eng": 0.45909483703257187,
    "end_sup": 0.592792663362857,
    "num_states": 2048
}
