{
    "pdepth": 14,
    "end_eng": 0.26919635969727557,
    "end_sup": 0.7616189373390165,
    "num_states": 1024
}
