{
    "pdepth": 14,
    "end_eng": 0.09521403510219453,
    "end_sup": 0.9360697746783069,
    "num_states": 4096
}
