{
    "pdepth": 14,
    "end_eng": 0.3846145897595398,
    "end_sup": 0.7554004504732841,
    "num_states": 2048
}
