{
    "pdepth": 14,
    "end_eng": 0.20453511736953153,
    "end_sup": 0.8317141722771829,
    "num_states": 2048
}
