{
    "pdepth": 14,
    "end_eng": 0.1171916238620356,
    "end_sup": 0.9070415228025444,
    "num_states": 4096
}
