{
    "pdepth": 14,
    "end_eng": 0.1263260977914692,
    "end_sup": 0.8981080951658796,
    "num_states": 4096
}
