{
    "pdepth": 14,
    "end_eng": 0.35064909459888904,
    "end_sup": 0.6965362432600041,
    "num_states": 4096
}
