{
    "pdepth": 14,
    "end_eng": 0.24719353564022484,
    "end_sup": 0.8744437793092728,
    "num_states": 1024
}
