{
    "pdepth": 14,
    "end_eng": 0.7428599845911157,
    "end_sup": 0.4411079890009121,
    "num_states": 512
}
