{
    "pdepth": 14,
    "end_eng": 0.39812526084650157,
    "end_sup": 0.6976232677673255,
    "num_states": 2048
}
