{
    "pdepth": 14,
    "end_eng": 0.4262714855135036,
    "end_sup": 0.6328276424457835,
    "num_states": 2048
}
