{
    "pdepth": 14,
    "end_eng": 0.4316658410658537,
    "end_sup": 0.6749383399568909,
    "num_states": 2048
}
