{
    "pdepth": 14,
    "end_eng": 0.15745648248154054,
    "end_sup": 0.8738201633225695,
    "num_states": 2048
}
