{
    "pdepth": 14,
    "end_eng": 0.09917568441779004,
    "end_sup": 0.9217930202650269,
    "num_states": 2048
}
