{
    "pdepth": 14,
    "end_eng": 0.3963405842525123,
    "end_sup": 0.6460015550731768,
    "num_states": 2048
}
