{
    "pdepth": 14,
    "end_eng": 0.12139103870524684,
    "end_sup": 0.8926719543215572,
    "num_states": 4096
}
