{
    "pdepth": 14,
    "end_eng": 0.4380489063940151,
    "end_sup": 0.6065028102403541,
    "num_states": 1024
}
