{
    "pdepth": 14,
    "end_eng": 0.0824991482511426,
    "end_sup": 0.9282778646302257,
    "num_states": 1024
}
