{
    "pdepth": 14,
    "end_eng": 0.4591235052332809,
    "end_sup": 0.64636150231259,
    "num_states": 1024
}
