{
    "pdepth": 14,
    "end_eng": 0.2123410263991944,
    "end_sup": 0.8197267848088741,
    "num_states": 2048
}
