{
    "pdepth": 14,
    "end_eng": 0.27025465041108077,
    "end_sup": 0.7712026677888307,
    "num_states": 4096
}
