{
    "pdepth": 14,
    "end_eng": 0.23908906194751553,
    "end_sup": 0.7907232123457539,
    "num_states": 4096
}
