{
    "pdepth": 14,
    "end_eng": 0.24518653947505553,
    "end_sup": 0.8454503411100607,
    "num_states": 1024
}
