{
    "pdepth": 14,
    "end_eng": 0.5678363211728124,
    "end_sup": 0.4807665132526213,
    "num_states": 2048
}
