{
    "pdepth": 14,
    "end_eng": 0.15883579935583375,
    "end_sup": 0.8615421590017133,
    "num_states": 4096
}
