{
    "pdepth": 14,
    "end_eng": 0.4054902043677101,
    "end_sup": 0.6642533307741628,
    "num_states": 1024
}
