{
    "pdepth": 14,
    "end_eng": 0.24913098513356915,
    "end_sup": 0.7841920639355374,
    "num_states": 2048
}
