{
    "pdepth": 14,
    "end_eng": 0.2704523284567194,
    "end_sup": 0.7593031514274755,
    "num_states": 2048
}
