{
    "pdepth": 14,
    "end_eng": 0.2273306000618282,
    "end_sup": 0.8039376017764902,
    "num_states": 4096
}
