{
    "pdepth": 14,
    "end_eng": 0.18054546308416108,
    "end_sup": 0.8364920221648521,
    "num_states": 4096
}
