{
    "pdepth": 14,
    "end_eng": 0.40340988691249813,
    "end_sup": 0.6276862021389634,
    "num_states": 2048
}
