{
    "pdepth": 14,
    "end_eng": 0.06682516696469967,
    "end_sup": 0.9389947278185442,
    "num_states": 2048
}
