{
    "pdepth": 14,
    "end_eng": 0.6775700077298651,
    "end_sup": 0.37497828762511787,
    "num_states": 2048
}
