{
    "pdepth": 14,
    "end_eng": 0.3380789041151014,
    "end_sup": 0.6901023468372556,
    "num_states": 1024
}
