{
    "pdepth": 14,
    "end_eng": 0.24747278662402175,
    "end_sup": 0.797648151424615,
    "num_states": 2048
}
