{
    "pdepth": 14,
    "end_eng": 0.11173826265394385,
    "end_sup": 0.9108459365285911,
    "num_states": 8192
}
