{
    "pdepth": 14,
    "end_eng": 0.4108393373483811,
    "end_sup": 0.6422787044211157,
    "num_states": 2048
}
