{
    "pdepth": 14,
    "end_eng": 0.13723999053338398,
    "end_sup": 0.8822068634282659,
    "num_states": 8192
}
