{
    "pdepth": 14,
    "end_eng": 0.21270990227845282,
    "end_sup": 0.8254423309176105,
    "num_states": 4096
}
