{
    "pdepth": 14,
    "end_eng": 0.4517470046420395,
    "end_sup": 0.6483854751451736,
    "num_states": 2048
}
