{
    "pdepth": 14,
    "end_eng": 0.0595541987123689,
    "end_sup": 0.9445479472455192,
    "num_states": 2048
}
