{
    "pdepth": 14,
    "end_eng": 0.2714144892092868,
    "end_sup": 0.762560912063398,
    "num_states": 2048
}
