{
    "pdepth": 14,
    "end_eng": 0.44649779884335805,
    "end_sup": 0.5803790468703927,
    "num_states": 4096
}
