{
    "pdepth": 14,
    "end_eng": 0.3871440740111302,
    "end_sup": 0.6542839274096193,
    "num_states": 4096
}
