{
    "pdepth": 14,
    "end_eng": 0.22818144156431414,
    "end_sup": 0.7956873399878587,
    "num_states": 8192
}
