{
    "pdepth": 14,
    "end_eng": 0.21957164489072853,
    "end_sup": 0.8807412793440127,
    "num_states": 8192
}
