{
    "pdepth": 14,
    "end_eng": 0.29748412125170987,
    "end_sup": 0.7460445123953677,
    "num_states": 2048
}
