{
    "pdepth": 14,
    "end_eng": 0.1228956722757781,
    "end_sup": 0.9000643609898554,
    "num_states": 8192
}
