{
    "pdepth": 14,
    "end_eng": 0.32052478541356594,
    "end_sup": 0.7170159052092078,
    "num_states": 2048
}
