{
    "pdepth": 14,
    "end_eng": 0.39127502378275725,
    "end_sup": 0.7987216775466508,
    "num_states": 256
}
