{
    "pdepth": 14,
    "end_eng": 0.17164481885461394,
    "end_sup": 0.8398506998487412,
    "num_states": 8192
}
