{
    "pdepth": 14,
    "end_eng": 0.26729692493682755,
    "end_sup": 0.7668130925853753,
    "num_states": 16384
}
