{
    "pdepth": 14,
    "end_eng": 0.1891448564829044,
    "end_sup": 0.8423292731745562,
    "num_states": 2048
}
