{
    "pdepth": 14,
    "end_eng": 0.20965151727277023,
    "end_sup": 0.813047452303574,
    "num_states": 1024
}
