{
    "pdepth": 14,
    "end_eng": 0.09628461440280518,
    "end_sup": 0.9101624195143696,
    "num_states": 8192
}
