{
    "pdepth": 14,
    "end_eng": 0.11177885231474324,
    "end_sup": 0.899056577596922,
    "num_states": 16384
}
