{
    "pdepth": 14,
    "end_eng": 0.15830197349318817,
    "end_sup": 0.8548568017000815,
    "num_states": 8192
}
