{
    "pdepth": 14,
    "end_eng": 0.3230157771985102,
    "end_sup": 0.7268450352720381,
    "num_states": 1024
}
