{
    "pdepth": 14,
    "end_eng": 0.625204591673691,
    "end_sup": 0.46493951687163176,
    "num_states": 1024
}
