{
    "pdepth": 14,
    "end_eng": 0.11968158512952522,
    "end_sup": 0.890896812493839,
    "num_states": 8192
}
