{
    "pdepth": 14,
    "end_eng": 0.1487423578212213,
    "end_sup": 0.865652420167012,
    "num_states": 8192
}
