{
    "pdepth": 14,
    "end_eng": 0.49390446533827603,
    "end_sup": 0.5586950009760564,
    "num_states": 2048
}
