{
    "pdepth": 14,
    "end_eng": 0.18835498293791134,
    "end_sup": 0.8438907048193603,
    "num_states": 4096
}
