{
    "pdepth": 14,
    "end_eng": 0.4321441484097871,
    "end_sup": 0.5980322735032066,
    "num_states": 4096
}
