{
    "pdepth": 14,
    "end_eng": 0.17544783886639093,
    "end_sup": 0.8543545215575481,
    "num_states": 4096
}
