{
    "pdepth": 14,
    "end_eng": 0.7269115512190613,
    "end_sup": 0.33583995069909145,
    "num_states": 1024
}
