{
    "pdepth": 14,
    "end_eng": 0.13350536860297432,
    "end_sup": 0.8769762300816093,
    "num_states": 2048
}
