{
    "pdepth": 14,
    "end_eng": 0.09533815465696152,
    "end_sup": 0.9300927345366817,
    "num_states": 4096
}
