{
    "pdepth": 14,
    "end_eng": 0.0942908457584272,
    "end_sup": 0.9147511070664831,
    "num_states": 8192
}
