{
    "pdepth": 14,
    "end_eng": 0.26824863612002137,
    "end_sup": 0.8324065085302572,
    "num_states": 1024
}
