{
    "pdepth": 14,
    "end_eng": 0.11077316927756047,
    "end_sup": 0.9136574006397419,
    "num_states": 8192
}
