{
    "pdepth": 14,
    "end_eng": 0.09335027751038098,
    "end_sup": 0.9231401254136165,
    "num_states": 2048
}
