{
    "pdepth": 14,
    "end_eng": 0.11171184772939072,
    "end_sup": 0.901437831708151,
    "num_states": 8192
}
