{
    "pdepth": 14,
    "end_eng": 0.2361952186080622,
    "end_sup": 0.8540223745492268,
    "num_states": 16384
}
