{
    "pdepth": 14,
    "end_eng": 0.13085129435640835,
    "end_sup": 0.8912017613255359,
    "num_states": 4096
}
