{
    "pdepth": 14,
    "end_eng": 0.26865414678591815,
    "end_sup": 0.765341148915612,
    "num_states": 4096
}
