{
    "pdepth": 14,
    "end_eng": 0.23294750079916637,
    "end_sup": 0.8697260498381987,
    "num_states": 2048
}
