{
    "pdepth": 14,
    "end_eng": 0.5075475865073913,
    "end_sup": 0.6921221305032105,
    "num_states": 2048
}
