{
    "pdepth": 14,
    "end_eng": 0.19800400169232601,
    "end_sup": 0.8976858231328976,
    "num_states": 2048
}
