{
    "pdepth": 14,
    "end_eng": 0.18138761244070822,
    "end_sup": 0.8470768399451211,
    "num_states": 2048
}
