{
    "pdepth": 14,
    "end_eng": 0.21429306098129497,
    "end_sup": 0.8227363344399681,
    "num_states": 2048
}
