{
    "pdepth": 14,
    "end_eng": 0.12688763042799406,
    "end_sup": 0.8890429301885147,
    "num_states": 16384
}
