{
    "pdepth": 14,
    "end_eng": 0.2842927413122066,
    "end_sup": 0.7483904606019744,
    "num_states": 1024
}
