{
    "pdepth": 14,
    "end_eng": 0.07657998662117305,
    "end_sup": 0.9286912353565695,
    "num_states": 2048
}
