{
    "pdepth": 14,
    "end_eng": 0.22238548481061088,
    "end_sup": 0.8424570648846127,
    "num_states": 4096
}
