{
    "pdepth": 14,
    "end_eng": 0.14602343454526664,
    "end_sup": 0.8856980419856589,
    "num_states": 8192
}
