{
    "pdepth": 14,
    "end_eng": 0.1272179157726579,
    "end_sup": 0.8849302627627242,
    "num_states": 16384
}
