{
    "pdepth": 14,
    "end_eng": 0.27161835138306867,
    "end_sup": 0.7636522907040086,
    "num_states": 4096
}
