{
    "pdepth": 14,
    "end_eng": 0.1389830461881621,
    "end_sup": 0.8847962279420888,
    "num_states": 4096
}
