{
    "pdepth": 14,
    "end_eng": 0.11089874423975776,
    "end_sup": 0.901415965556268,
    "num_states": 4096
}
