{
    "pdepth": 14,
    "end_eng": 0.5348778440560084,
    "end_sup": 0.5299841205295303,
    "num_states": 1024
}
