{
    "pdepth": 14,
    "end_eng": 0.19730699220655468,
    "end_sup": 0.8226517073208217,
    "num_states": 4096
}
