{
    "pdepth": 14,
    "end_eng": 0.1063038482077274,
    "end_sup": 0.9302538331007757,
    "num_states": 2048
}
