{
    "pdepth": 14,
    "end_eng": 0.1699140091675233,
    "end_sup": 0.8838600213476588,
    "num_states": 512
}
