{
    "pdepth": 14,
    "end_eng": 0.1007574049041002,
    "end_sup": 0.9078891540933578,
    "num_states": 8192
}
