{
    "pdepth": 14,
    "end_eng": 0.425167815732477,
    "end_sup": 0.6256423316197169,
    "num_states": 4096
}
