{
    "pdepth": 14,
    "end_eng": 0.22433481182433523,
    "end_sup": 0.8016385707058149,
    "num_states": 1024
}
