{
    "pdepth": 14,
    "end_eng": 0.09163087690419418,
    "end_sup": 0.9349268952875875,
    "num_states": 2048
}
