{
    "pdepth": 14,
    "end_eng": 0.07414860687423466,
    "end_sup": 0.9321877723110272,
    "num_states": 8192
}
