{
    "pdepth": 14,
    "end_eng": 0.2653109792652855,
    "end_sup": 0.756377240477645,
    "num_states": 16384
}
