{
    "pdepth": 14,
    "end_eng": 0.1333409197876303,
    "end_sup": 0.9012898926753881,
    "num_states": 4096
}
