{
    "pdepth": 14,
    "end_eng": 0.17476773279240276,
    "end_sup": 0.8654279491645809,
    "num_states": 4096
}
