{
    "pdepth": 14,
    "end_eng": 0.15333851290647416,
    "end_sup": 0.86976312160612,
    "num_states": 4096
}
