{
    "pdepth": 14,
    "end_eng": 0.13271118065082455,
    "end_sup": 0.8803559876793414,
    "num_states": 16384
}
