{
    "pdepth": 14,
    "end_eng": 0.1165679077215522,
    "end_sup": 0.9212950986176929,
    "num_states": 4096
}
