{
    "pdepth": 14,
    "end_eng": 0.24426117269867326,
    "end_sup": 0.7907092803592168,
    "num_states": 2048
}
