{
    "pdepth": 14,
    "end_eng": 0.39717639728677134,
    "end_sup": 0.6653832733749372,
    "num_states": 2048
}
