{
    "pdepth": 14,
    "end_eng": 0.21634246590917028,
    "end_sup": 0.8846297937359509,
    "num_states": 2048
}
