{
    "pdepth": 14,
    "end_eng": 0.09316196539442984,
    "end_sup": 0.9299630874773588,
    "num_states": 1024
}
