{
    "pdepth": 14,
    "end_eng": 0.0972663652376648,
    "end_sup": 0.9131246827797006,
    "num_states": 4096
}
