{
    "pdepth": 14,
    "end_eng": 0.4888717787771131,
    "end_sup": 0.574593512902982,
    "num_states": 2048
}
