{
    "pdepth": 14,
    "end_eng": 0.1389227644670732,
    "end_sup": 0.8947352083439388,
    "num_states": 2048
}
