{
    "pdepth": 14,
    "end_eng": 0.25554575906563726,
    "end_sup": 0.7665648285042964,
    "num_states": 16384
}
