{
    "pdepth": 14,
    "end_eng": 0.3998771786103451,
    "end_sup": 0.6492359031354071,
    "num_states": 2048
}
