{
    "pdepth": 14,
    "end_eng": 0.11948512508006566,
    "end_sup": 0.8932206784295097,
    "num_states": 8192
}
