{
    "pdepth": 14,
    "end_eng": 0.17771157339383012,
    "end_sup": 0.8359578478352419,
    "num_states": 4096
}
