{
    "pdepth": 14,
    "end_eng": 0.28616722558502083,
    "end_sup": 0.7403032505602759,
    "num_states": 4096
}
