{
    "pdepth": 14,
    "end_eng": 0.17263643548574972,
    "end_sup": 0.8594193803985039,
    "num_states": 2048
}
