{
    "pdepth": 14,
    "end_eng": 0.3508824407816592,
    "end_sup": 0.7549865186602027,
    "num_states": 2048
}
