{
    "pdepth": 14,
    "end_eng": 0.09285913052681512,
    "end_sup": 0.9150199195193467,
    "num_states": 4096
}
