{
    "pdepth": 14,
    "end_eng": 0.1269421179740362,
    "end_sup": 0.8914286469474361,
    "num_states": 4096
}
