{
    "pdepth": 14,
    "end_eng": 0.11643218353331349,
    "end_sup": 0.9036558538587062,
    "num_states": 8192
}
