{
    "pdepth": 14,
    "end_eng": 0.10840512435629074,
    "end_sup": 0.9164072722508534,
    "num_states": 4096
}
