{
    "pdepth": 14,
    "end_eng": 0.2669963695823319,
    "end_sup": 0.7499333976124724,
    "num_states": 4096
}
