{
    "pdepth": 14,
    "end_eng": 0.07768344582477624,
    "end_sup": 0.928144929411566,
    "num_states": 2048
}
