{
    "pdepth": 14,
    "end_eng": 0.32677869080028416,
    "end_sup": 0.7097027108300087,
    "num_states": 2048
}
