{
    "pdepth": 14,
    "end_eng": 0.3525547382463313,
    "end_sup": 0.6934850358567043,
    "num_states": 4096
}
