{
    "pdepth": 14,
    "end_eng": 0.23813372759415313,
    "end_sup": 0.7826844424109667,
    "num_states": 2048
}
