{
    "pdepth": 14,
    "end_eng": 0.1674389893399784,
    "end_sup": 0.8685001203767972,
    "num_states": 2048
}
