{
    "pdepth": 14,
    "end_eng": 0.20029236064493938,
    "end_sup": 0.8300928207868629,
    "num_states": 4096
}
