{
    "pdepth": 14,
    "end_eng": 0.11656162501816028,
    "end_sup": 0.8977917441834713,
    "num_states": 4096
}
