{
    "pdepth": 14,
    "end_eng": 0.09385815758641532,
    "end_sup": 0.9159914336717647,
    "num_states": 8192
}
