{
    "pdepth": 14,
    "end_eng": 0.4257024553123596,
    "end_sup": 0.5917726566327975,
    "num_states": 1024
}
