{
    "pdepth": 14,
    "end_eng": 0.2583879753842603,
    "end_sup": 0.8314379043987581,
    "num_states": 1024
}
