{
    "pdepth": 14,
    "end_eng": 0.08957672558512966,
    "end_sup": 0.9242360346235843,
    "num_states": 4096
}
