{
    "pdepth": 14,
    "end_eng": 0.3184810110953733,
    "end_sup": 0.7970318901506313,
    "num_states": 1024
}
