{
    "pdepth": 14,
    "end_eng": 0.0899154121467032,
    "end_sup": 0.9306267674770132,
    "num_states": 8192
}
