{
    "pdepth": 14,
    "end_eng": 0.4620944523006289,
    "end_sup": 0.6562241628515997,
    "num_states": 2048
}
