{
    "pdepth": 14,
    "end_eng": 0.1948005888953471,
    "end_sup": 0.82354707545559,
    "num_states": 2048
}
