{
    "pdepth": 14,
    "end_eng": 0.4869256927853311,
    "end_sup": 0.5633329022808449,
    "num_states": 8192
}
