{
    "pdepth": 14,
    "end_eng": 0.40139782595043993,
    "end_sup": 0.6542992770453476,
    "num_states": 4096
}
