{
    "pdepth": 14,
    "end_eng": 0.08935537783906919,
    "end_sup": 0.938118153982518,
    "num_states": 4096
}
