{
    "pdepth": 60,
    "end_eng": 0.0006311559208374616,
    "end_sup": 0.9993833710803722,
    "num_states": 108
}
