{
    "pdepth": 60,
    "end_eng": 0.00045776413076177824,
    "end_sup": 0.999542288256236,
    "num_states": 972
}
