{
    "pdepth": 60,
    "end_eng": 0.00880349651351935,
    "end_sup": 0.9925921336391129,
    "num_states": 144
}
