{
    "pdepth": 60,
    "end_eng": 0.012473454392133492,
    "end_sup": 0.9878957629599354,
    "num_states": 216
}
