{
    "pdepth": 60,
    "end_eng": 0.00020599259302124022,
    "end_sup": 0.9998369800712569,
    "num_states": 384
}
