{
    "pdepth": 60,
    "end_eng": 0.0011546782877955427,
    "end_sup": 0.9989506326060256,
    "num_states": 432
}
