{
    "pdepth": 60,
    "end_eng": 0.0008137440303456876,
    "end_sup": 0.9994253725952864,
    "num_states": 216
}
