{
    "pdepth": 60,
    "end_eng": 0.05440334033666135,
    "end_sup": 0.9465917640722956,
    "num_states": 864
}
