{
    "pdepth": 60,
    "end_eng": 0.0004537350133419077,
    "end_sup": 0.9995719154672144,
    "num_states": 1152
}
