{
    "pdepth": 60,
    "end_eng": 0.07555024958874466,
    "end_sup": 0.9247030614986502,
    "num_states": 216
}
