{
    "pdepth": 60,
    "end_eng": 0.0002742376622442121,
    "end_sup": 0.9997286250020775,
    "num_states": 96
}
