{
    "pdepth": 60,
    "end_eng": 0.010749719792308151,
    "end_sup": 0.9924713568569152,
    "num_states": 216
}
