{
    "pdepth": 60,
    "end_eng": 0.0005691918734386322,
    "end_sup": 0.9994574207870686,
    "num_states": 432
}
