{
    "pdepth": 60,
    "end_eng": 0.0018641599885113578,
    "end_sup": 0.9992833566708861,
    "num_states": 324
}
