{
    "pdepth": 60,
    "end_eng": 0.014634302024845764,
    "end_sup": 0.9859281343004402,
    "num_states": 54
}
