{
    "pdepth": 60,
    "end_eng": 0.0015129032266446602,
    "end_sup": 0.999038712487702,
    "num_states": 864
}
