{
    "pdepth": 60,
    "end_eng": 0.00030940033337969276,
    "end_sup": 0.9997105563689506,
    "num_states": 216
}
