{
    "pdepth": 60,
    "end_eng": 3.2896780285091996e-5,
    "end_sup": 0.9999718241539579,
    "num_states": 162
}
