{
    "pdepth": 60,
    "end_eng": 0.00037472362891004544,
    "end_sup": 0.9996253197362811,
    "num_states": 864
}
