{
    "pdepth": 60,
    "end_eng": 0.0013347003916090627,
    "end_sup": 0.9990640407616204,
    "num_states": 864
}
