{
    "pdepth": 60,
    "end_eng": 0.05463313274592183,
    "end_sup": 0.946299712341683,
    "num_states": 54
}
