{
    "pdepth": 60,
    "end_eng": 0.0003237354698587181,
    "end_sup": 0.9996851350119806,
    "num_states": 162
}
