{
    "pdepth": 60,
    "end_eng": 0.0015389405132418183,
    "end_sup": 0.9988164468233438,
    "num_states": 288
}
