{
    "pdepth": 60,
    "end_eng": 0.0006099465248596218,
    "end_sup": 0.999731005385735,
    "num_states": 324
}
