{
    "pdepth": 60,
    "end_eng": 0.0034143202300429163,
    "end_sup": 0.9970306256648619,
    "num_states": 108
}
