{
    "pdepth": 60,
    "end_eng": 0.00037214811583216714,
    "end_sup": 0.9996591432187063,
    "num_states": 216
}
