{
    "pdepth": 60,
    "end_eng": 0.0005817806280582362,
    "end_sup": 0.999449624835293,
    "num_states": 1536
}
