{
    "pdepth": 60,
    "end_eng": 0.005558435285412237,
    "end_sup": 0.994507666010663,
    "num_states": 108
}
