{
    "pdepth": 60,
    "end_eng": 0.03185781608220497,
    "end_sup": 0.9685670144774261,
    "num_states": 288
}
