{
    "pdepth": 60,
    "end_eng": 0.0014155541009764061,
    "end_sup": 0.9994206184248451,
    "num_states": 216
}
