{
    "pdepth": 60,
    "end_eng": 0.00047306828691174316,
    "end_sup": 0.9996233249662609,
    "num_states": 48
}
