{
    "pdepth": 60,
    "end_eng": 0.00037054537624749915,
    "end_sup": 0.9996294685760816,
    "num_states": 162
}
