{
    "pdepth": 60,
    "end_eng": 0.013261027645688027,
    "end_sup": 0.986883691039671,
    "num_states": 108
}
