{
    "pdepth": 60,
    "end_eng": 0.04314232213903606,
    "end_sup": 0.9576453209909284,
    "num_states": 108
}
