{
    "pdepth": 60,
    "end_eng": 0.0012407059843798061,
    "end_sup": 0.9994811575808435,
    "num_states": 432
}
