{
    "pdepth": 60,
    "end_eng": 0.019613932539370698,
    "end_sup": 0.9804109807793238,
    "num_states": 288
}
