{
    "pdepth": 60,
    "end_eng": 0.0006772932657708049,
    "end_sup": 0.9993475405211505,
    "num_states": 324
}
