{
    "pdepth": 60,
    "end_eng": 0.00043997416848180553,
    "end_sup": 0.9995835046671011,
    "num_states": 162
}
