{
    "pdepth": 60,
    "end_eng": 0.0010109833728547924,
    "end_sup": 0.9990982078715689,
    "num_states": 432
}
