{
    "pdepth": 60,
    "end_eng": 0.0002390414851206101,
    "end_sup": 0.999767146511243,
    "num_states": 432
}
