{
    "pdepth": 60,
    "end_eng": 0.0008775804189423167,
    "end_sup": 0.9992722333103485,
    "num_states": 864
}
