{
    "pdepth": 60,
    "end_eng": 0.0010474673051920535,
    "end_sup": 0.9995366182158205,
    "num_states": 162
}
