{
    "pdepth": 60,
    "end_eng": 0.0002732094434710078,
    "end_sup": 0.9997427146814754,
    "num_states": 432
}
