{
    "pdepth": 60,
    "end_eng": 0.0005505582534286116,
    "end_sup": 0.9995321659714843,
    "num_states": 54
}
