{
    "pdepth": 60,
    "end_eng": 0.3456257411415158,
    "end_sup": 0.6551303299170474,
    "num_states": 216
}
