{
    "pdepth": 60,
    "end_eng": 0.0019478518968101897,
    "end_sup": 0.9988391649784172,
    "num_states": 864
}
