{
    "pdepth": 60,
    "end_eng": 0.00018819830902038737,
    "end_sup": 0.9998158463997473,
    "num_states": 486
}
