{
    "pdepth": 60,
    "end_eng": 0.00036723370661585997,
    "end_sup": 0.9996433204333488,
    "num_states": 54
}
