{
    "pdepth": 60,
    "end_eng": 0.0009354354233287582,
    "end_sup": 0.9990700161055062,
    "num_states": 108
}
