{
    "pdepth": 60,
    "end_eng": 0.005325578327383105,
    "end_sup": 0.994872646430047,
    "num_states": 432
}
