{
    "pdepth": 60,
    "end_eng": 0.0005584689025719351,
    "end_sup": 0.9994966058390595,
    "num_states": 216
}
