{
    "pdepth": 60,
    "end_eng": 0.0013571556744115813,
    "end_sup": 0.9991319355475083,
    "num_states": 432
}
