{
    "pdepth": 60,
    "end_eng": 0.00034960566364378425,
    "end_sup": 0.9996970221709507,
    "num_states": 432
}
