{
    "pdepth": 60,
    "end_eng": 0.0008702986483179216,
    "end_sup": 0.9995532504564905,
    "num_states": 432
}
