{
    "pdepth": 60,
    "end_eng": 0.001878025165596849,
    "end_sup": 0.9985095414106043,
    "num_states": 648
}
