{
    "pdepth": 60,
    "end_eng": 0.0003568790124350474,
    "end_sup": 0.999686039049778,
    "num_states": 648
}
