{
    "pdepth": 60,
    "end_eng": 0.00022478143791133592,
    "end_sup": 0.9997799205573001,
    "num_states": 108
}
