{
    "pdepth": 60,
    "end_eng": 0.0012613265069906956,
    "end_sup": 0.9988174936137959,
    "num_states": 288
}
