{
    "pdepth": 60,
    "end_eng": 0.006291300791326877,
    "end_sup": 0.9946115653043353,
    "num_states": 108
}
