{
    "pdepth": 60,
    "end_eng": 0.0007433537935128951,
    "end_sup": 0.9996766799688395,
    "num_states": 648
}
