{
    "pdepth": 60,
    "end_eng": 0.005200978642545723,
    "end_sup": 0.9949276070084907,
    "num_states": 648
}
