{
    "pdepth": 60,
    "end_eng": 0.0012377472308919496,
    "end_sup": 0.998987024800064,
    "num_states": 864
}
