{
    "pdepth": 60,
    "end_eng": 0.0004514080515897946,
    "end_sup": 0.9996298983895171,
    "num_states": 216
}
