{
    "pdepth": 60,
    "end_eng": 0.0015046178607996388,
    "end_sup": 0.9985209061423708,
    "num_states": 648
}
