{
    "pdepth": 60,
    "end_eng": 0.002100292941449039,
    "end_sup": 0.9991593413847794,
    "num_states": 216
}
