{
    "pdepth": 60,
    "end_eng": 0.001829452809233364,
    "end_sup": 0.9987137469681828,
    "num_states": 864
}
