{
    "pdepth": 60,
    "end_eng": 0.000873506483235149,
    "end_sup": 0.9994725312989537,
    "num_states": 1728
}
