{
    "pdepth": 60,
    "end_eng": 0.01604267201965779,
    "end_sup": 0.9842023160299862,
    "num_states": 216
}
