{
    "pdepth": 60,
    "end_eng": 0.0012967725367282125,
    "end_sup": 0.9991435296539377,
    "num_states": 432
}
