{
    "pdepth": 60,
    "end_eng": 0.001520995732317989,
    "end_sup": 0.9985866005476188,
    "num_states": 216
}
