{
    "pdepth": 60,
    "end_eng": 0.20154997119327683,
    "end_sup": 0.8013715067694267,
    "num_states": 108
}
