{
    "pdepth": 60,
    "end_eng": 0.003944012472256546,
    "end_sup": 0.9964196995866628,
    "num_states": 432
}
