{
    "pdepth": 60,
    "end_eng": 0.0005009529586028268,
    "end_sup": 0.9997484949993123,
    "num_states": 162
}
