{
    "pdepth": 60,
    "end_eng": 0.04057636540754187,
    "end_sup": 0.9642973104551972,
    "num_states": 576
}
