{
    "pdepth": 60,
    "end_eng": 0.0024282663477342473,
    "end_sup": 0.9989691902858842,
    "num_states": 1152
}
