{
    "pdepth": 60,
    "end_eng": 0.0003189196224981475,
    "end_sup": 0.9997542407000514,
    "num_states": 216
}
