{
    "pdepth": 60,
    "end_eng": 0.0006659000274762594,
    "end_sup": 0.9994799913491101,
    "num_states": 384
}
