{
    "pdepth": 60,
    "end_eng": 0.00033689925484673507,
    "end_sup": 0.9996975392932851,
    "num_states": 216
}
