{
    "pdepth": 60,
    "end_eng": 0.041939652766822086,
    "end_sup": 0.9586132217524687,
    "num_states": 216
}
