{
    "pdepth": 60,
    "end_eng": 0.17440054773954905,
    "end_sup": 0.8258937575563436,
    "num_states": 144
}
