{
    "pdepth": 60,
    "end_eng": 0.0004534702176987334,
    "end_sup": 0.9996359913319136,
    "num_states": 108
}
