{
    "pdepth": 60,
    "end_eng": 0.0015702264315397539,
    "end_sup": 0.9986875601639447,
    "num_states": 1728
}
