{
    "pdepth": 60,
    "end_eng": 0.001695995969057961,
    "end_sup": 0.998511461517013,
    "num_states": 432
}
