{
    "pdepth": 60,
    "end_eng": 0.0021922927036401476,
    "end_sup": 0.9983239100837481,
    "num_states": 864
}
