{
    "pdepth": 60,
    "end_eng": 0.006581488753936335,
    "end_sup": 0.9955860264029666,
    "num_states": 288
}
