{
    "pdepth": 60,
    "end_eng": 0.0004470893485232069,
    "end_sup": 0.9995805340815165,
    "num_states": 432
}
