{
    "pdepth": 60,
    "end_eng": 0.00040368674601282774,
    "end_sup": 0.9997203761484702,
    "num_states": 162
}
