{
    "pdepth": 60,
    "end_eng": 0.0002085107609662758,
    "end_sup": 0.9998340005462573,
    "num_states": 108
}
