{
    "pdepth": 60,
    "end_eng": 0.01372879489665545,
    "end_sup": 0.987093488346546,
    "num_states": 216
}
