{
    "pdepth": 60,
    "end_eng": 0.003664214338332392,
    "end_sup": 0.998867942024509,
    "num_states": 216
}
