{
    "pdepth": 60,
    "end_eng": 0.0012128704863299204,
    "end_sup": 0.9994782592018496,
    "num_states": 576
}
