{
    "pdepth": 60,
    "end_eng": 0.0005468843271999524,
    "end_sup": 0.9994824562536658,
    "num_states": 432
}
