{
    "pdepth": 60,
    "end_eng": 0.0009954567768479309,
    "end_sup": 0.9994984643839113,
    "num_states": 96
}
