{
    "pdepth": 60,
    "end_eng": 0.0008197233479695131,
    "end_sup": 0.9995613693802776,
    "num_states": 216
}
