{
    "pdepth": 60,
    "end_eng": 0.2702354286402655,
    "end_sup": 0.7303165162733255,
    "num_states": 108
}
