{
    "pdepth": 60,
    "end_eng": 0.0008286599253280529,
    "end_sup": 0.9992542077717126,
    "num_states": 108
}
