{
    "pdepth": 60,
    "end_eng": 0.003642404192641168,
    "end_sup": 0.9987406278638609,
    "num_states": 432
}
