{
    "pdepth": 60,
    "end_eng": 0.0003650974751516316,
    "end_sup": 0.9996454559441406,
    "num_states": 72
}
