{
    "pdepth": 60,
    "end_eng": 0.0006100745980889947,
    "end_sup": 0.9997033325470037,
    "num_states": 288
}
