{
    "pdepth": 60,
    "end_eng": 0.0013903552874215861,
    "end_sup": 0.9987603400524339,
    "num_states": 216
}
