{
    "pdepth": 14,
    "avg_fin_eng": 0.2438305394103285,
    "avg_fin_sup": 0.7664779070885732,
    "num_epochs": 10,
    "num_runs": 10000,
    "epoch_engs": [
        0.38656926737979375,
        0.34665934129916776,
        0.3216715876923183,
        0.30093782599015334,
        0.28614838273448806,
        0.2741039922941501,
        0.26458999362647345,
        0.25734010895194526,
        0.2506340217722391,
        0.2438305593897544
    ],
    "epoch_sups": [
        0.6351092750819365,
        0.6682841311950668,
        0.6906033806584129,
        0.709780890549928,
        0.724028012305963,
        0.7362058107166918,
        0.7457123774423167,
        0.7530946272642177,
        0.7597414454526518,
        0.7664779002572784
    ],
    "alphas": [
        0.045987728327065755,
        0.09129309922567419,
        0.13775336331071708,
        0.18354578688784334,
        0.22892195635422424,
        0.27297807554643516,
        0.31696045934724004,
        0.3612213317112394,
        0.4057026037451619,
        0.4500374935320793,
        0.4944603610869663,
        0.5389687807550981,
        0.5835638977089539,
        0.6283435889287199
    ],
    "betas": [
        0.14598493473795907,
        0.13397845793472793,
        0.12086275388262628,
        0.10886969718986052,
        0.09826164478806979,
        0.08959739309170126,
        0.08171418835194239,
        0.07260967425392822,
        0.06448624250615145,
        0.058087084978754956,
        0.050361740928201316,
        0.043297698762179426,
        0.03495752148919845,
        0.026282106403446505
    ]
}
