{
    "pdepth": 14,
    "avg_fin_eng": 0.83897399181653,
    "avg_fin_sup": 1.2204658981831995,
    "num_epochs": 10,
    "num_runs": 500,
    "epoch_engs": [
        0.45284329246562127,
        0.44929416765512165,
        0.4459198805244523,
        0.44221121871239494,
        0.4363524188345625,
        0.43256481747439535,
        0.4274408197599348,
        0.42481797345568106,
        0.4219109794511514,
        0.4194921655145916
    ],
    "epoch_sups": [
        0.5860011596979621,
        0.5885596904189818,
        0.5909586545994338,
        0.5935443493810811,
        0.5976880306518991,
        0.6004279739453241,
        0.6042389363541848,
        0.6062742228377594,
        0.6084244409587027,
        0.6102317802164758
    ],
    "alphas": [
        0.04495362588053647,
        0.0899698347373461,
        0.13478402974498088,
        0.1797209470550284,
        0.22454086508201695,
        0.2695245022460969,
        0.3144453869856846,
        0.3593522374080856,
        0.4041159580993009,
        0.4489401731773133,
        0.4937275068432967,
        0.5385664262017001,
        0.5834294996969436,
        0.6283172363314659
    ],
    "betas": [
        0.14582431014376548,
        0.13452046841315263,
        0.12339575454624481,
        0.11217674942817572,
        0.10081056636391547,
        0.08950355692407891,
        0.07780213219632262,
        0.06689254856489928,
        0.05619376017496268,
        0.04619539517462634,
        0.03608881950409735,
        0.024950833927314432,
        0.013862001075882886,
        0.0016961069789753142
    ]
}
