{
    "pdepth": 14,
    "avg_fin_eng": 0.4180645491379047,
    "avg_fin_sup": 0.6108909321943956,
    "num_epochs": 10,
    "num_runs": 500,
    "epoch_engs": [
        0.45374579348748123,
        0.45074961596732044,
        0.4477704643205778,
        0.4435430302827991,
        0.4407086769703691,
        0.4360594165618796,
        0.4326118907642575,
        0.42899314649105197,
        0.422619074557866,
        0.4180645491379047
    ],
    "epoch_sups": [
        0.5852189662369788,
        0.587208799238047,
        0.5892825116765432,
        0.5923079170913466,
        0.5943163488473467,
        0.5976974542864377,
        0.6002765740043869,
        0.6029056857842606,
        0.6076054864863333,
        0.6108909321943956
    ],
    "alphas": [
        0.04493147819390636,
        0.08992006438775599,
        0.13489703506642087,
        0.1796519370432892,
        0.22457832367230485,
        0.26955485263065704,
        0.31454628904341875,
        0.35944326384434205,
        0.40413327260127185,
        0.4489383276292782,
        0.4937644680410848,
        0.5385611482948159,
        0.5834236993501651,
        0.628316810174153
    ],
    "betas": [
        0.14579378355556954,
        0.1345848306385512,
        0.12339769806399012,
        0.11219166108460725,
        0.10084102124889509,
        0.0894911974059548,
        0.07794889188023689,
        0.06675616899116173,
        0.05624916051952689,
        0.04592576133822206,
        0.035068015874511374,
        0.025865361722312432,
        0.013834531162838259,
        0.0022043473903318477
    ]
}
