{
    "pdepth": 60,
    "end_eng": 0.005239855580223746,
    "end_sup": 0.9953355432492704,
    "num_states": 1024
}
