{
    "pdepth": 60,
    "end_eng": 0.004124915343701919,
    "end_sup": 0.9967369326960618,
    "num_states": 1024
}
