{
    "pdepth": 60,
    "end_eng": 0.005036822668489829,
    "end_sup": 0.9968740646829262,
    "num_states": 1024
}
