{
    "pdepth": 60,
    "end_eng": 0.00443142564642704,
    "end_sup": 0.9972135403498819,
    "num_states": 1024
}
