{
    "pdepth": 60,
    "end_eng": 0.004242941503782608,
    "end_sup": 0.9973835993521653,
    "num_states": 2048
}
