{
    "pdepth": 60,
    "end_eng": 0.007366203207239177,
    "end_sup": 0.9931310930103453,
    "num_states": 1024
}
