{
    "pdepth": 60,
    "end_eng": 0.05968399153078152,
    "end_sup": 0.9449986696936438,
    "num_states": 256
}
