{
    "pdepth": 60,
    "end_eng": 0.005213465499085933,
    "end_sup": 0.9956354864175039,
    "num_states": 1024
}
