{
    "pdepth": 60,
    "end_eng": 0.049074294730795893,
    "end_sup": 0.9520255434504008,
    "num_states": 256
}
