{
    "pdepth": 60,
    "end_eng": 0.01027623207952601,
    "end_sup": 0.9911915677243637,
    "num_states": 512
}
