{
    "pdepth": 60,
    "end_eng": 0.005555514810407622,
    "end_sup": 0.9961921041136297,
    "num_states": 1024
}
