{
    "pdepth": 60,
    "end_eng": 0.0025857457944689676,
    "end_sup": 0.9976238152823262,
    "num_states": 2048
}
