{
    "pdepth": 60,
    "end_eng": 0.0037183184574255323,
    "end_sup": 0.9976758819736996,
    "num_states": 512
}
