{
    "pdepth": 60,
    "end_eng": 0.04745245552197187,
    "end_sup": 0.9531816131728166,
    "num_states": 256
}
