{
    "pdepth": 60,
    "end_eng": 0.007813600883006202,
    "end_sup": 0.9938383609254855,
    "num_states": 512
}
