{
    "pdepth": 60,
    "end_eng": 0.141428367082656,
    "end_sup": 0.8603915134793119,
    "num_states": 1024
}
