{
    "pdepth": 60,
    "end_eng": 0.0025493311915783003,
    "end_sup": 0.9974707935489266,
    "num_states": 1024
}
