{
    "pdepth": 60,
    "end_eng": 0.005714791089517767,
    "end_sup": 0.9946967832088622,
    "num_states": 2048
}
