{
    "pdepth": 60,
    "end_eng": 0.12689522423908023,
    "end_sup": 0.8758984905261598,
    "num_states": 256
}
