{
    "pdepth": 60,
    "end_eng": 0.0030908893259511804,
    "end_sup": 0.9970009975095022,
    "num_states": 512
}
