{
    "pdepth": 60,
    "end_eng": 0.004670060169761521,
    "end_sup": 0.9957183836657538,
    "num_states": 4096
}
