{
    "pdepth": 60,
    "end_eng": 0.02671621828443037,
    "end_sup": 0.9742807684272843,
    "num_states": 1024
}
