{
    "pdepth": 60,
    "end_eng": 0.005028394632213199,
    "end_sup": 0.9952074948959126,
    "num_states": 4096
}
