{
    "pdepth": 60,
    "end_eng": 0.2343168457326243,
    "end_sup": 0.7680037196253008,
    "num_states": 512
}
