{
    "pdepth": 60,
    "end_eng": 0.12870103381518347,
    "end_sup": 0.8722185013547311,
    "num_states": 256
}
