{
    "pdepth": 60,
    "end_eng": 0.004183788108790086,
    "end_sup": 0.9960535414372115,
    "num_states": 8192
}
