{
    "pdepth": 60,
    "end_eng": 0.012857452364144224,
    "end_sup": 0.9889835740337637,
    "num_states": 256
}
