{
    "pdepth": 60,
    "end_eng": 0.008592110803059416,
    "end_sup": 0.9918858136603272,
    "num_states": 2048
}
