{
    "pdepth": 60,
    "end_eng": 0.005365769957007223,
    "end_sup": 0.9951022124295544,
    "num_states": 1024
}
