{
    "pdepth": 60,
    "end_eng": 0.011293846939620255,
    "end_sup": 0.9889102016141773,
    "num_states": 4096
}
