{
    "pdepth": 60,
    "end_eng": 0.0024103848794979977,
    "end_sup": 0.9979357744532453,
    "num_states": 512
}
