{
    "pdepth": 60,
    "end_eng": 0.059859987623019806,
    "end_sup": 0.9408371961674562,
    "num_states": 512
}
