{
    "pdepth": 60,
    "end_eng": 0.0035878734545056134,
    "end_sup": 0.9965172412451796,
    "num_states": 1024
}
