{
    "pdepth": 60,
    "end_eng": 0.004217464914121663,
    "end_sup": 0.9967688742241871,
    "num_states": 1024
}
