{
    "pdepth": 60,
    "end_eng": 0.0031189809227688938,
    "end_sup": 0.9969171246985952,
    "num_states": 1024
}
