{
    "pdepth": 60,
    "end_eng": 0.0038260695330782656,
    "end_sup": 0.9966898897005604,
    "num_states": 512
}
