{
    "pdepth": 60,
    "end_eng": 0.005859260357031534,
    "end_sup": 0.9943793018554762,
    "num_states": 512
}
