{
    "pdepth": 60,
    "end_eng": 0.012877366671008906,
    "end_sup": 0.9890448358831216,
    "num_states": 512
}
