{
    "pdepth": 60,
    "end_eng": 0.004232564391394253,
    "end_sup": 0.9962241103938869,
    "num_states": 512
}
