{
    "pdepth": 60,
    "end_eng": 0.002854274779551371,
    "end_sup": 0.9977150750014964,
    "num_states": 512
}
