{
    "pdepth": 60,
    "end_eng": 0.04150873407613885,
    "end_sup": 0.9716319750315976,
    "num_states": 512
}
