{
    "pdepth": 60,
    "end_eng": 0.08253369984718635,
    "end_sup": 0.9189236939268262,
    "num_states": 1024
}
