{
    "pdepth": 60,
    "end_eng": 0.020349688694612685,
    "end_sup": 0.9809890919062614,
    "num_states": 512
}
