{
    "pdepth": 60,
    "end_eng": 0.002665717673545869,
    "end_sup": 0.9975275977076807,
    "num_states": 2048
}
