{
    "pdepth": 60,
    "end_eng": 0.024725305656258453,
    "end_sup": 0.9770653224506927,
    "num_states": 256
}
