{
    "pdepth": 60,
    "end_eng": 0.0021149477449908406,
    "end_sup": 0.9980061682966742,
    "num_states": 1024
}
