{
    "pdepth": 60,
    "end_eng": 0.00519690932165596,
    "end_sup": 0.9962227090071127,
    "num_states": 2048
}
