{
    "pdepth": 60,
    "end_eng": 0.018199278223953542,
    "end_sup": 0.9842356653491234,
    "num_states": 512
}
