{
    "pdepth": 60,
    "end_eng": 0.0034303523178920727,
    "end_sup": 0.9967764349525281,
    "num_states": 512
}
