{
    "pdepth": 60,
    "end_eng": 0.0045306004271841675,
    "end_sup": 0.9960680194876094,
    "num_states": 1024
}
