{
    "pdepth": 60,
    "end_eng": 0.014054801312105568,
    "end_sup": 0.9886386860209999,
    "num_states": 512
}
