{
    "pdepth": 60,
    "end_eng": 0.004207657774474875,
    "end_sup": 0.9961323603829737,
    "num_states": 2048
}
