{
    "pdepth": 60,
    "end_eng": 0.0034748609094967554,
    "end_sup": 0.9972196044820281,
    "num_states": 512
}
