{
    "pdepth": 60,
    "end_eng": 0.01645020851299176,
    "end_sup": 0.9850774250356737,
    "num_states": 512
}
