{
    "pdepth": 60,
    "end_eng": 0.004958335116464759,
    "end_sup": 0.9955937903429916,
    "num_states": 2048
}
