{
    "pdepth": 60,
    "end_eng": 0.06291044151834001,
    "end_sup": 0.9377346089716427,
    "num_states": 512
}
