{
    "pdepth": 60,
    "end_eng": 0.012316980481752653,
    "end_sup": 0.9910717205675068,
    "num_states": 256
}
