{
    "pdepth": 60,
    "end_eng": 0.004155517673472405,
    "end_sup": 0.9962807000528998,
    "num_states": 4096
}
