{
    "pdepth": 60,
    "end_eng": 0.031015076136656897,
    "end_sup": 0.9714031230564524,
    "num_states": 128
}
