{
    "pdepth": 60,
    "end_eng": 0.00442333659220135,
    "end_sup": 0.995865818629151,
    "num_states": 8192
}
