{
    "pdepth": 60,
    "end_eng": 0.039685268658473535,
    "end_sup": 0.962082685459682,
    "num_states": 256
}
