{
    "pdepth": 60,
    "end_eng": 0.034842953892768855,
    "end_sup": 0.9672083098653247,
    "num_states": 1024
}
