{
    "pdepth": 60,
    "end_eng": 0.006123294715674453,
    "end_sup": 0.994811789402367,
    "num_states": 1024
}
