{
    "pdepth": 60,
    "end_eng": 0.0027559948624489854,
    "end_sup": 0.9974539309621213,
    "num_states": 2048
}
