{
    "pdepth": 60,
    "end_eng": 0.004894650179122622,
    "end_sup": 0.9969321660068212,
    "num_states": 1024
}
