{
    "pdepth": 60,
    "end_eng": 0.016583030088636957,
    "end_sup": 0.9860534909209157,
    "num_states": 512
}
