{
    "pdepth": 60,
    "end_eng": 0.01674738392149668,
    "end_sup": 0.9851204425619142,
    "num_states": 512
}
