{
    "pdepth": 60,
    "end_eng": 0.0037220334505569503,
    "end_sup": 0.9965747978181121,
    "num_states": 2048
}
