{
    "pdepth": 60,
    "end_eng": 0.003730124984625615,
    "end_sup": 0.997488858024612,
    "num_states": 2048
}
