{
    "pdepth": 60,
    "end_eng": 0.0027702472094462624,
    "end_sup": 0.9973150529004443,
    "num_states": 512
}
