{
    "pdepth": 60,
    "end_eng": 0.00383228098973993,
    "end_sup": 0.996880697239989,
    "num_states": 1024
}
