{
    "pdepth": 60,
    "end_eng": 0.04756131973200094,
    "end_sup": 0.9536918782189537,
    "num_states": 256
}
