{
    "pdepth": 60,
    "end_eng": 0.015119612915843007,
    "end_sup": 0.9950283690969209,
    "num_states": 2048
}
