{
    "pdepth": 60,
    "end_eng": 0.0059930428482846965,
    "end_sup": 0.9956423250836823,
    "num_states": 1024
}
