{
    "pdepth": 60,
    "end_eng": 0.02119206417149847,
    "end_sup": 0.9794776785060803,
    "num_states": 512
}
