{
    "pdepth": 60,
    "end_eng": 0.006395523007299412,
    "end_sup": 0.9938386061726567,
    "num_states": 512
}
