{
    "pdepth": 60,
    "end_eng": 0.0031015582863423703,
    "end_sup": 0.997184678243529,
    "num_states": 512
}
