{
    "pdepth": 60,
    "end_eng": 0.004242941503782623,
    "end_sup": 0.9973835993521647,
    "num_states": 2048
}
