{
    "pdepth": 60,
    "end_eng": 0.005388625318423574,
    "end_sup": 0.9951838902513811,
    "num_states": 2048
}
