{
    "pdepth": 60,
    "end_eng": 0.010733393666929356,
    "end_sup": 0.9894648803782855,
    "num_states": 2048
}
