{
    "pdepth": 60,
    "end_eng": 0.005132234353633209,
    "end_sup": 0.9953218914077355,
    "num_states": 4096
}
