{
    "pdepth": 60,
    "end_eng": 0.00474203014892231,
    "end_sup": 0.9957105790863041,
    "num_states": 2048
}
