{
    "pdepth": 60,
    "end_eng": 0.005230298692550038,
    "end_sup": 0.9970489735343671,
    "num_states": 512
}
