{
    "pdepth": 60,
    "end_eng": 0.004557866134798758,
    "end_sup": 0.9959052610739473,
    "num_states": 4096
}
