{
    "pdepth": 60,
    "end_eng": 0.004345642867961421,
    "end_sup": 0.9965635218800227,
    "num_states": 1024
}
