{
    "pdepth": 60,
    "end_eng": 0.013392390144248804,
    "end_sup": 0.9882855711652268,
    "num_states": 256
}
