{
    "pdepth": 60,
    "end_eng": 0.01191418594424531,
    "end_sup": 0.9891650902939573,
    "num_states": 256
}
