{
    "pdepth": 60,
    "end_eng": 0.04011264156749776,
    "end_sup": 0.9615695404134912,
    "num_states": 1024
}
