{
    "pdepth": 60,
    "end_eng": 0.003609557554857542,
    "end_sup": 0.997579526130774,
    "num_states": 4096
}
