{
    "pdepth": 60,
    "end_eng": 0.022738494002286756,
    "end_sup": 0.9922656517791286,
    "num_states": 512
}
