{
    "pdepth": 60,
    "end_eng": 0.10144780402536868,
    "end_sup": 0.900527096422668,
    "num_states": 512
}
