{
    "pdepth": 60,
    "end_eng": 0.009884620916481074,
    "end_sup": 0.9915363761859428,
    "num_states": 1024
}
