{
    "pdepth": 60,
    "end_eng": 0.05687618375512429,
    "end_sup": 0.9441424772301558,
    "num_states": 1024
}
