{
    "pdepth": 60,
    "end_eng": 0.004290047216069823,
    "end_sup": 0.996320158929573,
    "num_states": 2048
}
