{
    "pdepth": 60,
    "end_eng": 0.004113039211473318,
    "end_sup": 0.998073416446452,
    "num_states": 512
}
