{
    "pdepth": 60,
    "end_eng": 0.00601959111792778,
    "end_sup": 0.9953250546604204,
    "num_states": 512
}
