{
    "pdepth": 60,
    "end_eng": 0.0023762075319461347,
    "end_sup": 0.9981608618010296,
    "num_states": 256
}
