{
    "pdepth": 60,
    "end_eng": 0.004759034794406291,
    "end_sup": 0.9969171323928405,
    "num_states": 1024
}
