{
    "pdepth": 60,
    "end_eng": 0.00453016243194755,
    "end_sup": 0.997134509986876,
    "num_states": 2048
}
