{
    "pdepth": 14,
    "end_eng": 0.029472907063645064,
    "end_sup": 0.9775955241160177,
    "num_states": 216
}
