{
    "pdepth": 14,
    "end_eng": 0.13733138874469936,
    "end_sup": 0.8673655405733616,
    "num_states": 72
}
