{
    "pdepth": 14,
    "end_eng": 0.030938451388585538,
    "end_sup": 0.9712056983746072,
    "num_states": 432
}
