{
    "pdepth": 14,
    "end_eng": 0.025365310063672382,
    "end_sup": 0.977802388225389,
    "num_states": 288
}
