{
    "pdepth": 14,
    "end_eng": 0.00706697196560218,
    "end_sup": 0.9942416539421286,
    "num_states": 54
}
