{
    "pdepth": 14,
    "end_eng": 0.015943875707547538,
    "end_sup": 0.9867326268094703,
    "num_states": 48
}
