{
    "pdepth": 14,
    "end_eng": 0.4558458938192939,
    "end_sup": 0.550415817391132,
    "num_states": 108
}
