{
    "pdepth": 14,
    "end_eng": 0.4859102330023452,
    "end_sup": 0.6124867820191922,
    "num_states": 768
}
