{
    "pdepth": 14,
    "end_eng": 0.04955937927156385,
    "end_sup": 0.9657457720187328,
    "num_states": 54
}
