{
    "pdepth": 14,
    "end_eng": 0.15357813469607404,
    "end_sup": 0.8488643317199379,
    "num_states": 216
}
