{
    "pdepth": 14,
    "end_eng": 0.026134547891523283,
    "end_sup": 0.9747544235567401,
    "num_states": 48
}
