{
    "pdepth": 14,
    "end_eng": 0.02758428863254805,
    "end_sup": 0.9769328561359567,
    "num_states": 72
}
