{
    "pdepth": 14,
    "end_eng": 0.0013892896221541424,
    "end_sup": 0.998611185896392,
    "num_states": 8
}
