{
    "pdepth": 14,
    "end_eng": 0.01094827834518526,
    "end_sup": 0.9897112402979474,
    "num_states": 162
}
