{
    "pdepth": 14,
    "end_eng": 0.048782808258672115,
    "end_sup": 0.9709555918853112,
    "num_states": 216
}
