{
    "pdepth": 14,
    "end_eng": 0.0061888445557624645,
    "end_sup": 0.9938168138496241,
    "num_states": 54
}
