{
    "pdepth": 14,
    "end_eng": 0.02125021578541009,
    "end_sup": 0.980200907943566,
    "num_states": 162
}
