{
    "pdepth": 14,
    "end_eng": 0.10459211164151064,
    "end_sup": 0.8967213928601117,
    "num_states": 72
}
