{
    "pdepth": 14,
    "end_eng": 0.07917695239923259,
    "end_sup": 0.9282966069310369,
    "num_states": 72
}
