{
    "pdepth": 14,
    "end_eng": 0.08654151322334577,
    "end_sup": 0.9216253889262443,
    "num_states": 72
}
