{
    "pdepth": 14,
    "end_eng": 0.5367171674720931,
    "end_sup": 0.4931457150698447,
    "num_states": 216
}
