{
    "pdepth": 14,
    "end_eng": 0.04609035817420368,
    "end_sup": 0.9601065538251717,
    "num_states": 288
}
