{
    "pdepth": 14,
    "end_eng": 0.03904985199404693,
    "end_sup": 0.963822703976684,
    "num_states": 432
}
