{
    "pdepth": 14,
    "end_eng": 0.022122771698273026,
    "end_sup": 0.9787007492836683,
    "num_states": 432
}
