{
    "pdepth": 14,
    "end_eng": 0.0027829418560618912,
    "end_sup": 0.9972187497481361,
    "num_states": 36
}
