{
    "pdepth": 14,
    "end_eng": 0.010502225216405378,
    "end_sup": 0.9895063899164978,
    "num_states": 108
}
