{
    "pdepth": 14,
    "end_eng": 0.01669479079708041,
    "end_sup": 0.9860093703968632,
    "num_states": 324
}
