{
    "pdepth": 14,
    "end_eng": 0.00977359619318386,
    "end_sup": 0.990891137378325,
    "num_states": 48
}
