{
    "pdepth": 14,
    "end_eng": 0.0530684203242878,
    "end_sup": 0.9505030366385739,
    "num_states": 216
}
