{
    "pdepth": 14,
    "end_eng": 0.040951401784526886,
    "end_sup": 0.9746663773984964,
    "num_states": 108
}
