{
    "pdepth": 14,
    "end_eng": 0.002782941856061881,
    "end_sup": 0.9972187497481361,
    "num_states": 108
}
