{
    "pdepth": 14,
    "end_eng": 0.011383162394711892,
    "end_sup": 0.9898164287184082,
    "num_states": 108
}
