{
    "pdepth": 14,
    "end_eng": 0.03128689445667963,
    "end_sup": 0.9762072623886591,
    "num_states": 54
}
