{
    "pdepth": 14,
    "end_eng": 0.07928426435184054,
    "end_sup": 0.9697827268664098,
    "num_states": 288
}
