{
    "pdepth": 14,
    "end_eng": 0.02415830864447006,
    "end_sup": 0.9779174719655133,
    "num_states": 54
}
