{
    "pdepth": 14,
    "end_eng": 0.08402950782058916,
    "end_sup": 0.9289797748819659,
    "num_states": 108
}
