{
    "pdepth": 14,
    "end_eng": 0.09976836220550939,
    "end_sup": 0.9028623520310364,
    "num_states": 128
}
