{
    "pdepth": 14,
    "end_eng": 0.032889776013255656,
    "end_sup": 0.9759303873506235,
    "num_states": 216
}
