{
    "pdepth": 14,
    "end_eng": 0.27990171980072204,
    "end_sup": 0.7336490412232914,
    "num_states": 108
}
