{
    "pdepth": 14,
    "end_eng": 0.02951080954923653,
    "end_sup": 0.9732129960086995,
    "num_states": 144
}
