{
    "pdepth": 14,
    "end_eng": 0.0312808636423519,
    "end_sup": 0.9726373196585103,
    "num_states": 72
}
