{
    "pdepth": 14,
    "end_eng": 0.0504578905854121,
    "end_sup": 0.9685262217677113,
    "num_states": 216
}
