{
    "pdepth": 14,
    "end_eng": 0.1293672522402595,
    "end_sup": 0.8818297983449149,
    "num_states": 216
}
