{
    "pdepth": 14,
    "end_eng": 0.12893419341034115,
    "end_sup": 0.8980875612350281,
    "num_states": 144
}
