{
    "pdepth": 14,
    "end_eng": 0.19256525512307485,
    "end_sup": 0.8192870469625652,
    "num_states": 216
}
