{
    "pdepth": 14,
    "end_eng": 0.01370927476694034,
    "end_sup": 0.9868578793631084,
    "num_states": 162
}
