{
    "pdepth": 14,
    "end_eng": 0.01436523863737618,
    "end_sup": 0.9864864768850534,
    "num_states": 72
}
