{
    "pdepth": 14,
    "end_eng": 0.03777138380089835,
    "end_sup": 0.9662916949362113,
    "num_states": 216
}
