{
    "pdepth": 14,
    "end_eng": 0.029489746778302618,
    "end_sup": 0.9829697106456621,
    "num_states": 144
}
