{
    "pdepth": 14,
    "end_eng": 0.009297636257901115,
    "end_sup": 0.9918427185740831,
    "num_states": 24
}
