{
    "pdepth": 14,
    "end_eng": 0.09626693307950025,
    "end_sup": 0.9087048923674206,
    "num_states": 216
}
