{
    "pdepth": 14,
    "end_eng": 0.01234632170276416,
    "end_sup": 0.987684038051879,
    "num_states": 108
}
