{
    "pdepth": 14,
    "end_eng": 0.037590330278905126,
    "end_sup": 0.9775002267599647,
    "num_states": 108
}
