{
    "pdepth": 14,
    "end_eng": 0.03853295245364712,
    "end_sup": 0.9646030342841079,
    "num_states": 216
}
