{
    "pdepth": 14,
    "end_eng": 0.02625427324578015,
    "end_sup": 0.9738531886086078,
    "num_states": 36
}
