{
    "pdepth": 14,
    "end_eng": 0.4669480721642568,
    "end_sup": 0.5511377593931143,
    "num_states": 108
}
