{
    "pdepth": 14,
    "end_eng": 0.13017874735808446,
    "end_sup": 0.8952404974378093,
    "num_states": 72
}
