{
    "pdepth": 14,
    "end_eng": 0.022731547479480425,
    "end_sup": 0.9803171924788816,
    "num_states": 144
}
