{
    "pdepth": 14,
    "end_eng": 0.0018860284533173597,
    "end_sup": 0.9981139715466832,
    "num_states": 54
}
