{
    "pdepth": 14,
    "end_eng": 0.38648178825251184,
    "end_sup": 0.6648919342154767,
    "num_states": 144
}
