{
    "pdepth": 14,
    "end_eng": 0.1006139887043633,
    "end_sup": 0.9055347299192741,
    "num_states": 108
}
