{
    "pdepth": 14,
    "end_eng": 0.17818296192306438,
    "end_sup": 0.8364155189466489,
    "num_states": 54
}
