{
    "pdepth": 14,
    "end_eng": 0.027097087291593727,
    "end_sup": 0.9768796140656134,
    "num_states": 144
}
