{
    "pdepth": 14,
    "end_eng": 0.009404874020634332,
    "end_sup": 0.9910353445954367,
    "num_states": 162
}
