{
    "pdepth": 14,
    "end_eng": 0.015946131802861824,
    "end_sup": 0.9854523494608424,
    "num_states": 216
}
