{
    "pdepth": 14,
    "end_eng": 0.029758203967005754,
    "end_sup": 0.9718400692852107,
    "num_states": 54
}
