{
    "pdepth": 14,
    "end_eng": 0.008975891559636521,
    "end_sup": 0.9935687809287214,
    "num_states": 54
}
