{
    "pdepth": 14,
    "end_eng": 0.029466020314311732,
    "end_sup": 0.973241341249823,
    "num_states": 288
}
