{
    "pdepth": 14,
    "end_eng": 0.07719704371120747,
    "end_sup": 0.9427552581459081,
    "num_states": 288
}
