{
    "pdepth": 14,
    "end_eng": 0.08079145304969855,
    "end_sup": 0.9424308775133634,
    "num_states": 108
}
