{
    "pdepth": 14,
    "end_eng": 0.0289201788743858,
    "end_sup": 0.9784259812007521,
    "num_states": 192
}
