{
    "pdepth": 14,
    "end_eng": 0.04026395468424007,
    "end_sup": 0.9659134687453853,
    "num_states": 36
}
