{
    "pdepth": 14,
    "end_eng": 0.01827242840550213,
    "end_sup": 0.982842418681063,
    "num_states": 216
}
