{
    "pdepth": 14,
    "end_eng": 0.24790308570363428,
    "end_sup": 0.7683696771957418,
    "num_states": 144
}
