{
    "pdepth": 14,
    "end_eng": 0.05241333273983638,
    "end_sup": 0.9512487553396348,
    "num_states": 108
}
