{
    "pdepth": 14,
    "end_eng": 0.008774002594519993,
    "end_sup": 0.9919906291972109,
    "num_states": 108
}
