{
    "pdepth": 14,
    "end_eng": 0.04491034579678496,
    "end_sup": 0.9568765134733206,
    "num_states": 432
}
