{
    "pdepth": 14,
    "end_eng": 0.36497121223752865,
    "end_sup": 0.6627281354929766,
    "num_states": 108
}
