{
    "pdepth": 14,
    "end_eng": 0.3211307492637811,
    "end_sup": 0.6905305434003011,
    "num_states": 54
}
