{
    "pdepth": 14,
    "end_eng": 0.06798798381357406,
    "end_sup": 0.9459553420862468,
    "num_states": 54
}
