{
    "pdepth": 14,
    "end_eng": 0.13455159993889143,
    "end_sup": 0.8862038829465941,
    "num_states": 54
}
