{
    "pdepth": 14,
    "end_eng": 0.04190337332946965,
    "end_sup": 0.9725333242319669,
    "num_states": 72
}
