{
    "pdepth": 14,
    "end_eng": 0.04158554995169824,
    "end_sup": 0.9745170253739185,
    "num_states": 72
}
