{
    "pdepth": 14,
    "end_eng": 0.26453037997903495,
    "end_sup": 0.7655618105085724,
    "num_states": 144
}
