{
    "pdepth": 14,
    "end_eng": 0.03942902950009689,
    "end_sup": 0.9634283700593225,
    "num_states": 72
}
