{
    "pdepth": 14,
    "end_eng": 0.0931212825649045,
    "end_sup": 0.921418511385182,
    "num_states": 144
}
