{
    "pdepth": 14,
    "end_eng": 0.26666807210191684,
    "end_sup": 0.7909268012225599,
    "num_states": 144
}
