{
    "pdepth": 14,
    "end_eng": 0.1481140553758975,
    "end_sup": 0.8826330337423132,
    "num_states": 72
}
