{
    "pdepth": 14,
    "end_eng": 0.17896503196567837,
    "end_sup": 0.8239608496323931,
    "num_states": 144
}
