{
    "pdepth": 14,
    "end_eng": 0.17977753835409577,
    "end_sup": 0.8426574531108963,
    "num_states": 288
}
