{
    "pdepth": 14,
    "end_eng": 0.01990240365943335,
    "end_sup": 0.9836918902531389,
    "num_states": 144
}
