{
    "pdepth": 14,
    "end_eng": 0.04403769863520033,
    "end_sup": 0.9657133010963952,
    "num_states": 108
}
