{
    "pdepth": 14,
    "end_eng": 0.18805978699324738,
    "end_sup": 0.8791352027123808,
    "num_states": 18
}
