{
    "pdepth": 14,
    "end_eng": 0.01863697267070629,
    "end_sup": 0.9857717950344416,
    "num_states": 36
}
