{
    "pdepth": 14,
    "end_eng": 0.14900866624183562,
    "end_sup": 0.8783297841602291,
    "num_states": 144
}
