{
    "pdepth": 14,
    "end_eng": 0.001893657648432441,
    "end_sup": 0.9981072104639693,
    "num_states": 54
}
