{
    "pdepth": 14,
    "end_eng": 0.1430905447879072,
    "end_sup": 0.871958970996939,
    "num_states": 108
}
