{
    "pdepth": 14,
    "end_eng": 0.05977822861554232,
    "end_sup": 0.9496667924040885,
    "num_states": 288
}
