{
    "pdepth": 14,
    "end_eng": 0.026855944097238404,
    "end_sup": 0.9741549661661769,
    "num_states": 288
}
