{
    "pdepth": 14,
    "avg_fin_eng": 0.034572404085253194,
    "avg_fin_sup": 0.9675304102098425,
    "num_epochs": 10,
    "num_runs": 50000,
    "epoch_engs": [
        0.06819551634726302,
        0.06423226506696957,
        0.05998975172476706,
        0.05724040195751494,
        0.053095759047069736,
        0.04988496077224,
        0.04531479825559512,
        0.04327406338535209,
        0.03814301482343766,
        0.03457206904042118
    ],
    "epoch_sups": [
        0.934513179977177,
        0.9383521313666201,
        0.9429269124678051,
        0.9458448177736267,
        0.9499151154085991,
        0.953389839820329,
        0.9578033191510239,
        0.9603669000542457,
        0.9644456515517791,
        0.967531410035208
    ],
    "alphas": [
        0.18057599257372275,
        0.19622347606283336,
        0.2814170688672383,
        0.3394641428785953,
        0.3662447991329837,
        0.3781299922912155,
        0.4418047184776299,
        0.5353043967752942,
        0.5329428560762673,
        0.5690812335203354,
        0.6305403032357351,
        0.6918229055687765,
        0.7252904914978588,
        0.767305773245033
    ],
    "betas": [
        0.2862740665678776,
        0.22932858313918175,
        0.22938481288453214,
        0.15942931053214845,
        0.1868656577407543,
        0.09250075929813356,
        0.16863499030332035,
        0.130951169222633,
        0.10000131663132963,
        0.10873950344847369,
        0.06938648044980102,
        0.08156250244780372,
        0.024081083895358457,
        0.07066274535189238
    ]
}
