{
    "pdepth": 60,
    "avg_fin_eng": 0.0010404453456357367,
    "avg_fin_sup": 0.9990019255897163,
    "num_epochs": 10,
    "num_runs": 50000,
    "epoch_engs": [
        0.002936062927699558,
        0.002155072259690003,
        0.001865986249376027,
        0.001589871313724262,
        0.0013260272642393604,
        0.0011908195166389465,
        0.0012658970012222658,
        0.0011424313805105679,
        0.0011431352070573916,
        0.001040553266459286
    ],
    "epoch_sups": [
        0.9971034099375929,
        0.9979117821286702,
        0.9982316486344358,
        0.998442798490898,
        0.9987131605782443,
        0.9988348208236922,
        0.9987722831334672,
        0.9989037376179626,
        0.9989019151596659,
        0.999001851122309
    ],
    "alphas": [
        0.014861581041891003,
        0.01964149547224047,
        0.026437551020003537,
        0.031567470755417396,
        0.046639438115087486,
        0.05487154323403553,
        0.06373648134499638,
        0.07907481377673174,
        0.09682144711030566,
        0.10576024029957237,
        0.11582016595035943,
        0.13031216269904472,
        0.14636740796645592,
        0.15260849503419105,
        0.16105435158095427,
        0.17493827509454055,
        0.18206317365819863,
        0.19697084589070588,
        0.2029481275083966,
        0.21548830694251048,
        0.22123934259356406,
        0.23264585965590176,
        0.24180115800875374,
        0.25651809952612187,
        0.26314725691463936,
        0.273464973026344,
        0.2841524232321317,
        0.29208716663509093,
        0.3031512378495166,
        0.31481635512538436,
        0.3310646077147489,
        0.3339722024767554,
        0.34203008237754007,
        0.35603736673376396,
        0.3661458363767762,
        0.37782648007339387,
        0.38910866985763515,
        0.3969958428682548,
        0.40553049533156726,
        0.41524979369411524,
        0.43023124019726394,
        0.439252262693409,
        0.451001340657507,
        0.460339853262705,
        0.46956340491307463,
        0.4808081685813958,
        0.49229654104787135,
        0.5027349501529706,
        0.5128268144631678,
        0.5233421745764658,
        0.534940797757399,
        0.5450220979360342,
        0.5558421134668986,
        0.5661409245809199,
        0.5763252595042785,
        0.5865428427948702,
        0.5968613264881226,
        0.6076411170597923,
        0.617919023433665,
        0.6284021193711449
    ],
    "betas": [
        0.15512425636006505,
        0.1535998359627113,
        0.1506110163104274,
        0.1485568231967583,
        0.14625957737106762,
        0.14344192913830245,
        0.14157268405418624,
        0.1362352593541575,
        0.133059601465648,
        0.1283505757184797,
        0.1212877282030998,
        0.1208780825146181,
        0.11248774944447873,
        0.11532205852290099,
        0.10960355821758008,
        0.10604126445356907,
        0.10833483388043243,
        0.10435654922801901,
        0.10131702516745975,
        0.09904970818835368,
        0.09786423893104493,
        0.09929749095523027,
        0.08525872387867586,
        0.1016712904506752,
        0.09020867845186786,
        0.09614220283973593,
        0.08178262896908688,
        0.09536436127649868,
        0.08790024934769594,
        0.08243075057856569,
        0.09443446854826235,
        0.07516612070222878,
        0.083878659757801,
        0.09072574481316631,
        0.06389089726182921,
        0.0834643082509392,
        0.08260148831847888,
        0.06592192669490655,
        0.07349542363711972,
        0.06316579120231669,
        0.07339165822108934,
        0.05827057033793424,
        0.04984889372257258,
        0.0679431934085465,
        0.04136415360083683,
        0.05405184786666113,
        0.04013603323581677,
        0.040064694198908964,
        0.032301653296520356,
        0.02097179570728061,
        0.02639306708851772,
        0.014795810591726168,
        0.0178797675337821,
        0.009794437559406025,
        0.00937511779023105,
        0.003026081992578089,
        0.0009274644406740418,
        0.0036313932846206848,
        -0.0067318970255063615,
        0.006761079679203211
    ]
}
