{
    "pdepth": 14,
    "end_eng": 0.0234263178941117,
    "end_sup": 0.9771395981345598,
    "num_states": 432
}
