{
    "pdepth": 14,
    "end_eng": 0.18175361835941217,
    "end_sup": 0.8344453309636811,
    "num_states": 144
}
