{
    "pdepth": 14,
    "end_eng": 0.021935599047797204,
    "end_sup": 0.9800755252073605,
    "num_states": 216
}
