{
    "pdepth": 14,
    "end_eng": 0.08345304577417917,
    "end_sup": 0.9223181899289393,
    "num_states": 216
}
