{
    "pdepth": 14,
    "end_eng": 0.04143415278297063,
    "end_sup": 0.9625954154356862,
    "num_states": 432
}
