{
    "pdepth": 14,
    "end_eng": 0.08779625342097938,
    "end_sup": 0.9172244676615298,
    "num_states": 36
}
