{
    "pdepth": 14,
    "end_eng": 0.022843538154872348,
    "end_sup": 0.9836978341279184,
    "num_states": 24
}
