{
    "pdepth": 14,
    "end_eng": 0.01641214248377411,
    "end_sup": 0.9844235518070993,
    "num_states": 324
}
