{
    "pdepth": 14,
    "end_eng": 0.005970487985878377,
    "end_sup": 0.9940340625711653,
    "num_states": 108
}
