{
    "pdepth": 14,
    "end_eng": 0.015526536959939928,
    "end_sup": 0.9855579008035449,
    "num_states": 54
}
