{
    "pdepth": 14,
    "end_eng": 0.027298804631982556,
    "end_sup": 0.9849680216112302,
    "num_states": 432
}
