{
    "pdepth": 14,
    "end_eng": 0.0808375729788482,
    "end_sup": 0.9262328450356391,
    "num_states": 432
}
