{
    "pdepth": 14,
    "end_eng": 0.037368391823072555,
    "end_sup": 0.9713338406260612,
    "num_states": 216
}
