{
    "pdepth": 14,
    "end_eng": 0.3065128670240928,
    "end_sup": 0.7026005263298819,
    "num_states": 96
}
