{
    "pdepth": 14,
    "end_eng": 0.03561201802689335,
    "end_sup": 0.9708982458470139,
    "num_states": 216
}
