{
    "pdepth": 14,
    "end_eng": 0.04076050195007009,
    "end_sup": 0.9697272412554474,
    "num_states": 36
}
