{
    "pdepth": 14,
    "end_eng": 0.39890156303100033,
    "end_sup": 0.6106645232792263,
    "num_states": 54
}
