{
    "pdepth": 14,
    "end_eng": 0.28315785069151866,
    "end_sup": 0.7709622342778122,
    "num_states": 288
}
