{
    "pdepth": 14,
    "end_eng": 0.038479844694115896,
    "end_sup": 0.9625372196738116,
    "num_states": 324
}
