{
    "pdepth": 14,
    "end_eng": 0.019299667006578758,
    "end_sup": 0.984140321287897,
    "num_states": 108
}
