{
    "pdepth": 14,
    "end_eng": 0.22335993972372573,
    "end_sup": 0.7798967557688197,
    "num_states": 216
}
