{
    "pdepth": 14,
    "end_eng": 0.014329487102595767,
    "end_sup": 0.9886831383591346,
    "num_states": 216
}
