{
    "pdepth": 14,
    "end_eng": 0.05587833670234706,
    "end_sup": 0.9552397997268488,
    "num_states": 144
}
