{
    "pdepth": 14,
    "end_eng": 0.0511587808274693,
    "end_sup": 0.9505018794629778,
    "num_states": 324
}
