{
    "pdepth": 14,
    "end_eng": 0.1324429751631784,
    "end_sup": 0.8864664560026375,
    "num_states": 108
}
