{
    "pdepth": 14,
    "end_eng": 0.05648158963110801,
    "end_sup": 0.9473863575393346,
    "num_states": 432
}
