{
    "pdepth": 14,
    "end_eng": 0.009773596193183862,
    "end_sup": 0.9908911373783249,
    "num_states": 24
}
