{
    "pdepth": 14,
    "end_eng": 0.31917719732422795,
    "end_sup": 0.7353025535027847,
    "num_states": 144
}
