{
    "pdepth": 14,
    "end_eng": 0.08000395897193788,
    "end_sup": 0.921541688980682,
    "num_states": 96
}
