{
    "pdepth": 14,
    "end_eng": 0.08096585857243038,
    "end_sup": 0.9461972773538585,
    "num_states": 144
}
