{
    "pdepth": 14,
    "end_eng": 0.02445825043555582,
    "end_sup": 0.9761812420140624,
    "num_states": 216
}
