{
    "pdepth": 14,
    "end_eng": 0.022077612065390648,
    "end_sup": 0.9779413851871193,
    "num_states": 72
}
