{
    "pdepth": 14,
    "end_eng": 0.008126854499042028,
    "end_sup": 0.9940068389821984,
    "num_states": 108
}
