{
    "pdepth": 14,
    "end_eng": 0.0207729021450227,
    "end_sup": 0.9836098405676825,
    "num_states": 108
}
