{
    "pdepth": 14,
    "end_eng": 0.018562024398700885,
    "end_sup": 0.9815240076185037,
    "num_states": 324
}
