{
    "pdepth": 14,
    "end_eng": 0.015665201740018793,
    "end_sup": 0.9853903263308232,
    "num_states": 108
}
