{
    "pdepth": 14,
    "end_eng": 0.04615390919013704,
    "end_sup": 0.9613560022287673,
    "num_states": 108
}
