{
    "pdepth": 14,
    "end_eng": 0.04221454556464501,
    "end_sup": 0.9648026515863475,
    "num_states": 144
}
