{
    "pdepth": 14,
    "end_eng": 0.06233075238316288,
    "end_sup": 0.9498127103182034,
    "num_states": 72
}
