{
    "pdepth": 14,
    "end_eng": 0.0016753010785484077,
    "end_sup": 0.9983253970677903,
    "num_states": 36
}
