{
    "pdepth": 14,
    "end_eng": 0.04967434824802108,
    "end_sup": 0.9581013088761015,
    "num_states": 108
}
