{
    "pdepth": 14,
    "end_eng": 0.24453352874721512,
    "end_sup": 0.7665022602704091,
    "num_states": 216
}
