{
    "pdepth": 14,
    "end_eng": 0.010821625684592866,
    "end_sup": 0.991058096395005,
    "num_states": 144
}
