{
    "pdepth": 14,
    "end_eng": 0.15983593145176472,
    "end_sup": 0.8501850603887162,
    "num_states": 108
}
