{
    "pdepth": 14,
    "end_eng": 0.09900444862066647,
    "end_sup": 0.9177788197051033,
    "num_states": 216
}
