{
    "pdepth": 14,
    "end_eng": 0.018221618194175324,
    "end_sup": 0.9852949384114008,
    "num_states": 216
}
