{
    "pdepth": 14,
    "end_eng": 0.0884725130842003,
    "end_sup": 0.9199849778985026,
    "num_states": 144
}
