{
    "pdepth": 14,
    "end_eng": 0.008579454637109445,
    "end_sup": 0.9920563054423767,
    "num_states": 162
}
