{
    "pdepth": 14,
    "end_eng": 0.0037720569066347826,
    "end_sup": 0.996231500196692,
    "num_states": 18
}
