{
    "pdepth": 14,
    "end_eng": 0.39442581265802923,
    "end_sup": 0.6089402728065908,
    "num_states": 162
}
