{
    "pdepth": 14,
    "end_eng": 0.17034970071432062,
    "end_sup": 0.8370779262675048,
    "num_states": 108
}
