{
    "pdepth": 14,
    "end_eng": 0.031891407447103316,
    "end_sup": 0.9733871205742463,
    "num_states": 432
}
