{
    "pdepth": 14,
    "end_eng": 0.023892883981961252,
    "end_sup": 0.9840865031349133,
    "num_states": 72
}
