{
    "pdepth": 14,
    "end_eng": 0.06947260722499729,
    "end_sup": 0.9525805314577241,
    "num_states": 144
}
