{
    "pdepth": 14,
    "end_eng": 0.03170353049682557,
    "end_sup": 0.9715813704529792,
    "num_states": 864
}
