{
    "pdepth": 14,
    "end_eng": 0.052058141700292895,
    "end_sup": 0.9552064135566712,
    "num_states": 108
}
