{
    "pdepth": 14,
    "end_eng": 0.026705836784376238,
    "end_sup": 0.9777798883343648,
    "num_states": 288
}
