{
    "pdepth": 14,
    "end_eng": 0.2074705431243931,
    "end_sup": 0.8035025074839748,
    "num_states": 96
}
