{
    "pdepth": 14,
    "end_eng": 0.16494380829594577,
    "end_sup": 0.8808714339490563,
    "num_states": 192
}
