{
    "pdepth": 14,
    "end_eng": 0.044334102431233174,
    "end_sup": 0.9616383094144922,
    "num_states": 144
}
