{
    "pdepth": 14,
    "end_eng": 0.01491835727622186,
    "end_sup": 0.9850942187447136,
    "num_states": 144
}
