{
    "pdepth": 14,
    "end_eng": 0.0177416966352178,
    "end_sup": 0.9828079690875241,
    "num_states": 81
}
