{
    "pdepth": 14,
    "end_eng": 0.02710129435921296,
    "end_sup": 0.9786855724059805,
    "num_states": 72
}
