{
    "pdepth": 14,
    "end_eng": 0.13014402645519255,
    "end_sup": 0.8772607514226316,
    "num_states": 216
}
