{
    "pdepth": 14,
    "end_eng": 0.146962767338745,
    "end_sup": 0.872030569187399,
    "num_states": 24
}
