{
    "pdepth": 14,
    "end_eng": 0.01167778542155976,
    "end_sup": 0.9883222145784397,
    "num_states": 54
}
