{
    "pdepth": 14,
    "end_eng": 0.04309569010439701,
    "end_sup": 0.9633717657177464,
    "num_states": 144
}
