{
    "pdepth": 14,
    "end_eng": 0.04016678243417853,
    "end_sup": 0.9648044499473681,
    "num_states": 216
}
