{
    "pdepth": 14,
    "end_eng": 0.0430753950346837,
    "end_sup": 0.965158937698622,
    "num_states": 288
}
