{
    "pdepth": 14,
    "end_eng": 0.11622003222960027,
    "end_sup": 0.8941618185047691,
    "num_states": 216
}
