{
    "pdepth": 14,
    "end_eng": 0.02166560215167628,
    "end_sup": 0.9795691247041602,
    "num_states": 108
}
