{
    "pdepth": 14,
    "end_eng": 0.07816021180610244,
    "end_sup": 0.9232875619631981,
    "num_states": 36
}
