{
    "pdepth": 14,
    "end_eng": 0.027633859846725988,
    "end_sup": 0.9783469648716772,
    "num_states": 108
}
