{
    "pdepth": 14,
    "end_eng": 0.015688725821719603,
    "end_sup": 0.9849309626362912,
    "num_states": 324
}
