{
    "pdepth": 14,
    "end_eng": 0.06434512266546465,
    "end_sup": 0.9372281178440348,
    "num_states": 162
}
