{
    "pdepth": 14,
    "end_eng": 0.016935190983014433,
    "end_sup": 0.983142573514874,
    "num_states": 288
}
