{
    "pdepth": 14,
    "end_eng": 0.010728541542030857,
    "end_sup": 0.9901546585415592,
    "num_states": 288
}
