{
    "pdepth": 14,
    "end_eng": 0.34041542895334415,
    "end_sup": 0.7674420425428126,
    "num_states": 288
}
