{
    "pdepth": 14,
    "end_eng": 0.06564100060679855,
    "end_sup": 0.9474019855318201,
    "num_states": 108
}
