{
    "pdepth": 14,
    "end_eng": 0.047334452311854264,
    "end_sup": 0.9637309902543657,
    "num_states": 108
}
