{
    "pdepth": 14,
    "end_eng": 0.22161712210166346,
    "end_sup": 0.7881646324027045,
    "num_states": 216
}
