{
    "pdepth": 14,
    "end_eng": 0.0459255775925507,
    "end_sup": 0.9671521129302709,
    "num_states": 108
}
