{
    "pdepth": 14,
    "end_eng": 0.060372829609802316,
    "end_sup": 0.9639479813118073,
    "num_states": 108
}
