{
    "pdepth": 14,
    "end_eng": 0.036247060029877064,
    "end_sup": 0.9751428087770295,
    "num_states": 72
}
