{
    "pdepth": 14,
    "end_eng": 0.03250955144468194,
    "end_sup": 0.9701191165479954,
    "num_states": 432
}
