{
    "pdepth": 14,
    "end_eng": 0.08194759252555905,
    "end_sup": 0.9324993902530767,
    "num_states": 96
}
