{
    "pdepth": 14,
    "end_eng": 0.03011914825333996,
    "end_sup": 0.9722577497330384,
    "num_states": 324
}
