{
    "pdepth": 14,
    "end_eng": 0.04806599546070577,
    "end_sup": 0.9688596506672225,
    "num_states": 108
}
