{
    "pdepth": 14,
    "end_eng": 0.025712230970808905,
    "end_sup": 0.9765998022441778,
    "num_states": 108
}
