{
    "pdepth": 14,
    "end_eng": 0.10525674115964827,
    "end_sup": 0.9132670707940072,
    "num_states": 864
}
