{
    "pdepth": 14,
    "end_eng": 0.1750267323079871,
    "end_sup": 0.851543143626217,
    "num_states": 144
}
