{
    "pdepth": 14,
    "end_eng": 0.013317021315355108,
    "end_sup": 0.9896407318795204,
    "num_states": 162
}
