{
    "pdepth": 14,
    "end_eng": 0.04075827839717755,
    "end_sup": 0.9680400045511528,
    "num_states": 288
}
