{
    "pdepth": 14,
    "end_eng": 0.031228937886547122,
    "end_sup": 0.9702435202603243,
    "num_states": 216
}
