{
    "pdepth": 14,
    "end_eng": 0.12077944447621698,
    "end_sup": 0.8910870016161277,
    "num_states": 36
}
