{
    "pdepth": 14,
    "end_eng": 0.018759249934301815,
    "end_sup": 0.9822623278469909,
    "num_states": 288
}
