{
    "pdepth": 14,
    "end_eng": 0.24057378441089958,
    "end_sup": 0.7798844632629244,
    "num_states": 144
}
