{
    "pdepth": 14,
    "end_eng": 0.004286522520468675,
    "end_sup": 0.9957165176653787,
    "num_states": 54
}
