{
    "pdepth": 14,
    "end_eng": 0.10801800063104808,
    "end_sup": 0.9111157314145317,
    "num_states": 128
}
