{
    "pdepth": 14,
    "end_eng": 0.07483854625904851,
    "end_sup": 0.9446054121098237,
    "num_states": 256
}
