{
    "pdepth": 14,
    "end_eng": 0.05740248736010049,
    "end_sup": 0.9465836263423621,
    "num_states": 512
}
