{
    "pdepth": 14,
    "end_eng": 0.12658508545425645,
    "end_sup": 0.8775599265571274,
    "num_states": 256
}
