{
    "pdepth": 14,
    "end_eng": 0.06372902151857357,
    "end_sup": 0.9505894965927788,
    "num_states": 128
}
