{
    "pdepth": 14,
    "end_eng": 0.06917871132125819,
    "end_sup": 0.9335502886485039,
    "num_states": 1024
}
