{
    "pdepth": 14,
    "end_eng": 0.05805437529050021,
    "end_sup": 0.945202719356198,
    "num_states": 256
}
