{
    "pdepth": 14,
    "end_eng": 0.19812647778717685,
    "end_sup": 0.8190549624334196,
    "num_states": 512
}
