{
    "pdepth": 14,
    "end_eng": 0.19961479867330015,
    "end_sup": 0.8569647413229123,
    "num_states": 32
}
