{
    "pdepth": 14,
    "end_eng": 0.07448348896941157,
    "end_sup": 0.9442105090093769,
    "num_states": 512
}
