{
    "pdepth": 14,
    "end_eng": 0.08075370982947921,
    "end_sup": 0.9455835834085993,
    "num_states": 256
}
