{
    "pdepth": 14,
    "end_eng": 0.10538278017272398,
    "end_sup": 0.9098726568834394,
    "num_states": 512
}
