{
    "pdepth": 14,
    "end_eng": 0.05059935189581344,
    "end_sup": 0.9505539091620783,
    "num_states": 128
}
