{
    "pdepth": 14,
    "end_eng": 0.15846180961204495,
    "end_sup": 0.8925810883277965,
    "num_states": 256
}
