{
    "pdepth": 14,
    "end_eng": 0.11166110015913996,
    "end_sup": 0.9077754758760384,
    "num_states": 512
}
