{
    "pdepth": 14,
    "end_eng": 0.025098766235534826,
    "end_sup": 0.9765328825989179,
    "num_states": 128
}
