{
    "pdepth": 14,
    "end_eng": 0.07477647758123424,
    "end_sup": 0.9342526026797788,
    "num_states": 256
}
