{
    "pdepth": 14,
    "end_eng": 0.06690329655209676,
    "end_sup": 0.9542103390811377,
    "num_states": 64
}
