{
    "pdepth": 14,
    "end_eng": 0.0780247119950288,
    "end_sup": 0.9271358125747085,
    "num_states": 256
}
