{
    "pdepth": 14,
    "end_eng": 0.06917871132125814,
    "end_sup": 0.9335502886485048,
    "num_states": 512
}
