{
    "pdepth": 14,
    "end_eng": 0.10358996600095721,
    "end_sup": 0.9013757648269574,
    "num_states": 2048
}
