{
    "pdepth": 14,
    "end_eng": 0.398428212067399,
    "end_sup": 0.6322135164022383,
    "num_states": 256
}
