{
    "pdepth": 14,
    "end_eng": 0.06628181112889253,
    "end_sup": 0.9414632139442551,
    "num_states": 256
}
