{
    "pdepth": 14,
    "end_eng": 0.11315294652234334,
    "end_sup": 0.8952350156480926,
    "num_states": 512
}
