{
    "pdepth": 14,
    "end_eng": 0.08145395847238641,
    "end_sup": 0.9231884861577988,
    "num_states": 1024
}
