{
    "pdepth": 14,
    "end_eng": 0.11654428162045177,
    "end_sup": 0.9160587311440154,
    "num_states": 128
}
