{
    "pdepth": 14,
    "end_eng": 0.06882177912924917,
    "end_sup": 0.9380812416504043,
    "num_states": 512
}
