{
    "pdepth": 14,
    "end_eng": 0.17603431654421905,
    "end_sup": 0.9219448262415391,
    "num_states": 128
}
