{
    "pdepth": 14,
    "end_eng": 0.2882293909288077,
    "end_sup": 0.7405808832637928,
    "num_states": 128
}
