{
    "pdepth": 14,
    "end_eng": 0.14618429274355366,
    "end_sup": 0.8657893525469185,
    "num_states": 128
}
