{
    "pdepth": 14,
    "end_eng": 0.15694072316050445,
    "end_sup": 0.850892344891935,
    "num_states": 512
}
