{
    "pdepth": 14,
    "end_eng": 0.24353655242789884,
    "end_sup": 0.7687309555546131,
    "num_states": 128
}
