{
    "pdepth": 14,
    "end_eng": 0.06931386866220308,
    "end_sup": 0.9377145881846536,
    "num_states": 256
}
