{
    "pdepth": 14,
    "end_eng": 0.07566570804164775,
    "end_sup": 0.9261386071256017,
    "num_states": 256
}
