{
    "pdepth": 14,
    "end_eng": 0.13253550709087764,
    "end_sup": 0.9131921194351268,
    "num_states": 64
}
