{
    "pdepth": 14,
    "end_eng": 0.0696796131152555,
    "end_sup": 0.950776919935979,
    "num_states": 128
}
