{
    "pdepth": 14,
    "end_eng": 0.13973407310712813,
    "end_sup": 0.8647829873381045,
    "num_states": 64
}
