{
    "pdepth": 14,
    "end_eng": 0.1284254042623462,
    "end_sup": 0.8936997581837973,
    "num_states": 64
}
