{
    "pdepth": 14,
    "end_eng": 0.2533758707254491,
    "end_sup": 0.7685320379848845,
    "num_states": 512
}
