{
    "pdepth": 14,
    "end_eng": 0.0999578455316083,
    "end_sup": 0.9162509777467038,
    "num_states": 256
}
