{
    "pdepth": 14,
    "end_eng": 0.3614500711840115,
    "end_sup": 0.6606885289907753,
    "num_states": 256
}
