{
    "pdepth": 14,
    "end_eng": 0.08465585584435714,
    "end_sup": 0.9345960264241813,
    "num_states": 512
}
