{
    "pdepth": 14,
    "end_eng": 0.0703039796774459,
    "end_sup": 0.9315888994145813,
    "num_states": 512
}
