{
    "pdepth": 14,
    "end_eng": 0.2899421040809153,
    "end_sup": 0.7429300185655008,
    "num_states": 64
}
