{
    "pdepth": 14,
    "end_eng": 0.31053828273286993,
    "end_sup": 0.7156517952229665,
    "num_states": 128
}
