{
    "pdepth": 14,
    "end_eng": 0.1015184627039015,
    "end_sup": 0.91902568564507,
    "num_states": 128
}
