{
    "pdepth": 14,
    "end_eng": 0.07191548684001486,
    "end_sup": 0.9321302144504807,
    "num_states": 256
}
