{
    "pdepth": 14,
    "end_eng": 0.32269629472468675,
    "end_sup": 0.6943400268707803,
    "num_states": 256
}
