{
    "pdepth": 14,
    "end_eng": 0.27962986266630807,
    "end_sup": 0.7463961716258225,
    "num_states": 128
}
