{
    "pdepth": 14,
    "end_eng": 0.024068823491829122,
    "end_sup": 0.97609929959553,
    "num_states": 128
}
