{
    "pdepth": 14,
    "end_eng": 0.0563902286038748,
    "end_sup": 0.9471471987047028,
    "num_states": 128
}
