{
    "pdepth": 14,
    "end_eng": 0.07432899110965456,
    "end_sup": 0.9324170743228468,
    "num_states": 512
}
