{
    "pdepth": 14,
    "end_eng": 0.14044785276265664,
    "end_sup": 0.8691281122341926,
    "num_states": 256
}
