{
    "pdepth": 14,
    "end_eng": 0.11315294652234333,
    "end_sup": 0.8952350156480934,
    "num_states": 512
}
