{
    "pdepth": 14,
    "end_eng": 0.04613924915852346,
    "end_sup": 0.9582430298890688,
    "num_states": 128
}
