{
    "pdepth": 14,
    "end_eng": 0.08553045336409688,
    "end_sup": 0.922348143427369,
    "num_states": 256
}
