{
    "pdepth": 14,
    "end_eng": 0.06814201160138245,
    "end_sup": 0.9363999394888295,
    "num_states": 128
}
