{
    "pdepth": 14,
    "end_eng": 0.06084292845186499,
    "end_sup": 0.9541238996487742,
    "num_states": 256
}
