{
    "pdepth": 14,
    "end_eng": 0.043304328031687815,
    "end_sup": 0.9605947134059232,
    "num_states": 256
}
