{
    "pdepth": 14,
    "end_eng": 0.08311702868835588,
    "end_sup": 0.9204284280121826,
    "num_states": 1024
}
