{
    "pdepth": 14,
    "end_eng": 0.0846558558443571,
    "end_sup": 0.9345960264241807,
    "num_states": 512
}
