{
    "pdepth": 14,
    "end_eng": 0.053563866522234285,
    "end_sup": 0.9520456083972262,
    "num_states": 128
}
