{
    "pdepth": 14,
    "end_eng": 0.22658713836149394,
    "end_sup": 0.792537879466783,
    "num_states": 128
}
