{
    "pdepth": 14,
    "end_eng": 0.08194137539785645,
    "end_sup": 0.9351446834588502,
    "num_states": 256
}
