{
    "pdepth": 14,
    "end_eng": 0.034659060410784356,
    "end_sup": 0.9654457488884916,
    "num_states": 256
}
