{
    "pdepth": 14,
    "end_eng": 0.07566570804164774,
    "end_sup": 0.9261386071256019,
    "num_states": 512
}
