{
    "pdepth": 14,
    "end_eng": 0.2113049765542831,
    "end_sup": 0.8101922567977214,
    "num_states": 256
}
