{
    "pdepth": 14,
    "end_eng": 0.20662161640908835,
    "end_sup": 0.8193736650603307,
    "num_states": 128
}
