{
    "pdepth": 14,
    "end_eng": 0.05686294599437966,
    "end_sup": 0.9448101884600079,
    "num_states": 256
}
