{
    "pdepth": 14,
    "end_eng": 0.2196523791734682,
    "end_sup": 0.8086929883607441,
    "num_states": 256
}
