{
    "pdepth": 14,
    "end_eng": 0.04027445093757359,
    "end_sup": 0.9627236127984422,
    "num_states": 128
}
