{
    "pdepth": 14,
    "end_eng": 0.06106448179223258,
    "end_sup": 0.9469333388460084,
    "num_states": 256
}
