{
    "pdepth": 14,
    "end_eng": 0.06215593030277207,
    "end_sup": 0.9407567433953766,
    "num_states": 128
}
