{
    "pdepth": 14,
    "end_eng": 0.5042043115025212,
    "end_sup": 0.5203494888512826,
    "num_states": 256
}
