{
    "pdepth": 14,
    "end_eng": 0.19493893932515002,
    "end_sup": 0.8213008910287731,
    "num_states": 256
}
