{
    "pdepth": 14,
    "end_eng": 0.03038804779594845,
    "end_sup": 0.9718191859068634,
    "num_states": 128
}
