{
    "pdepth": 14,
    "end_eng": 0.05961841714600857,
    "end_sup": 0.9442711363891152,
    "num_states": 512
}
