{
    "pdepth": 14,
    "end_eng": 0.07017176500356459,
    "end_sup": 0.9381667917288661,
    "num_states": 256
}
