{
    "pdepth": 14,
    "end_eng": 0.13150578518519612,
    "end_sup": 0.8796203883371662,
    "num_states": 256
}
