{
    "pdepth": 14,
    "end_eng": 0.2853344649867144,
    "end_sup": 0.7385704548314653,
    "num_states": 256
}
