{
    "pdepth": 14,
    "end_eng": 0.2344783894609809,
    "end_sup": 0.7871062479737682,
    "num_states": 128
}
