{
    "pdepth": 14,
    "end_eng": 0.06028367474397585,
    "end_sup": 0.9451593264140384,
    "num_states": 256
}
