{
    "pdepth": 14,
    "end_eng": 0.16395239284718624,
    "end_sup": 0.8671129435525975,
    "num_states": 32
}
