{
    "pdepth": 14,
    "end_eng": 0.1298975063041345,
    "end_sup": 0.8964705077088331,
    "num_states": 256
}
