{
    "pdepth": 14,
    "end_eng": 0.061610212406301816,
    "end_sup": 0.9432366479123557,
    "num_states": 256
}
