{
    "pdepth": 14,
    "end_eng": 0.0805130903556372,
    "end_sup": 0.941030455532448,
    "num_states": 128
}
