{
    "pdepth": 14,
    "end_eng": 0.052557379718869465,
    "end_sup": 0.9620684044101306,
    "num_states": 128
}
