{
    "pdepth": 14,
    "end_eng": 0.06652654557575177,
    "end_sup": 0.9548583356566143,
    "num_states": 64
}
