{
    "pdepth": 14,
    "end_eng": 0.04003650509560404,
    "end_sup": 0.963541157562168,
    "num_states": 128
}
