{
    "pdepth": 14,
    "end_eng": 0.06377726534428937,
    "end_sup": 0.9407106170709642,
    "num_states": 512
}
