{
    "pdepth": 14,
    "end_eng": 0.10806485566485308,
    "end_sup": 0.903448182093123,
    "num_states": 256
}
