{
    "pdepth": 14,
    "end_eng": 0.08468427480351957,
    "end_sup": 0.9374849722754345,
    "num_states": 256
}
