{
    "pdepth": 14,
    "end_eng": 0.4523559185300956,
    "end_sup": 0.5855893226919029,
    "num_states": 128
}
