{
    "pdepth": 14,
    "end_eng": 0.24899874194689464,
    "end_sup": 0.835544151792199,
    "num_states": 128
}
