{
    "pdepth": 14,
    "end_eng": 0.07323432829470933,
    "end_sup": 0.9296255333950392,
    "num_states": 1024
}
