{
    "pdepth": 14,
    "end_eng": 0.23205226907727122,
    "end_sup": 0.8503611030143156,
    "num_states": 256
}
