{
    "pdepth": 14,
    "end_eng": 0.10727116683098169,
    "end_sup": 0.910943935523344,
    "num_states": 64
}
