{
    "pdepth": 14,
    "end_eng": 0.05876405154777515,
    "end_sup": 0.948263298977359,
    "num_states": 256
}
