{
    "pdepth": 14,
    "end_eng": 0.036779184267392045,
    "end_sup": 0.9645348622175504,
    "num_states": 1296
}
