{
    "pdepth": 14,
    "end_eng": 0.04995101297206829,
    "end_sup": 0.9520286212985369,
    "num_states": 2592
}
