{
    "pdepth": 14,
    "end_eng": 0.0596426423764244,
    "end_sup": 0.9641115581895708,
    "num_states": 576
}
