{
    "pdepth": 14,
    "end_eng": 0.0612642578117473,
    "end_sup": 0.9414760108349414,
    "num_states": 216
}
