{
    "pdepth": 14,
    "end_eng": 0.28784152983337974,
    "end_sup": 0.8251107503525594,
    "num_states": 108
}
