{
    "pdepth": 14,
    "end_eng": 0.08138335694073924,
    "end_sup": 0.9292146180385632,
    "num_states": 432
}
