{
    "pdepth": 14,
    "end_eng": 0.20991344343036078,
    "end_sup": 0.8401012654897202,
    "num_states": 288
}
