{
    "pdepth": 14,
    "end_eng": 0.017507073091605974,
    "end_sup": 0.9835604110744938,
    "num_states": 108
}
