{
    "pdepth": 14,
    "end_eng": 0.041535611397035745,
    "end_sup": 0.959786578979835,
    "num_states": 288
}
