{
    "pdepth": 14,
    "end_eng": 0.011902875824306035,
    "end_sup": 0.9902534479607429,
    "num_states": 216
}
