{
    "pdepth": 14,
    "end_eng": 0.06167930942030265,
    "end_sup": 0.9580683258652944,
    "num_states": 864
}
