{
    "pdepth": 14,
    "end_eng": 0.057545900544308644,
    "end_sup": 0.9583006533077749,
    "num_states": 432
}
