{
    "pdepth": 14,
    "end_eng": 0.11728196430043697,
    "end_sup": 0.9028873701275959,
    "num_states": 216
}
