{
    "pdepth": 14,
    "end_eng": 0.025317185489621245,
    "end_sup": 0.9773578944484341,
    "num_states": 324
}
