{
    "pdepth": 14,
    "end_eng": 0.024452016774539617,
    "end_sup": 0.9769600902312376,
    "num_states": 864
}
