{
    "pdepth": 14,
    "end_eng": 0.19093202987654764,
    "end_sup": 0.8255916303268338,
    "num_states": 288
}
