{
    "pdepth": 14,
    "end_eng": 0.019887837951601164,
    "end_sup": 0.9808690248586067,
    "num_states": 288
}
