{
    "pdepth": 14,
    "end_eng": 0.5898109786835444,
    "end_sup": 0.4490395304693887,
    "num_states": 144
}
