{
    "pdepth": 14,
    "end_eng": 0.047520083981349666,
    "end_sup": 0.9583738273977525,
    "num_states": 216
}
