{
    "pdepth": 14,
    "end_eng": 0.06103512671493002,
    "end_sup": 0.9444989368985875,
    "num_states": 288
}
