{
    "pdepth": 14,
    "end_eng": 0.044457701522522666,
    "end_sup": 0.9592910466772812,
    "num_states": 576
}
