{
    "pdepth": 14,
    "end_eng": 0.1331579787082341,
    "end_sup": 0.9081965838344251,
    "num_states": 2304
}
