{
    "pdepth": 14,
    "end_eng": 0.02269915780212146,
    "end_sup": 0.9803399685560915,
    "num_states": 144
}
