{
    "pdepth": 14,
    "end_eng": 0.07413355147795875,
    "end_sup": 0.9378464565199129,
    "num_states": 108
}
