{
    "pdepth": 14,
    "end_eng": 0.05128681983374149,
    "end_sup": 0.9515982337747708,
    "num_states": 1296
}
