{
    "pdepth": 14,
    "end_eng": 0.4127717075673129,
    "end_sup": 0.6164764513038503,
    "num_states": 432
}
