{
    "pdepth": 14,
    "end_eng": 0.014958956620678065,
    "end_sup": 0.9863618333657876,
    "num_states": 576
}
