{
    "pdepth": 14,
    "end_eng": 0.2788593801138047,
    "end_sup": 0.7230699092056339,
    "num_states": 216
}
