{
    "pdepth": 14,
    "end_eng": 0.1210000835183921,
    "end_sup": 0.8949682412827333,
    "num_states": 216
}
