{
    "pdepth": 14,
    "end_eng": 0.057252690221217144,
    "end_sup": 0.9651839589131249,
    "num_states": 3456
}
