{
    "pdepth": 14,
    "end_eng": 0.12530526413182455,
    "end_sup": 0.9470515038904594,
    "num_states": 288
}
