{
    "pdepth": 14,
    "end_eng": 0.017411052991201548,
    "end_sup": 0.9826364742227945,
    "num_states": 324
}
