{
    "pdepth": 14,
    "end_eng": 0.04004866844312697,
    "end_sup": 0.9618338550450557,
    "num_states": 162
}
