{
    "pdepth": 14,
    "end_eng": 0.021793206231122252,
    "end_sup": 0.9808722047667144,
    "num_states": 108
}
