{
    "pdepth": 14,
    "end_eng": 0.25393485523240633,
    "end_sup": 0.763671941013514,
    "num_states": 432
}
