{
    "pdepth": 14,
    "end_eng": 0.13168522578196273,
    "end_sup": 0.8778166555210936,
    "num_states": 216
}
