{
    "pdepth": 14,
    "end_eng": 0.3474696642677173,
    "end_sup": 0.6805925294576546,
    "num_states": 432
}
