{
    "pdepth": 14,
    "end_eng": 0.010712478650480558,
    "end_sup": 0.9903250173678961,
    "num_states": 108
}
