{
    "pdepth": 14,
    "end_eng": 0.20267481545419747,
    "end_sup": 0.822413669327685,
    "num_states": 576
}
