{
    "pdepth": 14,
    "end_eng": 0.03586279088530679,
    "end_sup": 0.9669270790939803,
    "num_states": 1296
}
