{
    "pdepth": 14,
    "end_eng": 0.036268851194959255,
    "end_sup": 0.9661094175863754,
    "num_states": 648
}
