{
    "pdepth": 14,
    "end_eng": 0.020448336394049332,
    "end_sup": 0.9837407117411715,
    "num_states": 432
}
