{
    "pdepth": 14,
    "end_eng": 0.23156000613156588,
    "end_sup": 0.7837082940772733,
    "num_states": 288
}
