{
    "pdepth": 14,
    "end_eng": 0.315955405894564,
    "end_sup": 0.82282529142815,
    "num_states": 576
}
