{
    "pdepth": 14,
    "end_eng": 0.062489245767890486,
    "end_sup": 0.9441542010445845,
    "num_states": 324
}
