{
    "pdepth": 14,
    "end_eng": 0.028423396948235827,
    "end_sup": 0.9744124086231883,
    "num_states": 324
}
