{
    "pdepth": 14,
    "end_eng": 0.1297521065770696,
    "end_sup": 0.8883934988295233,
    "num_states": 108
}
