{
    "pdepth": 14,
    "end_eng": 0.007068863190893223,
    "end_sup": 0.9950900417889694,
    "num_states": 162
}
