{
    "pdepth": 14,
    "end_eng": 0.31135637369523744,
    "end_sup": 0.7114782346690809,
    "num_states": 288
}
