{
    "pdepth": 14,
    "end_eng": 0.17040615447128707,
    "end_sup": 0.8396274011496446,
    "num_states": 432
}
