{
    "pdepth": 14,
    "end_eng": 0.13625788563578078,
    "end_sup": 0.8774715961607956,
    "num_states": 108
}
