{
    "pdepth": 14,
    "end_eng": 0.24819991434026523,
    "end_sup": 0.7824939778233546,
    "num_states": 288
}
