{
    "pdepth": 14,
    "end_eng": 0.05386131395672575,
    "end_sup": 0.9562963707878507,
    "num_states": 576
}
