{
    "pdepth": 14,
    "end_eng": 0.4736253817818915,
    "end_sup": 0.5523999058298642,
    "num_states": 576
}
