{
    "pdepth": 14,
    "end_eng": 0.42838011922009583,
    "end_sup": 0.5804061486230578,
    "num_states": 288
}
