{
    "pdepth": 14,
    "end_eng": 0.09088585368691435,
    "end_sup": 0.9206230985077892,
    "num_states": 432
}
