{
    "pdepth": 14,
    "end_eng": 0.4856158525047808,
    "end_sup": 0.5264879370311585,
    "num_states": 72
}
