{
    "pdepth": 14,
    "end_eng": 0.5880271192382273,
    "end_sup": 0.438066105960473,
    "num_states": 324
}
