{
    "pdepth": 14,
    "end_eng": 0.017269604199740572,
    "end_sup": 0.9827855221964059,
    "num_states": 96
}
