{
    "pdepth": 14,
    "end_eng": 0.12701148549587318,
    "end_sup": 0.8826337842477011,
    "num_states": 216
}
