{
    "pdepth": 14,
    "end_eng": 0.062255076469627205,
    "end_sup": 0.9441593927436347,
    "num_states": 288
}
