{
    "pdepth": 14,
    "end_eng": 0.3939833254606999,
    "end_sup": 0.6116755072175148,
    "num_states": 108
}
