{
    "pdepth": 14,
    "end_eng": 0.009559143148565914,
    "end_sup": 0.9911477466563948,
    "num_states": 36
}
