{
    "pdepth": 14,
    "end_eng": 0.03470973906222292,
    "end_sup": 0.9684841250521619,
    "num_states": 432
}
