{
    "pdepth": 14,
    "end_eng": 0.036610283202809187,
    "end_sup": 0.9671577994024283,
    "num_states": 432
}
