{
    "pdepth": 14,
    "end_eng": 0.05922501979542643,
    "end_sup": 0.9551239589860475,
    "num_states": 432
}
