{
    "pdepth": 14,
    "end_eng": 0.060408425220951446,
    "end_sup": 0.9488816846345336,
    "num_states": 1728
}
