{
    "pdepth": 14,
    "end_eng": 0.5546317270430103,
    "end_sup": 0.5058121961325956,
    "num_states": 216
}
