{
    "pdepth": 14,
    "end_eng": 0.03211376147024746,
    "end_sup": 0.9763003027369337,
    "num_states": 108
}
