{
    "pdepth": 14,
    "end_eng": 0.04383138326513408,
    "end_sup": 0.9609750974119444,
    "num_states": 144
}
