{
    "pdepth": 14,
    "end_eng": 0.2659305408591901,
    "end_sup": 0.7433539878697479,
    "num_states": 36
}
