{
    "pdepth": 14,
    "end_eng": 0.019095018456611164,
    "end_sup": 0.9809761203846465,
    "num_states": 648
}
