{
    "pdepth": 14,
    "end_eng": 0.12474823259095837,
    "end_sup": 0.8945547888649263,
    "num_states": 216
}
