{
    "pdepth": 14,
    "end_eng": 0.011884549966542644,
    "end_sup": 0.988750792087326,
    "num_states": 108
}
