{
    "pdepth": 14,
    "end_eng": 0.3779993630086867,
    "end_sup": 0.7553765831215591,
    "num_states": 54
}
