{
    "pdepth": 14,
    "end_eng": 0.048434940090057776,
    "end_sup": 0.9638295302407883,
    "num_states": 216
}
