{
    "pdepth": 14,
    "end_eng": 0.016282527286967,
    "end_sup": 0.9845401090436023,
    "num_states": 288
}
