{
    "pdepth": 14,
    "end_eng": 0.03545093762378349,
    "end_sup": 0.977229986707146,
    "num_states": 864
}
