{
    "pdepth": 14,
    "end_eng": 0.16574047800134797,
    "end_sup": 0.8617883092658946,
    "num_states": 108
}
