{
    "pdepth": 14,
    "end_eng": 0.04149091005208266,
    "end_sup": 0.9642215668702099,
    "num_states": 864
}
