{
    "pdepth": 14,
    "end_eng": 0.007165630442988232,
    "end_sup": 0.9928471687933248,
    "num_states": 162
}
