{
    "pdepth": 14,
    "end_eng": 0.2633861177979659,
    "end_sup": 0.8155772110319498,
    "num_states": 108
}
