{
    "pdepth": 14,
    "end_eng": 0.05872181149586472,
    "end_sup": 0.9441150874611789,
    "num_states": 432
}
