{
    "pdepth": 14,
    "end_eng": 0.37552284480910975,
    "end_sup": 0.6712895075679357,
    "num_states": 216
}
