{
    "pdepth": 14,
    "end_eng": 0.41091250664830764,
    "end_sup": 0.6068676642292122,
    "num_states": 648
}
