{
    "pdepth": 14,
    "end_eng": 0.10192407428388847,
    "end_sup": 0.9121307549267623,
    "num_states": 432
}
