{
    "pdepth": 14,
    "end_eng": 0.17590166653888079,
    "end_sup": 0.8484197998219267,
    "num_states": 54
}
