{
    "pdepth": 14,
    "end_eng": 0.028451469270836836,
    "end_sup": 0.97171842483406,
    "num_states": 1152
}
