{
    "pdepth": 14,
    "end_eng": 0.06369376934641746,
    "end_sup": 0.9709424156816143,
    "num_states": 1728
}
