{
    "pdepth": 14,
    "end_eng": 0.015412076056453299,
    "end_sup": 0.9851948726463902,
    "num_states": 324
}
