{
    "pdepth": 14,
    "end_eng": 0.11575403484160439,
    "end_sup": 0.9049397873689499,
    "num_states": 72
}
