{
    "pdepth": 14,
    "end_eng": 0.032464965811336094,
    "end_sup": 0.9750972346868302,
    "num_states": 324
}
