{
    "pdepth": 14,
    "end_eng": 0.09333150141556726,
    "end_sup": 0.9308636183433858,
    "num_states": 432
}
