{
    "pdepth": 14,
    "end_eng": 0.05259010194357519,
    "end_sup": 0.9604215545650702,
    "num_states": 864
}
