{
    "pdepth": 14,
    "end_eng": 0.021068762309825507,
    "end_sup": 0.980119200202336,
    "num_states": 432
}
