{
    "pdepth": 14,
    "end_eng": 0.2785707168745242,
    "end_sup": 0.7522991272077323,
    "num_states": 432
}
