{
    "pdepth": 14,
    "end_eng": 0.004286522520468664,
    "end_sup": 0.9957165176653788,
    "num_states": 216
}
