{
    "pdepth": 14,
    "end_eng": 0.14792417549547726,
    "end_sup": 0.8678949382018957,
    "num_states": 144
}
