{
    "pdepth": 14,
    "end_eng": 0.05438593584470389,
    "end_sup": 0.9533839529598461,
    "num_states": 432
}
