{
    "pdepth": 14,
    "end_eng": 0.0469282927329985,
    "end_sup": 0.9586326012687281,
    "num_states": 162
}
