{
    "pdepth": 14,
    "end_eng": 0.2403224424976064,
    "end_sup": 0.852973665282508,
    "num_states": 512
}
