{
    "pdepth": 14,
    "end_eng": 0.09012007846375056,
    "end_sup": 0.9309464820122217,
    "num_states": 1024
}
