{
    "pdepth": 14,
    "end_eng": 0.12849567900543268,
    "end_sup": 0.8869590390191928,
    "num_states": 2048
}
