{
    "pdepth": 14,
    "end_eng": 0.2634135700502457,
    "end_sup": 0.7854175962508001,
    "num_states": 512
}
