{
    "pdepth": 14,
    "end_eng": 0.07620687552576264,
    "end_sup": 0.9434804512717023,
    "num_states": 1024
}
