{
    "pdepth": 14,
    "end_eng": 0.08360705277183761,
    "end_sup": 0.9332761665932438,
    "num_states": 1024
}
