{
    "pdepth": 14,
    "end_eng": 0.09310021063937451,
    "end_sup": 0.9197460552522976,
    "num_states": 512
}
