{
    "pdepth": 14,
    "end_eng": 0.29362883721267063,
    "end_sup": 0.7265644001858287,
    "num_states": 1024
}
