{
    "pdepth": 14,
    "end_eng": 0.07137983535357996,
    "end_sup": 0.9305866442093225,
    "num_states": 1024
}
