{
    "pdepth": 14,
    "end_eng": 0.0919172484198206,
    "end_sup": 0.9120596674951285,
    "num_states": 1024
}
