{
    "pdepth": 14,
    "end_eng": 0.3365391606574486,
    "end_sup": 0.6979326352185802,
    "num_states": 512
}
