{
    "pdepth": 14,
    "end_eng": 0.12396765204162845,
    "end_sup": 0.8842671279439484,
    "num_states": 1024
}
