{
    "pdepth": 14,
    "end_eng": 0.5276118624550755,
    "end_sup": 0.5138201566434382,
    "num_states": 1024
}
