{
    "pdepth": 14,
    "end_eng": 0.13758691386148905,
    "end_sup": 0.8843714514918495,
    "num_states": 512
}
