{
    "pdepth": 14,
    "end_eng": 0.08126253574722643,
    "end_sup": 0.9213800302263636,
    "num_states": 2048
}
