{
    "pdepth": 14,
    "end_eng": 0.08093280847310205,
    "end_sup": 0.930745616264694,
    "num_states": 512
}
