{
    "pdepth": 14,
    "end_eng": 0.1570923225515674,
    "end_sup": 0.8690023326495172,
    "num_states": 1024
}
