{
    "pdepth": 14,
    "end_eng": 0.08795956968929278,
    "end_sup": 0.9179592428673343,
    "num_states": 2048
}
