{
    "pdepth": 14,
    "end_eng": 0.11270326745505924,
    "end_sup": 0.8962648923735941,
    "num_states": 256
}
