{
    "pdepth": 14,
    "end_eng": 0.2914946646443127,
    "end_sup": 0.7514695048388665,
    "num_states": 512
}
