{
    "pdepth": 14,
    "end_eng": 0.07636493630979596,
    "end_sup": 0.942634449529151,
    "num_states": 1024
}
