{
    "pdepth": 14,
    "end_eng": 0.6209924003962388,
    "end_sup": 0.49894497182408964,
    "num_states": 256
}
