{
    "pdepth": 14,
    "end_eng": 0.06684119720027894,
    "end_sup": 0.9453328001472598,
    "num_states": 512
}
