{
    "pdepth": 14,
    "end_eng": 0.15069262917690848,
    "end_sup": 0.8553062144831679,
    "num_states": 256
}
