{
    "pdepth": 14,
    "end_eng": 0.06371994705188828,
    "end_sup": 0.9388726339991432,
    "num_states": 1024
}
