{
    "pdepth": 14,
    "end_eng": 0.09899216709969903,
    "end_sup": 0.910279538391057,
    "num_states": 1024
}
