{
    "pdepth": 14,
    "end_eng": 0.0705283334251363,
    "end_sup": 0.9391219588393634,
    "num_states": 128
}
