{
    "pdepth": 14,
    "end_eng": 0.180460183700281,
    "end_sup": 0.8502905768276897,
    "num_states": 512
}
