{
    "pdepth": 14,
    "end_eng": 0.3086576531192916,
    "end_sup": 0.7218345038761961,
    "num_states": 256
}
