{
    "pdepth": 14,
    "end_eng": 0.17056896317848017,
    "end_sup": 0.8407552311363984,
    "num_states": 4096
}
