{
    "pdepth": 14,
    "end_eng": 0.12083609633314134,
    "end_sup": 0.9043290585317292,
    "num_states": 512
}
