{
    "pdepth": 14,
    "end_eng": 0.12436398996871567,
    "end_sup": 0.9035087991736168,
    "num_states": 1024
}
