{
    "pdepth": 14,
    "end_eng": 0.15760050154281144,
    "end_sup": 0.9209176787068631,
    "num_states": 512
}
