{
    "pdepth": 14,
    "end_eng": 0.07505623307053119,
    "end_sup": 0.9360920593398112,
    "num_states": 512
}
