{
    "pdepth": 14,
    "end_eng": 0.06285362640779053,
    "end_sup": 0.9460262166377326,
    "num_states": 512
}
