{
    "pdepth": 14,
    "end_eng": 0.37519590735437464,
    "end_sup": 0.648104061510645,
    "num_states": 1024
}
