{
    "pdepth": 14,
    "end_eng": 0.08441504438169675,
    "end_sup": 0.9520670976995987,
    "num_states": 256
}
