{
    "pdepth": 14,
    "end_eng": 0.09071173192345802,
    "end_sup": 0.9195573188604601,
    "num_states": 1024
}
