{
    "pdepth": 14,
    "end_eng": 0.1370832885803985,
    "end_sup": 0.8873486963736453,
    "num_states": 2048
}
