{
    "pdepth": 14,
    "end_eng": 0.08060753837704077,
    "end_sup": 0.9324566626927523,
    "num_states": 512
}
