{
    "pdepth": 14,
    "end_eng": 0.09736023354004422,
    "end_sup": 0.9241084642870162,
    "num_states": 2048
}
