{
    "pdepth": 14,
    "end_eng": 0.13605200513954097,
    "end_sup": 0.8960214910634048,
    "num_states": 256
}
