{
    "pdepth": 14,
    "end_eng": 0.18315486808176698,
    "end_sup": 0.8443939447485083,
    "num_states": 1024
}
