{
    "pdepth": 14,
    "end_eng": 0.08444844084743444,
    "end_sup": 0.9269051256839647,
    "num_states": 1024
}
