{
    "pdepth": 14,
    "end_eng": 0.2254921939859592,
    "end_sup": 0.7969129363590001,
    "num_states": 256
}
