{
    "pdepth": 14,
    "end_eng": 0.12069171993296673,
    "end_sup": 0.9014093117400697,
    "num_states": 2048
}
