{
    "pdepth": 14,
    "end_eng": 0.19114479875245838,
    "end_sup": 0.8243915326071947,
    "num_states": 512
}
