{
    "pdepth": 14,
    "end_eng": 0.05915884126794956,
    "end_sup": 0.948617531288368,
    "num_states": 1024
}
