{
    "pdepth": 14,
    "end_eng": 0.060960511436036535,
    "end_sup": 0.9493487926688229,
    "num_states": 1024
}
