{
    "pdepth": 14,
    "end_eng": 0.09810309310418355,
    "end_sup": 0.9169136926932185,
    "num_states": 1024
}
