{
    "pdepth": 14,
    "end_eng": 0.5166228297733346,
    "end_sup": 0.5082756339346496,
    "num_states": 512
}
