{
    "pdepth": 14,
    "end_eng": 0.09459033183374281,
    "end_sup": 0.9341881801282856,
    "num_states": 1024
}
