{
    "pdepth": 14,
    "end_eng": 0.09533165279729061,
    "end_sup": 0.9284074178289577,
    "num_states": 1024
}
