{
    "pdepth": 14,
    "end_eng": 0.09588088655543599,
    "end_sup": 0.9395848638055003,
    "num_states": 1024
}
