{
    "pdepth": 14,
    "end_eng": 0.23122956588679328,
    "end_sup": 0.8008577340931294,
    "num_states": 1024
}
