{
    "pdepth": 14,
    "end_eng": 0.19650308437465686,
    "end_sup": 0.821335546313936,
    "num_states": 1024
}
