{
    "pdepth": 14,
    "end_eng": 0.04102419764733209,
    "end_sup": 0.9597519028697968,
    "num_states": 256
}
