{
    "pdepth": 14,
    "end_eng": 0.09556868743689721,
    "end_sup": 0.9204697056348048,
    "num_states": 1024
}
