{
    "pdepth": 14,
    "end_eng": 0.36564067697529534,
    "end_sup": 0.7402091052515852,
    "num_states": 256
}
