{
    "pdepth": 14,
    "end_eng": 0.5156673081264713,
    "end_sup": 0.5915927789879338,
    "num_states": 256
}
