{
    "pdepth": 14,
    "end_eng": 0.1382246641378047,
    "end_sup": 0.879466138009902,
    "num_states": 1024
}
