{
    "pdepth": 14,
    "end_eng": 0.20964450684891367,
    "end_sup": 0.8871354378571117,
    "num_states": 512
}
