{
    "pdepth": 14,
    "end_eng": 0.11800050619984756,
    "end_sup": 0.8996413014232992,
    "num_states": 1024
}
