{
    "pdepth": 14,
    "end_eng": 0.10409444499587364,
    "end_sup": 0.9042954262064774,
    "num_states": 4096
}
