{
    "pdepth": 14,
    "end_eng": 0.33774226574072447,
    "end_sup": 0.685083133048459,
    "num_states": 512
}
