{
    "pdepth": 14,
    "end_eng": 0.17267070199382634,
    "end_sup": 0.8588304946390048,
    "num_states": 512
}
