{
    "pdepth": 14,
    "end_eng": 0.09581962370686409,
    "end_sup": 0.9412748632537954,
    "num_states": 256
}
