{
    "pdepth": 14,
    "end_eng": 0.09261937736565462,
    "end_sup": 0.9166606828742521,
    "num_states": 2048
}
