{
    "pdepth": 14,
    "end_eng": 0.09449732625178262,
    "end_sup": 0.9139460288897864,
    "num_states": 2048
}
