{
    "pdepth": 14,
    "end_eng": 0.1238429496673012,
    "end_sup": 0.893517799881695,
    "num_states": 4096
}
