{
    "pdepth": 14,
    "end_eng": 0.11153525356121384,
    "end_sup": 0.9030660635176627,
    "num_states": 2048
}
