{
    "pdepth": 14,
    "end_eng": 0.11215573336046997,
    "end_sup": 0.898098106501682,
    "num_states": 1024
}
