{
    "pdepth": 14,
    "end_eng": 0.1588174569888931,
    "end_sup": 0.8540208191287435,
    "num_states": 1024
}
