{
    "pdepth": 14,
    "end_eng": 0.12699729311519614,
    "end_sup": 0.8985026316560868,
    "num_states": 1024
}
