{
    "pdepth": 14,
    "end_eng": 0.17887577552064843,
    "end_sup": 0.9043730456901021,
    "num_states": 512
}
