{
    "pdepth": 14,
    "end_eng": 0.2106550793797347,
    "end_sup": 0.8064875200424574,
    "num_states": 1024
}
