{
    "pdepth": 14,
    "end_eng": 0.17116556648951003,
    "end_sup": 0.8376015665943906,
    "num_states": 1024
}
