{
    "pdepth": 14,
    "end_eng": 0.11271342585775031,
    "end_sup": 0.9086621002639577,
    "num_states": 1024
}
