{
    "pdepth": 14,
    "end_eng": 0.2510838725558503,
    "end_sup": 0.7832745600487034,
    "num_states": 2048
}
