{
    "pdepth": 14,
    "end_eng": 0.3652295526655063,
    "end_sup": 0.6739570170234143,
    "num_states": 128
}
