{
    "pdepth": 14,
    "end_eng": 0.0998568334804831,
    "end_sup": 0.9223258675436188,
    "num_states": 2048
}
