{
    "pdepth": 14,
    "end_eng": 0.17501491277807615,
    "end_sup": 0.8506658521744785,
    "num_states": 512
}
