{
    "pdepth": 14,
    "end_eng": 0.32175248067734874,
    "end_sup": 0.7100169344279823,
    "num_states": 512
}
