{
    "pdepth": 14,
    "end_eng": 0.19920233346331112,
    "end_sup": 0.8181737775030199,
    "num_states": 1024
}
