{
    "pdepth": 14,
    "end_eng": 0.4585071009378599,
    "end_sup": 0.5765235087547109,
    "num_states": 1024
}
