{
    "pdepth": 14,
    "end_eng": 0.18806702832376748,
    "end_sup": 0.827220011549432,
    "num_states": 1024
}
