{
    "pdepth": 14,
    "end_eng": 0.3585175971851755,
    "end_sup": 0.6847581187324081,
    "num_states": 256
}
