{
    "pdepth": 14,
    "end_eng": 0.0722407937543591,
    "end_sup": 0.9450410092957476,
    "num_states": 1024
}
