{
    "pdepth": 14,
    "end_eng": 0.1880670283237674,
    "end_sup": 0.827220011549429,
    "num_states": 1024
}
