{
    "pdepth": 14,
    "end_eng": 0.1784594946733022,
    "end_sup": 0.8531377153330675,
    "num_states": 256
}
