{
    "pdepth": 14,
    "end_eng": 0.5166228297733344,
    "end_sup": 0.5082756339346488,
    "num_states": 512
}
