{
    "pdepth": 14,
    "end_eng": 0.12015448654056679,
    "end_sup": 0.8900536203212259,
    "num_states": 4096
}
