{
    "pdepth": 14,
    "end_eng": 0.2741171350863788,
    "end_sup": 0.8109308262667116,
    "num_states": 1024
}
