{
    "pdepth": 14,
    "end_eng": 0.09806795822774608,
    "end_sup": 0.9120537099830343,
    "num_states": 2048
}
