{
    "pdepth": 60,
    "end_eng": 0.05069564829123074,
    "end_sup": 0.9546095114525106,
    "num_states": 1024
}
