{
    "pdepth": 60,
    "end_eng": 0.01298875528070914,
    "end_sup": 0.9895292378221869,
    "num_states": 2048
}
