{
    "pdepth": 60,
    "end_eng": 0.01716386027960607,
    "end_sup": 0.9863928850712343,
    "num_states": 1024
}
