{
    "pdepth": 60,
    "end_eng": 0.14367407409265226,
    "end_sup": 0.8726574055352938,
    "num_states": 1024
}
