{
    "pdepth": 60,
    "end_eng": 0.004310719168275471,
    "end_sup": 0.9960478579465237,
    "num_states": 8192
}
