{
    "pdepth": 60,
    "end_eng": 0.07197603890877936,
    "end_sup": 0.9299934820506968,
    "num_states": 1024
}
