{
    "pdepth": 60,
    "end_eng": 0.00556639261868392,
    "end_sup": 0.9950395846065929,
    "num_states": 4096
}
