{
    "pdepth": 60,
    "end_eng": 0.0030877879020922644,
    "end_sup": 0.9972386073086165,
    "num_states": 2048
}
