{
    "pdepth": 60,
    "end_eng": 0.005056464444442877,
    "end_sup": 0.9971158918807445,
    "num_states": 2048
}
