{
    "pdepth": 60,
    "end_eng": 0.0062096340894881455,
    "end_sup": 0.997467606058592,
    "num_states": 1024
}
