{
    "pdepth": 60,
    "end_eng": 0.013803864943188077,
    "end_sup": 0.9873442286928082,
    "num_states": 2048
}
