{
    "pdepth": 60,
    "end_eng": 0.017999754322248658,
    "end_sup": 0.9830298104413527,
    "num_states": 4096
}
