{
    "pdepth": 60,
    "end_eng": 0.0776969339016692,
    "end_sup": 0.9244136957929423,
    "num_states": 2048
}
