{
    "pdepth": 60,
    "end_eng": 0.06673508592208019,
    "end_sup": 0.9365293287752114,
    "num_states": 1024
}
