{
    "pdepth": 60,
    "end_eng": 0.13286414478955583,
    "end_sup": 0.9704396349852457,
    "num_states": 2048
}
