{
    "pdepth": 60,
    "end_eng": 0.22302938667306063,
    "end_sup": 0.7813709446932625,
    "num_states": 1024
}
