{
    "pdepth": 60,
    "end_eng": 0.010987312315537283,
    "end_sup": 0.9900483020984294,
    "num_states": 4096
}
