{
    "pdepth": 60,
    "end_eng": 0.013337385158053976,
    "end_sup": 0.9897375395830028,
    "num_states": 1024
}
