{
    "pdepth": 60,
    "end_eng": 0.017159728251876394,
    "end_sup": 0.9853597018297592,
    "num_states": 1024
}
