{
    "pdepth": 60,
    "end_eng": 0.004908905826132898,
    "end_sup": 0.9955430226510257,
    "num_states": 8192
}
