{
    "pdepth": 60,
    "end_eng": 0.005042012495171525,
    "end_sup": 0.99553688483461,
    "num_states": 8192
}
