{
    "pdepth": 60,
    "end_eng": 0.0037413553039994567,
    "end_sup": 0.9965176023624847,
    "num_states": 4096
}
