{
    "pdepth": 60,
    "end_eng": 0.11312226688090571,
    "end_sup": 0.898654696796034,
    "num_states": 4096
}
