{
    "pdepth": 60,
    "end_eng": 0.025962434773137776,
    "end_sup": 0.987826270468124,
    "num_states": 4096
}
