{
    "pdepth": 60,
    "end_eng": 0.2923647050779086,
    "end_sup": 0.7104192336314514,
    "num_states": 2048
}
