{
    "pdepth": 60,
    "end_eng": 0.2189135504664371,
    "end_sup": 0.7864352170514138,
    "num_states": 1024
}
