{
    "pdepth": 60,
    "end_eng": 0.03789182184453749,
    "end_sup": 0.964572763046924,
    "num_states": 4096
}
