{
    "pdepth": 60,
    "end_eng": 0.0057714967096639406,
    "end_sup": 0.9963224496850805,
    "num_states": 4096
}
