{
    "pdepth": 60,
    "end_eng": 0.005586742468577198,
    "end_sup": 0.9951091832637577,
    "num_states": 4096
}
