{
    "pdepth": 60,
    "end_eng": 0.0060632622232547635,
    "end_sup": 0.9972101323662257,
    "num_states": 2048
}
