{
    "pdepth": 60,
    "end_eng": 0.006209423486417226,
    "end_sup": 0.996167592090694,
    "num_states": 1024
}
