{
    "pdepth": 60,
    "end_eng": 0.0046053155815604895,
    "end_sup": 0.9975310096183356,
    "num_states": 2048
}
