{
    "pdepth": 60,
    "end_eng": 0.006776142572393635,
    "end_sup": 0.9939054197569857,
    "num_states": 4096
}
