{
    "pdepth": 60,
    "end_eng": 0.05913073098142122,
    "end_sup": 0.9438923396086542,
    "num_states": 512
}
