{
    "pdepth": 60,
    "end_eng": 0.01480670353891702,
    "end_sup": 0.9872374535468356,
    "num_states": 1024
}
