{
    "pdepth": 60,
    "end_eng": 0.011217540027302105,
    "end_sup": 0.9890988863768131,
    "num_states": 2048
}
