{
    "pdepth": 60,
    "end_eng": 0.01128757532373535,
    "end_sup": 0.9921982471972552,
    "num_states": 1024
}
