{
    "pdepth": 60,
    "end_eng": 0.004773287697484889,
    "end_sup": 0.9957382113038613,
    "num_states": 1024
}
