{
    "pdepth": 60,
    "end_eng": 0.01593941184658928,
    "end_sup": 0.9851201912802605,
    "num_states": 2048
}
