{
    "pdepth": 60,
    "end_eng": 0.21401711307890925,
    "end_sup": 0.7892176942504625,
    "num_states": 4096
}
