{
    "pdepth": 60,
    "end_eng": 0.008015212063707831,
    "end_sup": 0.9925938072796863,
    "num_states": 1024
}
