{
    "pdepth": 60,
    "end_eng": 0.0050576433858998205,
    "end_sup": 0.995403478522954,
    "num_states": 4096
}
