{
    "pdepth": 60,
    "end_eng": 0.019946066221973882,
    "end_sup": 0.9824110970374353,
    "num_states": 4096
}
