{
    "pdepth": 60,
    "end_eng": 0.006392219770761296,
    "end_sup": 0.9940290288054362,
    "num_states": 4096
}
