{
    "pdepth": 60,
    "end_eng": 0.006085682566183087,
    "end_sup": 0.997770941948743,
    "num_states": 2048
}
