{
    "pdepth": 60,
    "end_eng": 0.005443386819414121,
    "end_sup": 0.997046861759056,
    "num_states": 2048
}
