{
    "pdepth": 60,
    "end_eng": 0.00662562219940596,
    "end_sup": 0.9940735960011621,
    "num_states": 8192
}
