{
    "pdepth": 60,
    "end_eng": 0.09747207631733928,
    "end_sup": 0.905752556447341,
    "num_states": 1024
}
