{
    "pdepth": 60,
    "end_eng": 0.13823604423308133,
    "end_sup": 0.8835843826881182,
    "num_states": 256
}
