{
    "pdepth": 60,
    "end_eng": 0.009525627304849925,
    "end_sup": 0.9909936007613823,
    "num_states": 8192
}
