{
    "pdepth": 60,
    "end_eng": 0.004210725355423028,
    "end_sup": 0.9961380710778284,
    "num_states": 8192
}
