{
    "pdepth": 60,
    "end_eng": 0.00501595682575991,
    "end_sup": 0.9954545412489549,
    "num_states": 2048
}
