{
    "pdepth": 60,
    "end_eng": 0.012378985714142744,
    "end_sup": 0.9914566147466416,
    "num_states": 2048
}
