{
    "pdepth": 60,
    "end_eng": 0.044679289322220046,
    "end_sup": 0.9572590837432662,
    "num_states": 4096
}
