{
    "pdepth": 60,
    "end_eng": 0.005684567540424044,
    "end_sup": 0.9964694268845453,
    "num_states": 4096
}
