{
    "pdepth": 60,
    "end_eng": 0.0026593413523871325,
    "end_sup": 0.9981945881887289,
    "num_states": 1024
}
