{
    "pdepth": 60,
    "end_eng": 0.044283443550187686,
    "end_sup": 0.9582339889825132,
    "num_states": 2048
}
