{
    "pdepth": 60,
    "end_eng": 0.1743826601711502,
    "end_sup": 0.8280276993317768,
    "num_states": 2048
}
