{
    "pdepth": 60,
    "end_eng": 0.004269821348134872,
    "end_sup": 0.9962102960462998,
    "num_states": 8192
}
