{
    "pdepth": 60,
    "end_eng": 0.005471095079885145,
    "end_sup": 0.9955737756325929,
    "num_states": 1024
}
