{
    "pdepth": 60,
    "end_eng": 0.03041627633642937,
    "end_sup": 0.9709987063882246,
    "num_states": 2048
}
