{
    "pdepth": 60,
    "end_eng": 0.004377776650093191,
    "end_sup": 0.9971992437462753,
    "num_states": 8192
}
