{
    "pdepth": 60,
    "end_eng": 0.08476947802804113,
    "end_sup": 0.9176040143002212,
    "num_states": 2048
}
