{
    "pdepth": 60,
    "end_eng": 0.0057483769896010915,
    "end_sup": 0.996201349317491,
    "num_states": 2048
}
