{
    "pdepth": 60,
    "end_eng": 0.005550431596627504,
    "end_sup": 0.9973071215051222,
    "num_states": 2048
}
