{
    "pdepth": 60,
    "end_eng": 0.008807059427216503,
    "end_sup": 0.992575057776199,
    "num_states": 8192
}
