{
    "pdepth": 60,
    "end_eng": 0.022193747356975924,
    "end_sup": 0.9795816466333827,
    "num_states": 4096
}
