{
    "pdepth": 60,
    "end_eng": 0.03667042694007483,
    "end_sup": 0.966429510119384,
    "num_states": 4096
}
