{
    "pdepth": 60,
    "end_eng": 0.035876313517762076,
    "end_sup": 0.9684212559798138,
    "num_states": 1024
}
