{
    "pdepth": 60,
    "end_eng": 0.016966999086662757,
    "end_sup": 0.9845290757943927,
    "num_states": 1024
}
