{
    "pdepth": 60,
    "end_eng": 0.03858324684612612,
    "end_sup": 0.9635353399657417,
    "num_states": 4096
}
