{
    "pdepth": 60,
    "end_eng": 0.17189014458153537,
    "end_sup": 0.9160208282250174,
    "num_states": 2048
}
