{
    "pdepth": 60,
    "end_eng": 0.005802924082480506,
    "end_sup": 0.9949075514604395,
    "num_states": 4096
}
