{
    "pdepth": 60,
    "end_eng": 0.005252280933202671,
    "end_sup": 0.996683789321913,
    "num_states": 4096
}
