{
    "pdepth": 60,
    "end_eng": 0.017201968602542174,
    "end_sup": 0.9944691632984319,
    "num_states": 4096
}
