{
    "pdepth": 60,
    "end_eng": 0.00751820603861352,
    "end_sup": 0.9967911647623793,
    "num_states": 1024
}
