{
    "pdepth": 60,
    "end_eng": 0.004998216542390389,
    "end_sup": 0.9966569703165659,
    "num_states": 4096
}
