{
    "pdepth": 60,
    "end_eng": 0.005429625613840897,
    "end_sup": 0.9963622078934973,
    "num_states": 2048
}
