{
    "pdepth": 60,
    "end_eng": 0.007478633740777112,
    "end_sup": 0.993326916612002,
    "num_states": 8192
}
