{
    "pdepth": 60,
    "end_eng": 0.0034401551619228756,
    "end_sup": 0.9966145941189068,
    "num_states": 1024
}
