{
    "pdepth": 60,
    "end_eng": 0.014647243680188387,
    "end_sup": 0.9863299385048797,
    "num_states": 2048
}
