{
    "pdepth": 60,
    "end_eng": 0.004163938084470121,
    "end_sup": 0.9973349426299104,
    "num_states": 4096
}
