{
    "pdepth": 60,
    "end_eng": 0.005037645111239143,
    "end_sup": 0.9965909750077421,
    "num_states": 16384
}
