{
    "pdepth": 60,
    "end_eng": 0.03192692762929348,
    "end_sup": 0.9716641370339516,
    "num_states": 2048
}
