{
    "pdepth": 60,
    "end_eng": 0.18714296003122433,
    "end_sup": 0.8294751821857762,
    "num_states": 2048
}
