{
    "pdepth": 60,
    "end_eng": 0.0045971064318945844,
    "end_sup": 0.9968934365944015,
    "num_states": 4096
}
