{
    "pdepth": 60,
    "end_eng": 0.02006450502954684,
    "end_sup": 0.9918749144683341,
    "num_states": 1024
}
