{
    "pdepth": 60,
    "end_eng": 0.0058204343639692326,
    "end_sup": 0.9943951232625297,
    "num_states": 2048
}
