{
    "pdepth": 60,
    "end_eng": 0.06074938346770123,
    "end_sup": 0.9413814490504029,
    "num_states": 512
}
