{
    "pdepth": 60,
    "end_eng": 0.006828494967143687,
    "end_sup": 0.9944614952228098,
    "num_states": 2048
}
