{
    "pdepth": 60,
    "end_eng": 0.003816393124027759,
    "end_sup": 0.996602484736623,
    "num_states": 4096
}
