{
    "pdepth": 60,
    "end_eng": 0.004358284820921804,
    "end_sup": 0.9975061641108178,
    "num_states": 1024
}
