{
    "pdepth": 60,
    "end_eng": 0.16767459465421353,
    "end_sup": 0.8486240310404978,
    "num_states": 1024
}
