{
    "pdepth": 60,
    "end_eng": 0.00540265478669085,
    "end_sup": 0.9952738631884868,
    "num_states": 4096
}
