{
    "pdepth": 60,
    "end_eng": 0.00980304786319516,
    "end_sup": 0.9906380636134955,
    "num_states": 4096
}
