{
    "pdepth": 60,
    "end_eng": 0.00702655619853839,
    "end_sup": 0.9969030412411598,
    "num_states": 2048
}
