{
    "pdepth": 60,
    "end_eng": 0.05434289847709409,
    "end_sup": 0.9477756783191547,
    "num_states": 1024
}
