{
    "pdepth": 60,
    "end_eng": 0.005492140693538934,
    "end_sup": 0.9952565690184055,
    "num_states": 8192
}
