{
    "pdepth": 60,
    "end_eng": 0.03948220016217447,
    "end_sup": 0.9624375919210163,
    "num_states": 2048
}
