{
    "pdepth": 60,
    "end_eng": 0.005178745176713812,
    "end_sup": 0.9952183355478039,
    "num_states": 16384
}
