{
    "pdepth": 60,
    "end_eng": 0.005294297549145019,
    "end_sup": 0.9947589701599285,
    "num_states": 108
}
