{
    "pdepth": 60,
    "end_eng": 0.0034625735445477975,
    "end_sup": 0.9967538092797057,
    "num_states": 216
}
