{
    "pdepth": 60,
    "end_eng": 0.01539758548617546,
    "end_sup": 0.9847642292903207,
    "num_states": 216
}
