{
    "pdepth": 60,
    "end_eng": 0.00027883475704888196,
    "end_sup": 0.9997283516288485,
    "num_states": 81
}
