{
    "pdepth": 60,
    "end_eng": 0.0017409661468137441,
    "end_sup": 0.9983299625258234,
    "num_states": 36
}
