{
    "pdepth": 60,
    "end_eng": 2.7386264734015412e-5,
    "end_sup": 0.99997261391052,
    "num_states": 36
}
