{
    "pdepth": 60,
    "end_eng": 0.00046311060282935976,
    "end_sup": 0.9995369337117219,
    "num_states": 324
}
