{
    "pdepth": 60,
    "end_eng": 0.011888514915706739,
    "end_sup": 0.9881336538641559,
    "num_states": 216
}
