{
    "pdepth": 60,
    "end_eng": 0.00026849824376050125,
    "end_sup": 0.999762343304218,
    "num_states": 288
}
