{
    "pdepth": 60,
    "end_eng": 8.52093723307652e-5,
    "end_sup": 0.9999147917970651,
    "num_states": 54
}
