{
    "pdepth": 60,
    "end_eng": 0.02234207642109174,
    "end_sup": 0.9811015456131211,
    "num_states": 288
}
