{
    "pdepth": 60,
    "end_eng": 7.426065349857181e-5,
    "end_sup": 0.9999257403276588,
    "num_states": 108
}
