{
    "pdepth": 60,
    "end_eng": 0.0003094619781230668,
    "end_sup": 0.9997068901578434,
    "num_states": 324
}
