{
    "pdepth": 60,
    "end_eng": 0.006245907511006382,
    "end_sup": 0.9939143954565498,
    "num_states": 108
}
