{
    "pdepth": 60,
    "end_eng": 0.0002713312063830374,
    "end_sup": 0.9997985948447133,
    "num_states": 162
}
