{
    "pdepth": 60,
    "end_eng": 0.017189553586082863,
    "end_sup": 0.9833838578850949,
    "num_states": 144
}
