{
    "pdepth": 60,
    "end_eng": 0.0008205047896716802,
    "end_sup": 0.999316347665571,
    "num_states": 144
}
