{
    "pdepth": 60,
    "end_eng": 0.00012089320154198054,
    "end_sup": 0.9999244796191125,
    "num_states": 108
}
