{
    "pdepth": 60,
    "end_eng": 0.0012123256136454112,
    "end_sup": 0.9993738657667249,
    "num_states": 108
}
