{
    "pdepth": 60,
    "end_eng": 0.0007863868025057907,
    "end_sup": 0.999287086355248,
    "num_states": 432
}
