{
    "pdepth": 60,
    "end_eng": 0.00019740993565284977,
    "end_sup": 0.9998373905186793,
    "num_states": 108
}
