{
    "pdepth": 60,
    "end_eng": 0.003699790624051487,
    "end_sup": 0.9963454049423479,
    "num_states": 36
}
