{
    "pdepth": 60,
    "end_eng": 0.0007485040940507704,
    "end_sup": 0.9993193712703746,
    "num_states": 216
}
