{
    "pdepth": 60,
    "end_eng": 0.007853094073247673,
    "end_sup": 0.9925972354474619,
    "num_states": 24
}
