{
    "pdepth": 60,
    "end_eng": 0.006105570317127852,
    "end_sup": 0.9943457546503335,
    "num_states": 144
}
