{
    "pdepth": 60,
    "end_eng": 0.0005627236475769997,
    "end_sup": 0.9994484487639004,
    "num_states": 216
}
