{
    "pdepth": 60,
    "end_eng": 0.036577120757026564,
    "end_sup": 0.9643584856874474,
    "num_states": 144
}
