{
    "pdepth": 60,
    "end_eng": 0.00022684139249211415,
    "end_sup": 0.999808401509304,
    "num_states": 108
}
