{
    "pdepth": 60,
    "end_eng": 0.00025021445040854695,
    "end_sup": 0.9997811643873673,
    "num_states": 216
}
