{
    "pdepth": 60,
    "end_eng": 0.0006189964535024331,
    "end_sup": 0.999629007705416,
    "num_states": 72
}
