{
    "pdepth": 60,
    "end_eng": 0.00010851203299839465,
    "end_sup": 0.9999171236883704,
    "num_states": 324
}
