{
    "pdepth": 60,
    "end_eng": 0.00040930861731885087,
    "end_sup": 0.9996233140364585,
    "num_states": 216
}
