{
    "pdepth": 60,
    "end_eng": 0.00039579479916798427,
    "end_sup": 0.9996225660551279,
    "num_states": 288
}
