{
    "pdepth": 60,
    "end_eng": 0.0006588653925958528,
    "end_sup": 0.9993775224482843,
    "num_states": 864
}
