{
    "pdepth": 60,
    "end_eng": 0.00101886329443808,
    "end_sup": 0.9993311106013004,
    "num_states": 36
}
