{
    "pdepth": 60,
    "end_eng": 0.0007342349600232135,
    "end_sup": 0.9994363281835511,
    "num_states": 108
}
