{
    "pdepth": 60,
    "end_eng": 0.00012604783987788974,
    "end_sup": 0.9998835117081069,
    "num_states": 162
}
