{
    "pdepth": 60,
    "end_eng": 0.0013920060517830864,
    "end_sup": 0.9986626730438386,
    "num_states": 96
}
