{
    "pdepth": 60,
    "end_eng": 0.00192427320323684,
    "end_sup": 0.999293460179474,
    "num_states": 108
}
