{
    "pdepth": 60,
    "end_eng": 0.0003284976789214674,
    "end_sup": 0.9996715197619663,
    "num_states": 288
}
