{
    "pdepth": 60,
    "end_eng": 0.0007424141164329395,
    "end_sup": 0.9992746941085358,
    "num_states": 36
}
