{
    "pdepth": 60,
    "end_eng": 0.015512321681124269,
    "end_sup": 0.9849844043881704,
    "num_states": 216
}
