{
    "pdepth": 60,
    "end_eng": 0.007746749220620175,
    "end_sup": 0.9934506924848423,
    "num_states": 108
}
