{
    "pdepth": 60,
    "end_eng": 0.00024184729529009574,
    "end_sup": 0.9997711769154816,
    "num_states": 108
}
