{
    "pdepth": 60,
    "end_eng": 0.0018010023883014048,
    "end_sup": 0.9985494747192664,
    "num_states": 216
}
