{
    "pdepth": 60,
    "end_eng": 0.0003355432955570145,
    "end_sup": 0.9997442934750677,
    "num_states": 216
}
