{
    "pdepth": 60,
    "end_eng": 0.0002212028021053628,
    "end_sup": 0.9998425593233888,
    "num_states": 144
}
