{
    "pdepth": 60,
    "end_eng": 0.0020613122360817766,
    "end_sup": 0.9990546437302527,
    "num_states": 864
}
