{
    "pdepth": 60,
    "end_eng": 0.0007838421056339099,
    "end_sup": 0.999527459918617,
    "num_states": 72
}
