{
    "pdepth": 60,
    "end_eng": 0.0003170250880198024,
    "end_sup": 0.999708535857834,
    "num_states": 324
}
