{
    "pdepth": 60,
    "end_eng": 0.0007523295904553975,
    "end_sup": 0.9995465848762474,
    "num_states": 216
}
