{
    "pdepth": 60,
    "end_eng": 0.000637055487620403,
    "end_sup": 0.9993830226647777,
    "num_states": 432
}
