{
    "pdepth": 60,
    "end_eng": 0.0012041287803747742,
    "end_sup": 0.9992086919379073,
    "num_states": 108
}
