{
    "pdepth": 60,
    "end_eng": 0.00017684918027689023,
    "end_sup": 0.9998306868922169,
    "num_states": 24
}
