{
    "pdepth": 60,
    "end_eng": 0.00042519235355787245,
    "end_sup": 0.9996866636358199,
    "num_states": 144
}
