{
    "pdepth": 60,
    "end_eng": 0.00013377493965337437,
    "end_sup": 0.9998662270647222,
    "num_states": 72
}
