{
    "pdepth": 60,
    "end_eng": 0.006261057399813962,
    "end_sup": 0.997318282563795,
    "num_states": 192
}
