{
    "pdepth": 60,
    "end_eng": 0.00040136179971180604,
    "end_sup": 0.9997422173996513,
    "num_states": 432
}
