{
    "pdepth": 60,
    "end_eng": 0.0003856193816127731,
    "end_sup": 0.9996324157874683,
    "num_states": 324
}
