{
    "pdepth": 60,
    "end_eng": 1.9077025105532793e-5,
    "end_sup": 0.9999809230072895,
    "num_states": 54
}
