{
    "pdepth": 60,
    "end_eng": 0.020919072268338747,
    "end_sup": 0.9815376660453027,
    "num_states": 288
}
