{
    "pdepth": 60,
    "end_eng": 0.0002983939717887981,
    "end_sup": 0.9997044375450762,
    "num_states": 432
}
