{
    "pdepth": 60,
    "end_eng": 0.000961124627440764,
    "end_sup": 0.9990493528347215,
    "num_states": 324
}
