{
    "pdepth": 60,
    "end_eng": 0.0004417263786186394,
    "end_sup": 0.9996129825642803,
    "num_states": 288
}
