{
    "pdepth": 60,
    "end_eng": 0.00045276372983876756,
    "end_sup": 0.999591889141644,
    "num_states": 54
}
