{
    "pdepth": 60,
    "end_eng": 0.001016612271936011,
    "end_sup": 0.999045099283614,
    "num_states": 108
}
