{
    "pdepth": 60,
    "end_eng": 0.001007476871945533,
    "end_sup": 0.9992819142356122,
    "num_states": 108
}
