{
    "pdepth": 60,
    "end_eng": 0.009717906006936972,
    "end_sup": 0.9905170430533687,
    "num_states": 96
}
