{
    "pdepth": 60,
    "end_eng": 0.0006751380069370665,
    "end_sup": 0.99941633404755,
    "num_states": 216
}
