{
    "pdepth": 60,
    "end_eng": 0.060145263927513536,
    "end_sup": 0.9402498472952103,
    "num_states": 54
}
