{
    "pdepth": 60,
    "end_eng": 3.768402740094341e-6,
    "end_sup": 0.9999962316008101,
    "num_states": 18
}
