{
    "pdepth": 60,
    "end_eng": 0.0012352758346834075,
    "end_sup": 0.9987940405820988,
    "num_states": 162
}
