{
    "pdepth": 60,
    "end_eng": 0.0011784948332525158,
    "end_sup": 0.9988604483452397,
    "num_states": 432
}
