{
    "pdepth": 60,
    "end_eng": 0.0010845863431727901,
    "end_sup": 0.999203237292124,
    "num_states": 288
}
