{
    "pdepth": 60,
    "end_eng": 0.024005355802167488,
    "end_sup": 0.9760855960829873,
    "num_states": 96
}
