{
    "pdepth": 60,
    "end_eng": 0.0009126288737697662,
    "end_sup": 0.9995893144417427,
    "num_states": 72
}
