{
    "pdepth": 60,
    "end_eng": 0.0006177929079681197,
    "end_sup": 0.9994482898453219,
    "num_states": 432
}
