{
    "pdepth": 60,
    "end_eng": 0.0022085993129556383,
    "end_sup": 0.9978470160411884,
    "num_states": 72
}
