{
    "pdepth": 60,
    "end_eng": 0.0004408299492768347,
    "end_sup": 0.9995746109833443,
    "num_states": 108
}
