{
    "pdepth": 60,
    "end_eng": 0.00013137177678180923,
    "end_sup": 0.9998686282232176,
    "num_states": 54
}
