{
    "pdepth": 60,
    "end_eng": 0.0007013919586120621,
    "end_sup": 0.9994755064975087,
    "num_states": 144
}
