{
    "pdepth": 60,
    "end_eng": 0.0009097232389659388,
    "end_sup": 0.9994993070457678,
    "num_states": 108
}
