{
    "pdepth": 60,
    "end_eng": 0.0005053411559727297,
    "end_sup": 0.9997628485959142,
    "num_states": 96
}
