{
    "pdepth": 60,
    "end_eng": 0.0008278686676794617,
    "end_sup": 0.9996108219027086,
    "num_states": 108
}
