{
    "pdepth": 60,
    "end_eng": 0.00046714924002104935,
    "end_sup": 0.9995893768180092,
    "num_states": 108
}
