{
    "pdepth": 60,
    "end_eng": 0.0014236457196318325,
    "end_sup": 0.9987411098368164,
    "num_states": 144
}
