{
    "pdepth": 60,
    "end_eng": 0.0006915068464064744,
    "end_sup": 0.999446326317921,
    "num_states": 216
}
