{
    "pdepth": 60,
    "end_eng": 0.0024582384810510126,
    "end_sup": 0.9981627066535431,
    "num_states": 144
}
