{
    "pdepth": 60,
    "end_eng": 0.003327955007066143,
    "end_sup": 0.9974983799641899,
    "num_states": 144
}
