{
    "pdepth": 60,
    "end_eng": 0.0019886051468322266,
    "end_sup": 0.9989937521617772,
    "num_states": 144
}
