{
    "pdepth": 60,
    "end_eng": 0.0022182690113609132,
    "end_sup": 0.9978647800576402,
    "num_states": 216
}
