{
    "pdepth": 60,
    "end_eng": 0.00033848975201884897,
    "end_sup": 0.9996685136395576,
    "num_states": 216
}
