{
    "pdepth": 60,
    "end_eng": 0.07524596351451243,
    "end_sup": 0.924788352753181,
    "num_states": 162
}
