{
    "pdepth": 60,
    "end_eng": 0.0006053788090885212,
    "end_sup": 0.9995710069165943,
    "num_states": 288
}
