{
    "pdepth": 60,
    "end_eng": 0.00019121390074757535,
    "end_sup": 0.9998517565180898,
    "num_states": 216
}
