{
    "pdepth": 60,
    "end_eng": 0.001142232784852433,
    "end_sup": 0.9995047070856979,
    "num_states": 432
}
