{
    "pdepth": 60,
    "end_eng": 0.0009879919004425833,
    "end_sup": 0.9994229658794327,
    "num_states": 24
}
