{
    "pdepth": 60,
    "end_eng": 0.00043779831708736606,
    "end_sup": 0.9995734207448697,
    "num_states": 108
}
