{
    "pdepth": 60,
    "end_eng": 0.0002473244476714404,
    "end_sup": 0.9997936650484318,
    "num_states": 144
}
