{
    "pdepth": 60,
    "end_eng": 0.15574674049238435,
    "end_sup": 0.848348334813973,
    "num_states": 4096
}
