{
    "pdepth": 60,
    "end_eng": 0.007556374664550114,
    "end_sup": 0.9958326099089116,
    "num_states": 16384
}
