{
    "pdepth": 60,
    "end_eng": 0.006556890741787053,
    "end_sup": 0.9955552964188638,
    "num_states": 16384
}
