{
    "pdepth": 60,
    "end_eng": 0.0065061707443444874,
    "end_sup": 0.9958203462317127,
    "num_states": 16384
}
