{
    "pdepth": 60,
    "end_eng": 0.06695319533764586,
    "end_sup": 0.9353750576365861,
    "num_states": 32768
}
