{
    "pdepth": 60,
    "end_eng": 0.05317054373640837,
    "end_sup": 0.9485515181252021,
    "num_states": 16384
}
