{
    "pdepth": 60,
    "end_eng": 0.0416807901273632,
    "end_sup": 0.9746470200225099,
    "num_states": 1024
}
