{
    "pdepth": 60,
    "end_eng": 0.025089476863191996,
    "end_sup": 0.9914942560657669,
    "num_states": 4096
}
