{
    "pdepth": 60,
    "end_eng": 0.006535437564671703,
    "end_sup": 0.9937903511447042,
    "num_states": 32768
}
