{
    "pdepth": 60,
    "end_eng": 0.00471645872591429,
    "end_sup": 0.996912218712059,
    "num_states": 8192
}
