{
    "pdepth": 60,
    "end_eng": 0.019836660711860767,
    "end_sup": 0.9925694347258015,
    "num_states": 16384
}
