{
    "pdepth": 60,
    "end_eng": 0.007301280696087653,
    "end_sup": 0.9962983603419092,
    "num_states": 8192
}
