{
    "pdepth": 60,
    "end_eng": 0.09700132948690343,
    "end_sup": 0.9048780869162076,
    "num_states": 8192
}
