{
    "pdepth": 60,
    "end_eng": 0.030083017405171678,
    "end_sup": 0.9716033835693885,
    "num_states": 8192
}
