{
    "pdepth": 60,
    "end_eng": 0.05933830109607176,
    "end_sup": 0.9454507378244925,
    "num_states": 2048
}
