{
    "pdepth": 60,
    "end_eng": 0.007063913586044965,
    "end_sup": 0.9935249530405841,
    "num_states": 8192
}
