{
    "pdepth": 60,
    "end_eng": 0.03444938749199802,
    "end_sup": 0.9679370185765492,
    "num_states": 4096
}
