{
    "pdepth": 60,
    "end_eng": 0.020688327101303857,
    "end_sup": 0.9933668735460617,
    "num_states": 16384
}
