{
    "pdepth": 60,
    "end_eng": 0.006334587345505077,
    "end_sup": 0.9957058003734423,
    "num_states": 8192
}
