{
    "pdepth": 60,
    "end_eng": 0.03848974499362883,
    "end_sup": 0.9673823908218859,
    "num_states": 2048
}
