{
    "pdepth": 60,
    "end_eng": 0.013126678941458721,
    "end_sup": 0.9905438024239337,
    "num_states": 8192
}
