{
    "pdepth": 60,
    "end_eng": 0.00776152847393256,
    "end_sup": 0.9932232365246823,
    "num_states": 4096
}
