{
    "pdepth": 60,
    "end_eng": 0.011504609550431135,
    "end_sup": 0.990579494818074,
    "num_states": 2048
}
