{
    "pdepth": 60,
    "end_eng": 0.1546958465827228,
    "end_sup": 0.8514557960372282,
    "num_states": 1024
}
