{
    "pdepth": 60,
    "end_eng": 0.01678882949524303,
    "end_sup": 0.9848872167123328,
    "num_states": 8192
}
