{
    "pdepth": 60,
    "end_eng": 0.006578668319791836,
    "end_sup": 0.9944062922672275,
    "num_states": 32768
}
