{
    "pdepth": 60,
    "end_eng": 0.009700716922272291,
    "end_sup": 0.9909200009905198,
    "num_states": 16384
}
