{
    "pdepth": 60,
    "end_eng": 0.0074458643456942475,
    "end_sup": 0.993714929210624,
    "num_states": 32768
}
