{
    "pdepth": 60,
    "end_eng": 0.015717178706346303,
    "end_sup": 0.9870269286648365,
    "num_states": 2048
}
