{
    "pdepth": 60,
    "end_eng": 0.24905620864025033,
    "end_sup": 0.7652880710335022,
    "num_states": 4096
}
