{
    "pdepth": 60,
    "end_eng": 0.32527674295320197,
    "end_sup": 0.6787107411568587,
    "num_states": 4096
}
