{
    "pdepth": 60,
    "end_eng": 0.41330950428487,
    "end_sup": 0.5922724544765404,
    "num_states": 4096
}
