{
    "pdepth": 60,
    "end_eng": 0.10793194613462033,
    "end_sup": 0.8962157502144606,
    "num_states": 4096
}
