{
    "pdepth": 60,
    "end_eng": 0.02738436320762498,
    "end_sup": 0.98898697178353,
    "num_states": 4096
}
