{
    "pdepth": 60,
    "end_eng": 0.010974481513087012,
    "end_sup": 0.9933616594521752,
    "num_states": 8192
}
