{
    "pdepth": 60,
    "end_eng": 0.056870950210437136,
    "end_sup": 0.9496826009455345,
    "num_states": 2048
}
