{
    "pdepth": 60,
    "end_eng": 0.2662163183965965,
    "end_sup": 0.7384592492765404,
    "num_states": 4096
}
