{
    "pdepth": 60,
    "end_eng": 0.017310428573538553,
    "end_sup": 0.9937693098140188,
    "num_states": 65536
}
