{
    "pdepth": 60,
    "end_eng": 0.00455271520822622,
    "end_sup": 0.9960267026579765,
    "num_states": 32768
}
