{
    "pdepth": 60,
    "end_eng": 0.006053119241373143,
    "end_sup": 0.9970508362405327,
    "num_states": 8192
}
