{
    "pdepth": 60,
    "end_eng": 0.01174285161713232,
    "end_sup": 0.9892275914831808,
    "num_states": 8192
}
