{
    "pdepth": 60,
    "end_eng": 0.686133484806525,
    "end_sup": 0.31976380564218193,
    "num_states": 2048
}
