{
    "pdepth": 60,
    "end_eng": 0.01836733279689072,
    "end_sup": 0.9837801871929357,
    "num_states": 16384
}
