{
    "pdepth": 60,
    "end_eng": 0.01972691909482244,
    "end_sup": 0.9828301309109865,
    "num_states": 8192
}
