{
    "pdepth": 60,
    "end_eng": 0.004458741766010664,
    "end_sup": 0.997305889031282,
    "num_states": 8192
}
