{
    "pdepth": 60,
    "end_eng": 0.07412444715381254,
    "end_sup": 0.9291077283083022,
    "num_states": 8192
}
