{
    "pdepth": 60,
    "end_eng": 0.012342362849983893,
    "end_sup": 0.9894369358620118,
    "num_states": 8192
}
