{
    "pdepth": 60,
    "end_eng": 0.005946534133965208,
    "end_sup": 0.9953665418419232,
    "num_states": 32768
}
