{
    "pdepth": 60,
    "end_eng": 0.005109455278703488,
    "end_sup": 0.9954069410817419,
    "num_states": 32768
}
