{
    "pdepth": 60,
    "end_eng": 0.01075893009861284,
    "end_sup": 0.9899763168783196,
    "num_states": 4096
}
