{
    "pdepth": 60,
    "end_eng": 0.0177964332055413,
    "end_sup": 0.984507900511543,
    "num_states": 8192
}
