{
    "pdepth": 60,
    "end_eng": 0.007748855219427018,
    "end_sup": 0.9959643941615144,
    "num_states": 8192
}
