{
    "pdepth": 60,
    "end_eng": 0.036161459746586605,
    "end_sup": 0.9666927776801167,
    "num_states": 16384
}
