{
    "pdepth": 60,
    "end_eng": 0.005358877981100534,
    "end_sup": 0.9957382386547527,
    "num_states": 8192
}
