{
    "pdepth": 60,
    "end_eng": 0.2192544372750011,
    "end_sup": 0.7869018757275,
    "num_states": 2048
}
