{
    "pdepth": 60,
    "end_eng": 0.008373075398923568,
    "end_sup": 0.9936675269579307,
    "num_states": 16384
}
