{
    "pdepth": 60,
    "end_eng": 0.02172596337261396,
    "end_sup": 0.9836322339468956,
    "num_states": 4096
}
