{
    "pdepth": 60,
    "end_eng": 0.00816532700109128,
    "end_sup": 0.9954297040092543,
    "num_states": 16384
}
