{
    "pdepth": 60,
    "end_eng": 0.008200605288195046,
    "end_sup": 0.9939404579423462,
    "num_states": 16384
}
