{
    "pdepth": 60,
    "end_eng": 0.03969888095186029,
    "end_sup": 0.9633767772116829,
    "num_states": 32768
}
