{
    "pdepth": 60,
    "end_eng": 0.053503012945948995,
    "end_sup": 0.9492034375154496,
    "num_states": 16384
}
