{
    "pdepth": 60,
    "end_eng": 0.005275420718123705,
    "end_sup": 0.996543714255177,
    "num_states": 8192
}
