{
    "pdepth": 60,
    "end_eng": 0.019473663146196734,
    "end_sup": 0.9842388071701502,
    "num_states": 8192
}
