{
    "pdepth": 60,
    "end_eng": 0.04114159550971974,
    "end_sup": 0.9605803086495512,
    "num_states": 16384
}
