{
    "pdepth": 60,
    "end_eng": 0.006379180111904255,
    "end_sup": 0.994096049742614,
    "num_states": 4096
}
