{
    "pdepth": 60,
    "end_eng": 0.005527124526315009,
    "end_sup": 0.9950394422473148,
    "num_states": 16384
}
