{
    "pdepth": 60,
    "end_eng": 0.0709937404611965,
    "end_sup": 0.9588489500153056,
    "num_states": 4096
}
