{
    "pdepth": 60,
    "end_eng": 0.20060713254890894,
    "end_sup": 0.8041824892348706,
    "num_states": 8192
}
