{
    "pdepth": 60,
    "end_eng": 0.004831999897109197,
    "end_sup": 0.9970724955912665,
    "num_states": 8192
}
