{
    "pdepth": 60,
    "end_eng": 0.03457366622017019,
    "end_sup": 0.9690495175944686,
    "num_states": 4096
}
