{
    "pdepth": 60,
    "end_eng": 0.005321575252895489,
    "end_sup": 0.996135000784908,
    "num_states": 32768
}
