{
    "pdepth": 60,
    "end_eng": 0.015608747645397297,
    "end_sup": 0.9864797593152541,
    "num_states": 32768
}
