{
    "pdepth": 60,
    "end_eng": 0.02703963514143551,
    "end_sup": 0.9767029703445527,
    "num_states": 8192
}
