{
    "pdepth": 60,
    "end_eng": 0.02175340015524169,
    "end_sup": 0.9801270931086286,
    "num_states": 16384
}
