{
    "pdepth": 60,
    "end_eng": 0.20666491754265806,
    "end_sup": 0.8003641427528576,
    "num_states": 1024
}
