{
    "pdepth": 60,
    "end_eng": 0.006031781166792618,
    "end_sup": 0.9956010479703823,
    "num_states": 65536
}
