{
    "pdepth": 60,
    "end_eng": 0.00809847794304673,
    "end_sup": 0.9956045535467828,
    "num_states": 16384
}
