{
    "pdepth": 60,
    "end_eng": 0.01301852838980896,
    "end_sup": 0.9914611434808045,
    "num_states": 8192
}
