{
    "pdepth": 60,
    "end_eng": 0.06292812705365602,
    "end_sup": 0.9490202258624455,
    "num_states": 8192
}
