{
    "pdepth": 60,
    "end_eng": 0.021801976965697543,
    "end_sup": 0.9797807611298146,
    "num_states": 4096
}
