{
    "pdepth": 60,
    "end_eng": 0.2156878105191501,
    "end_sup": 0.8025472324937356,
    "num_states": 2048
}
