{
    "pdepth": 60,
    "end_eng": 0.007068997176674123,
    "end_sup": 0.9948257140490133,
    "num_states": 32768
}
