{
    "pdepth": 60,
    "end_eng": 0.0060511137539626895,
    "end_sup": 0.9961174520787931,
    "num_states": 8192
}
