{
    "pdepth": 60,
    "end_eng": 0.00804689441781158,
    "end_sup": 0.9923857512595919,
    "num_states": 131072
}
