{
    "pdepth": 60,
    "end_eng": 0.051119436462547733,
    "end_sup": 0.9516085577239176,
    "num_states": 8192
}
