{
    "pdepth": 60,
    "end_eng": 0.007579637161372257,
    "end_sup": 0.9940141864655208,
    "num_states": 8192
}
