{
    "pdepth": 60,
    "end_eng": 0.005695634359233279,
    "end_sup": 0.9952902462055184,
    "num_states": 32768
}
