{
    "pdepth": 60,
    "end_eng": 0.006438003917433903,
    "end_sup": 0.9941732097994378,
    "num_states": 32768
}
