{
    "pdepth": 60,
    "end_eng": 0.04463918865362643,
    "end_sup": 0.9577534133782444,
    "num_states": 4096
}
