{
    "pdepth": 60,
    "end_eng": 0.006243169932219459,
    "end_sup": 0.9964596528540499,
    "num_states": 4096
}
