{
    "pdepth": 60,
    "end_eng": 0.13754693092988474,
    "end_sup": 0.8662368271356612,
    "num_states": 8192
}
