{
    "pdepth": 60,
    "end_eng": 0.007016179758894249,
    "end_sup": 0.9947161035204728,
    "num_states": 32768
}
