{
    "pdepth": 60,
    "end_eng": 0.02499323907829267,
    "end_sup": 0.9907213655338778,
    "num_states": 8192
}
