{
    "pdepth": 60,
    "end_eng": 0.0836764467412687,
    "end_sup": 0.9183128908134496,
    "num_states": 8192
}
