{
    "pdepth": 60,
    "end_eng": 0.015255199918217313,
    "end_sup": 0.9855591324187464,
    "num_states": 32768
}
