{
    "pdepth": 60,
    "end_eng": 0.054680251100075405,
    "end_sup": 0.9489689979968405,
    "num_states": 8192
}
