{
    "pdepth": 60,
    "end_eng": 0.155269899682994,
    "end_sup": 0.8572280068624984,
    "num_states": 8192
}
