{
    "pdepth": 60,
    "end_eng": 0.009911250536675902,
    "end_sup": 0.9938211679659159,
    "num_states": 8192
}
