{
    "pdepth": 60,
    "end_eng": 0.04674144428428666,
    "end_sup": 0.9685181743303699,
    "num_states": 8192
}
