{
    "pdepth": 60,
    "end_eng": 0.0058546024614562885,
    "end_sup": 0.9964054063560743,
    "num_states": 16384
}
