{
    "pdepth": 60,
    "end_eng": 0.0002220255228419922,
    "end_sup": 0.99980566967725,
    "num_states": 72
}
