{
    "pdepth": 60,
    "end_eng": 0.00010086036252986456,
    "end_sup": 0.9998991421349807,
    "num_states": 54
}
