{
    "pdepth": 60,
    "end_eng": 0.0002398295349267323,
    "end_sup": 0.9998280534037273,
    "num_states": 108
}
