{
    "pdepth": 60,
    "end_eng": 7.244926732297507e-5,
    "end_sup": 0.9999333306591955,
    "num_states": 24
}
