{
    "pdepth": 60,
    "end_eng": 0.0015423550238075343,
    "end_sup": 0.9987749738110059,
    "num_states": 48
}
