{
    "pdepth": 60,
    "end_eng": 5.706782976307764e-5,
    "end_sup": 0.999942932170237,
    "num_states": 6
}
