{
    "pdepth": 60,
    "end_eng": 0.0006606330480817576,
    "end_sup": 0.9996206447770135,
    "num_states": 72
}
