{
    "pdepth": 60,
    "end_eng": 0.000542108847503562,
    "end_sup": 0.9994764647976069,
    "num_states": 36
}
