{
    "pdepth": 60,
    "end_eng": 0.0001452950974360631,
    "end_sup": 0.9998547062797145,
    "num_states": 36
}
