{
    "pdepth": 60,
    "end_eng": 0.001804115937213473,
    "end_sup": 0.9982241099838395,
    "num_states": 6
}
