{
    "pdepth": 60,
    "end_eng": 0.0001298041582701198,
    "end_sup": 0.9998989400187335,
    "num_states": 54
}
