{
    "pdepth": 60,
    "end_eng": 0.002804312796509787,
    "end_sup": 0.9975195892100616,
    "num_states": 72
}
