{
    "pdepth": 60,
    "end_eng": 0.0012316025756080467,
    "end_sup": 0.9994883467509905,
    "num_states": 36
}
