{
    "pdepth": 60,
    "end_eng": 0.0004153191848212104,
    "end_sup": 0.9995962053587458,
    "num_states": 36
}
