{
    "pdepth": 60,
    "end_eng": 1.932905519971471e-5,
    "end_sup": 0.9999806709447999,
    "num_states": 54
}
