{
    "pdepth": 60,
    "end_eng": 0.0027253669539066177,
    "end_sup": 0.9974012981193716,
    "num_states": 48
}
