{
    "pdepth": 60,
    "end_eng": 0.000808105697603304,
    "end_sup": 0.9992686748704647,
    "num_states": 72
}
