{
    "pdepth": 60,
    "end_eng": 0.0011258285433445863,
    "end_sup": 0.999177862483525,
    "num_states": 72
}
