{
    "pdepth": 60,
    "end_eng": 0.0002728262866509901,
    "end_sup": 0.9997370601619795,
    "num_states": 96
}
