{
    "pdepth": 60,
    "end_eng": 0.0003270918717581531,
    "end_sup": 0.9996953531676365,
    "num_states": 54
}
