{
    "pdepth": 60,
    "end_eng": 0.001198153311863716,
    "end_sup": 0.9993120250299458,
    "num_states": 144
}
