{
    "pdepth": 60,
    "end_eng": 0.00021556260306596688,
    "end_sup": 0.9997863415568541,
    "num_states": 24
}
