{
    "pdepth": 60,
    "end_eng": 0.0007440295935325215,
    "end_sup": 0.9992837353147086,
    "num_states": 36
}
