{
    "pdepth": 60,
    "end_eng": 0.00024936071752462165,
    "end_sup": 0.9997647351573521,
    "num_states": 36
}
