{
    "pdepth": 60,
    "end_eng": 1.719282373549031e-5,
    "end_sup": 0.9999828071762644,
    "num_states": 24
}
