{
    "pdepth": 60,
    "end_eng": 0.000713738646210852,
    "end_sup": 0.9994920747860094,
    "num_states": 72
}
