{
    "pdepth": 60,
    "end_eng": 0.0005178900152179144,
    "end_sup": 0.9996067988070033,
    "num_states": 72
}
