{
    "pdepth": 60,
    "end_eng": 0.000811199475403808,
    "end_sup": 0.9994731038401442,
    "num_states": 72
}
