{
    "pdepth": 60,
    "end_eng": 0.0001584947733028686,
    "end_sup": 0.9998434004498209,
    "num_states": 36
}
