{
    "pdepth": 60,
    "end_eng": 0.00021777569438517842,
    "end_sup": 0.9998026002590885,
    "num_states": 36
}
