{
    "pdepth": 60,
    "end_eng": 0.010560326343729524,
    "end_sup": 0.9895235427189571,
    "num_states": 36
}
