{
    "pdepth": 60,
    "end_eng": 0.00019393859553111208,
    "end_sup": 0.9998338769212218,
    "num_states": 72
}
