{
    "pdepth": 60,
    "end_eng": 0.0018827644859379874,
    "end_sup": 0.9992066593384187,
    "num_states": 72
}
