{
    "pdepth": 60,
    "end_eng": 0.00021789324949878273,
    "end_sup": 0.999864181100356,
    "num_states": 108
}
