{
    "pdepth": 60,
    "end_eng": 0.0013840520451059936,
    "end_sup": 0.9987144193817228,
    "num_states": 72
}
