{
    "pdepth": 60,
    "end_eng": 0.0008421803166626402,
    "end_sup": 0.9991792810362716,
    "num_states": 72
}
