{
    "pdepth": 60,
    "end_eng": 0.000795990781515229,
    "end_sup": 0.9992293056834638,
    "num_states": 36
}
