{
    "pdepth": 60,
    "end_eng": 0.00036544662742274815,
    "end_sup": 0.9997230524070368,
    "num_states": 72
}
