{
    "pdepth": 60,
    "end_eng": 0.0001380554377812171,
    "end_sup": 0.9998929839107851,
    "num_states": 54
}
