{
    "pdepth": 60,
    "end_eng": 0.0010725529880681857,
    "end_sup": 0.9992467431550334,
    "num_states": 144
}
