{
    "pdepth": 60,
    "end_eng": 0.0006025544337242225,
    "end_sup": 0.999555541264539,
    "num_states": 72
}
