{
    "pdepth": 60,
    "end_eng": 0.0008728051304839732,
    "end_sup": 0.9994781400389119,
    "num_states": 24
}
