{
    "pdepth": 60,
    "end_eng": 0.00034525760300133606,
    "end_sup": 0.9996710927713942,
    "num_states": 108
}
