{
    "pdepth": 60,
    "end_eng": 0.00022678344747234706,
    "end_sup": 0.9997732273513043,
    "num_states": 36
}
