{
    "pdepth": 60,
    "end_eng": 0.0003320570516168402,
    "end_sup": 0.9996679609075069,
    "num_states": 36
}
