{
    "pdepth": 60,
    "end_eng": 0.0004126097895584353,
    "end_sup": 0.9996257180423705,
    "num_states": 36
}
