{
    "pdepth": 60,
    "end_eng": 0.002725588231880899,
    "end_sup": 0.9973282340115676,
    "num_states": 24
}
