{
    "pdepth": 60,
    "end_eng": 0.0001331594785002371,
    "end_sup": 0.9998918803257967,
    "num_states": 18
}
