{
    "pdepth": 60,
    "end_eng": 0.00016078626646831118,
    "end_sup": 0.9998648169804768,
    "num_states": 72
}
