{
    "pdepth": 60,
    "end_eng": 0.00015666048717455033,
    "end_sup": 0.9998651210392395,
    "num_states": 36
}
