{
    "pdepth": 60,
    "end_eng": 0.00022678344747233912,
    "end_sup": 0.9997732273513034,
    "num_states": 108
}
