{
    "pdepth": 60,
    "end_eng": 0.00021315717127689293,
    "end_sup": 0.9998832690976398,
    "num_states": 54
}
