{
    "pdepth": 60,
    "end_eng": 0.0057673891696218265,
    "end_sup": 0.9942593784568541,
    "num_states": 27
}
