{
    "pdepth": 60,
    "end_eng": 0.0004976268815759552,
    "end_sup": 0.9995181007855242,
    "num_states": 108
}
