{
    "pdepth": 60,
    "end_eng": 0.00010367091953910988,
    "end_sup": 0.9999121434912416,
    "num_states": 12
}
