{
    "pdepth": 60,
    "end_eng": 0.0009768668592584212,
    "end_sup": 0.9991195293229189,
    "num_states": 144
}
