{
    "pdepth": 60,
    "end_eng": 0.0006594815186305286,
    "end_sup": 0.9994069855842271,
    "num_states": 48
}
