{
    "pdepth": 60,
    "end_eng": 6.707309584232395e-5,
    "end_sup": 0.9999424007888505,
    "num_states": 24
}
