{
    "pdepth": 60,
    "end_eng": 0.0012236648914325297,
    "end_sup": 0.9988696619686979,
    "num_states": 144
}
