{
    "pdepth": 60,
    "end_eng": 7.639688496279302e-5,
    "end_sup": 0.9999236042181042,
    "num_states": 54
}
