{
    "pdepth": 60,
    "end_eng": 0.0004560071807009995,
    "end_sup": 0.9995685322890788,
    "num_states": 24
}
