{
    "pdepth": 60,
    "end_eng": 0.00029575655995942615,
    "end_sup": 0.9997071117850846,
    "num_states": 96
}
