{
    "pdepth": 60,
    "end_eng": 0.0023613709620407793,
    "end_sup": 0.9983468209267755,
    "num_states": 144
}
