{
    "pdepth": 60,
    "end_eng": 0.0032601897140070043,
    "end_sup": 0.9967820183703223,
    "num_states": 18
}
