{
    "pdepth": 60,
    "end_eng": 0.00017595972261255722,
    "end_sup": 0.9998240430070389,
    "num_states": 72
}
