{
    "pdepth": 60,
    "end_eng": 0.0001826469596021765,
    "end_sup": 0.999858816104829,
    "num_states": 18
}
