{
    "pdepth": 60,
    "end_eng": 0.00019643496722951845,
    "end_sup": 0.9998153571282983,
    "num_states": 54
}
