{
    "pdepth": 60,
    "end_eng": 0.0002439180427989445,
    "end_sup": 0.9997659616401938,
    "num_states": 48
}
