{
    "pdepth": 60,
    "end_eng": 0.00011948216967571408,
    "end_sup": 0.9999086956352957,
    "num_states": 36
}
