{
    "pdepth": 60,
    "end_eng": 0.013738274496925537,
    "end_sup": 0.9864226616174334,
    "num_states": 144
}
