{
    "pdepth": 60,
    "end_eng": 0.00028211344221198845,
    "end_sup": 0.9997378082071477,
    "num_states": 108
}
