{
    "pdepth": 60,
    "end_eng": 0.009358730021473636,
    "end_sup": 0.9908641076868123,
    "num_states": 24
}
