{
    "pdepth": 60,
    "end_eng": 0.003321723125286767,
    "end_sup": 0.9974459648392526,
    "num_states": 18
}
