{
    "pdepth": 60,
    "end_eng": 0.00020140734174610252,
    "end_sup": 0.9998415645882022,
    "num_states": 48
}
