{
    "pdepth": 60,
    "end_eng": 0.013136562054369904,
    "end_sup": 0.9871146286643813,
    "num_states": 48
}
