{
    "pdepth": 60,
    "end_eng": 0.00021595673003298223,
    "end_sup": 0.9997840523498188,
    "num_states": 72
}
