{
    "pdepth": 60,
    "end_eng": 0.001111108080932297,
    "end_sup": 0.9992333492672607,
    "num_states": 144
}
