{
    "pdepth": 60,
    "end_eng": 0.011831447085943619,
    "end_sup": 0.9881900477255733,
    "num_states": 36
}
