{
    "pdepth": 60,
    "end_eng": 0.0012121686206804738,
    "end_sup": 0.9991149186576738,
    "num_states": 72
}
