{
    "pdepth": 60,
    "end_eng": 0.0008874146195031413,
    "end_sup": 0.9994768950093456,
    "num_states": 72
}
