{
    "pdepth": 60,
    "end_eng": 0.00022123323530443074,
    "end_sup": 0.999793833659495,
    "num_states": 18
}
