{
    "pdepth": 60,
    "end_eng": 0.0011828743070732349,
    "end_sup": 0.9990516172177761,
    "num_states": 144
}
