{
    "pdepth": 60,
    "end_eng": 0.00013040888239040458,
    "end_sup": 0.9998907270846381,
    "num_states": 18
}
