{
    "pdepth": 60,
    "end_eng": 0.0018883666065907026,
    "end_sup": 0.9981815673590402,
    "num_states": 36
}
