{
    "pdepth": 60,
    "end_eng": 0.0005032538815461605,
    "end_sup": 0.9996505628242485,
    "num_states": 36
}
