{
    "pdepth": 60,
    "end_eng": 0.00045758045340994,
    "end_sup": 0.9995741638802031,
    "num_states": 72
}
