{
    "pdepth": 60,
    "end_eng": 0.001279336352492024,
    "end_sup": 0.9987848138535077,
    "num_states": 72
}
