{
    "pdepth": 60,
    "end_eng": 0.0008088861213319151,
    "end_sup": 0.9993993170190996,
    "num_states": 36
}
