{
    "pdepth": 60,
    "end_eng": 0.0006126026092448389,
    "end_sup": 0.9995540889328501,
    "num_states": 72
}
