{
    "pdepth": 60,
    "end_eng": 0.0001593644314479526,
    "end_sup": 0.9998629883293655,
    "num_states": 36
}
