{
    "pdepth": 60,
    "end_eng": 0.0019239358908801419,
    "end_sup": 0.9983314119974562,
    "num_states": 144
}
