{
    "pdepth": 60,
    "end_eng": 0.0006708294247717392,
    "end_sup": 0.9996663924089768,
    "num_states": 72
}
