{
    "pdepth": 60,
    "end_eng": 0.011816318258559354,
    "end_sup": 0.988227279218866,
    "num_states": 36
}
