{
    "pdepth": 60,
    "end_eng": 0.0008991587601399227,
    "end_sup": 0.9992084368770863,
    "num_states": 36
}
