{
    "pdepth": 14,
    "end_eng": 0.3212494229698042,
    "end_sup": 0.7317134131859714,
    "num_states": 4096
}
