{
    "pdepth": 14,
    "end_eng": 0.13151099496887542,
    "end_sup": 0.9149348287522012,
    "num_states": 2048
}
