{
    "pdepth": 14,
    "end_eng": 0.2598698003261607,
    "end_sup": 0.7568229521651746,
    "num_states": 2048
}
