{
    "pdepth": 14,
    "end_eng": 0.30633952904982836,
    "end_sup": 0.7371272782928817,
    "num_states": 4096
}
