{
    "pdepth": 14,
    "end_eng": 0.4689522194768587,
    "end_sup": 0.6255340819795139,
    "num_states": 4096
}
