{
    "pdepth": 14,
    "end_eng": 0.0829054211817474,
    "end_sup": 0.9435500549579738,
    "num_states": 2048
}
