{
    "pdepth": 14,
    "end_eng": 0.1520569318456472,
    "end_sup": 0.8748780851952069,
    "num_states": 8192
}
