{
    "pdepth": 14,
    "end_eng": 0.4714146643638642,
    "end_sup": 0.5868735035777354,
    "num_states": 2048
}
