{
    "pdepth": 14,
    "end_eng": 0.303429839199605,
    "end_sup": 0.743819294905548,
    "num_states": 2048
}
