{
    "pdepth": 14,
    "end_eng": 0.13983448385100716,
    "end_sup": 0.9047037329092428,
    "num_states": 1024
}
