{
    "pdepth": 14,
    "end_eng": 0.32407550610901115,
    "end_sup": 0.7146335957190793,
    "num_states": 4096
}
