{
    "pdepth": 14,
    "end_eng": 0.14553596624624598,
    "end_sup": 0.8668439975042654,
    "num_states": 4096
}
