{
    "pdepth": 14,
    "end_eng": 0.14010923797961142,
    "end_sup": 0.9023452870853782,
    "num_states": 2048
}
