{
    "pdepth": 14,
    "end_eng": 0.09265733460835895,
    "end_sup": 0.9216445165582204,
    "num_states": 1024
}
