{
    "pdepth": 14,
    "end_eng": 0.12501887872788775,
    "end_sup": 0.8892831461880176,
    "num_states": 8192
}
