{
    "pdepth": 14,
    "end_eng": 0.7094852759403881,
    "end_sup": 0.36103704298664385,
    "num_states": 2048
}
