{
    "pdepth": 14,
    "end_eng": 0.3079664166355525,
    "end_sup": 0.7267890360342576,
    "num_states": 2048
}
