{
    "pdepth": 14,
    "end_eng": 0.5554395746787653,
    "end_sup": 0.49445517523132393,
    "num_states": 2048
}
