{
    "pdepth": 14,
    "end_eng": 0.182542660628596,
    "end_sup": 0.8432660495447106,
    "num_states": 8192
}
