{
    "pdepth": 14,
    "end_eng": 0.1030189894421353,
    "end_sup": 0.9096266388874862,
    "num_states": 4096
}
