{
    "pdepth": 14,
    "end_eng": 0.3011142005744823,
    "end_sup": 0.7469838321741957,
    "num_states": 1024
}
