{
    "pdepth": 14,
    "end_eng": 0.3924670644604488,
    "end_sup": 0.6609043217620157,
    "num_states": 4096
}
