{
    "pdepth": 14,
    "end_eng": 0.35374667227514933,
    "end_sup": 0.6885416457867826,
    "num_states": 2048
}
