{
    "pdepth": 14,
    "end_eng": 0.3680057860059562,
    "end_sup": 0.6734795558860803,
    "num_states": 4096
}
