{
    "pdepth": 14,
    "end_eng": 0.5903807164888795,
    "end_sup": 0.5243701446007231,
    "num_states": 2048
}
