{
    "pdepth": 14,
    "end_eng": 0.6513519084533821,
    "end_sup": 0.4319404250055152,
    "num_states": 1024
}
