{
    "pdepth": 14,
    "end_eng": 0.25794961174754066,
    "end_sup": 0.7771167242775071,
    "num_states": 2048
}
