{
    "pdepth": 14,
    "end_eng": 0.1511869305410357,
    "end_sup": 0.8791811763733052,
    "num_states": 4096
}
