{
    "pdepth": 14,
    "end_eng": 0.11337534740855491,
    "end_sup": 0.9147631384206657,
    "num_states": 1024
}
