{
    "pdepth": 14,
    "end_eng": 0.3682824229398638,
    "end_sup": 0.7153265488094263,
    "num_states": 2048
}
