{
    "pdepth": 14,
    "end_eng": 0.10907536401928838,
    "end_sup": 0.9196848904642674,
    "num_states": 4096
}
