{
    "pdepth": 14,
    "end_eng": 0.24016780145604957,
    "end_sup": 0.8012922515013317,
    "num_states": 1024
}
