{
    "pdepth": 14,
    "end_eng": 0.33661002511973365,
    "end_sup": 0.7190642904819029,
    "num_states": 2048
}
