{
    "pdepth": 14,
    "end_eng": 0.6650935175368955,
    "end_sup": 0.4071967951383525,
    "num_states": 4096
}
