{
    "pdepth": 14,
    "end_eng": 0.12600709728849713,
    "end_sup": 0.8844745737907543,
    "num_states": 16384
}
