{
    "pdepth": 14,
    "end_eng": 0.07806971424511822,
    "end_sup": 0.9368148823743657,
    "num_states": 1024
}
