{
    "pdepth": 14,
    "end_eng": 0.10037128849692359,
    "end_sup": 0.9307725498907664,
    "num_states": 1024
}
