{
    "pdepth": 14,
    "end_eng": 0.15373205662182837,
    "end_sup": 0.8868377132979648,
    "num_states": 1024
}
