{
    "pdepth": 14,
    "end_eng": 0.293172887279906,
    "end_sup": 0.73737795865088,
    "num_states": 4096
}
