{
    "pdepth": 14,
    "end_eng": 0.0940922032301042,
    "end_sup": 0.9154898310685827,
    "num_states": 8192
}
