{
    "pdepth": 14,
    "end_eng": 0.17037579532854039,
    "end_sup": 0.8711142514879545,
    "num_states": 2048
}
