{
    "pdepth": 14,
    "end_eng": 0.23712857322793152,
    "end_sup": 0.7891866517426018,
    "num_states": 2048
}
