{
    "pdepth": 14,
    "end_eng": 0.14991172976003822,
    "end_sup": 0.894477271607483,
    "num_states": 2048
}
