{
    "pdepth": 14,
    "end_eng": 0.0985942833880354,
    "end_sup": 0.9129982783354527,
    "num_states": 4096
}
