{
    "pdepth": 14,
    "end_eng": 0.18963376979263635,
    "end_sup": 0.9058602430393649,
    "num_states": 1024
}
