{
    "pdepth": 14,
    "end_eng": 0.35796919636287483,
    "end_sup": 0.7037028935640447,
    "num_states": 1024
}
