{
    "pdepth": 14,
    "end_eng": 0.14323383876447007,
    "end_sup": 0.871710800936779,
    "num_states": 8192
}
