{
    "pdepth": 14,
    "end_eng": 0.09269913268933136,
    "end_sup": 0.9187227232395656,
    "num_states": 4096
}
