{
    "pdepth": 14,
    "end_eng": 0.19683234686072915,
    "end_sup": 0.8331772611935044,
    "num_states": 4096
}
