{
    "pdepth": 14,
    "end_eng": 0.18813705469446845,
    "end_sup": 0.8616607166743054,
    "num_states": 1024
}
