{
    "pdepth": 14,
    "end_eng": 0.438356348194717,
    "end_sup": 0.6020320643895187,
    "num_states": 2048
}
