{
    "pdepth": 14,
    "end_eng": 0.09744779558904015,
    "end_sup": 0.923946290353965,
    "num_states": 2048
}
