{
    "pdepth": 14,
    "end_eng": 0.17663637708742352,
    "end_sup": 0.8457638046294402,
    "num_states": 4096
}
