{
    "pdepth": 14,
    "end_eng": 0.12809869983662622,
    "end_sup": 0.8902573634527854,
    "num_states": 4096
}
