{
    "pdepth": 14,
    "end_eng": 0.17654097804768878,
    "end_sup": 0.8678203376889726,
    "num_states": 1024
}
