{
    "pdepth": 14,
    "end_eng": 0.274670201593803,
    "end_sup": 0.7616260555836685,
    "num_states": 1024
}
