{
    "pdepth": 14,
    "end_eng": 0.09941054577321046,
    "end_sup": 0.9086911374418509,
    "num_states": 4096
}
