{
    "pdepth": 14,
    "end_eng": 0.3303851910030282,
    "end_sup": 0.7059812290137754,
    "num_states": 1024
}
