{
    "pdepth": 14,
    "end_eng": 0.12784020978424407,
    "end_sup": 0.896072399858796,
    "num_states": 4096
}
