{
    "pdepth": 14,
    "end_eng": 0.5546229178564568,
    "end_sup": 0.6379853973881913,
    "num_states": 256
}
