{
    "pdepth": 14,
    "end_eng": 0.07834587156795543,
    "end_sup": 0.9424322825477263,
    "num_states": 4096
}
