{
    "pdepth": 14,
    "end_eng": 0.34603988617874915,
    "end_sup": 0.6939393613030251,
    "num_states": 512
}
