{
    "pdepth": 14,
    "end_eng": 0.6205404112108737,
    "end_sup": 0.4580704953667242,
    "num_states": 1024
}
