{
    "pdepth": 14,
    "end_eng": 0.36847224849807947,
    "end_sup": 0.6726867005265359,
    "num_states": 512
}
