{
    "pdepth": 14,
    "end_eng": 0.2380376736624592,
    "end_sup": 0.7994492002828991,
    "num_states": 1024
}
