{
    "pdepth": 14,
    "end_eng": 0.10042687277409233,
    "end_sup": 0.9100115610485229,
    "num_states": 8192
}
