{
    "pdepth": 14,
    "end_eng": 0.2977304346638651,
    "end_sup": 0.7601455726707144,
    "num_states": 1024
}
