{
    "pdepth": 14,
    "end_eng": 0.22883390633365952,
    "end_sup": 0.8692679974606254,
    "num_states": 4096
}
