{
    "pdepth": 14,
    "end_eng": 0.12728501861899244,
    "end_sup": 0.8895678540476473,
    "num_states": 1024
}
