{
    "pdepth": 14,
    "end_eng": 0.2357039395017285,
    "end_sup": 0.8088910413575084,
    "num_states": 2048
}
