{
    "pdepth": 14,
    "end_eng": 0.36961394535142744,
    "end_sup": 0.6696674566002708,
    "num_states": 1024
}
