{
    "pdepth": 14,
    "end_eng": 0.12525625749258446,
    "end_sup": 0.8847059820605243,
    "num_states": 2048
}
