{
    "pdepth": 14,
    "end_eng": 0.15540547990994197,
    "end_sup": 0.8605276223006637,
    "num_states": 8192
}
