{
    "pdepth": 14,
    "end_eng": 0.10106395846340471,
    "end_sup": 0.917186181929432,
    "num_states": 2048
}
