{
    "pdepth": 14,
    "end_eng": 0.5698785786157656,
    "end_sup": 0.5486908151255505,
    "num_states": 1024
}
