{
    "pdepth": 14,
    "end_eng": 0.46446113383995785,
    "end_sup": 0.5820001202993208,
    "num_states": 1024
}
