{
    "pdepth": 14,
    "end_eng": 0.2610595603620379,
    "end_sup": 0.7715934113128807,
    "num_states": 1024
}
