{
    "pdepth": 14,
    "end_eng": 0.5504748588528943,
    "end_sup": 0.5678161524520798,
    "num_states": 1024
}
