{
    "pdepth": 14,
    "end_eng": 0.0964087049429632,
    "end_sup": 0.9115733220696984,
    "num_states": 2048
}
