{
    "pdepth": 14,
    "end_eng": 0.17771157339383042,
    "end_sup": 0.8359578478352405,
    "num_states": 2048
}
