{
    "pdepth": 14,
    "end_eng": 0.171206434009899,
    "end_sup": 0.9167534598432721,
    "num_states": 2048
}
