{
    "pdepth": 14,
    "end_eng": 0.1118949112318661,
    "end_sup": 0.9135736906630102,
    "num_states": 4096
}
