{
    "pdepth": 14,
    "end_eng": 0.12027104985295112,
    "end_sup": 0.9023465730760758,
    "num_states": 16384
}
