{
    "pdepth": 14,
    "end_eng": 0.24264647192190744,
    "end_sup": 0.7873809592804498,
    "num_states": 4096
}
