{
    "pdepth": 14,
    "end_eng": 0.18783474925886662,
    "end_sup": 0.8409151458623687,
    "num_states": 2048
}
