{
    "pdepth": 14,
    "end_eng": 0.1464780675953557,
    "end_sup": 0.8889468899813924,
    "num_states": 2048
}
