{
    "pdepth": 14,
    "end_eng": 0.08484454950737921,
    "end_sup": 0.9266258813304482,
    "num_states": 1024
}
