{
    "pdepth": 14,
    "end_eng": 0.12036865679840474,
    "end_sup": 0.8930340967681099,
    "num_states": 8192
}
