{
    "pdepth": 14,
    "end_eng": 0.1891428839999015,
    "end_sup": 0.8263300422045922,
    "num_states": 4096
}
