{
    "pdepth": 14,
    "end_eng": 0.19854994725850106,
    "end_sup": 0.8311799286522521,
    "num_states": 2048
}
