{
    "pdepth": 14,
    "end_eng": 0.29474478651160735,
    "end_sup": 0.7332870268941811,
    "num_states": 2048
}
