{
    "pdepth": 14,
    "end_eng": 0.13269172370297366,
    "end_sup": 0.8808142544198156,
    "num_states": 8192
}
