{
    "pdepth": 14,
    "end_eng": 0.1290021451023608,
    "end_sup": 0.9006862601547146,
    "num_states": 2048
}
