{
    "pdepth": 14,
    "end_eng": 0.12169105182329229,
    "end_sup": 0.8919905900524143,
    "num_states": 4096
}
