{
    "pdepth": 14,
    "end_eng": 0.06430764165504028,
    "end_sup": 0.938733595324303,
    "num_states": 1024
}
