{
    "pdepth": 14,
    "end_eng": 0.17429824702327862,
    "end_sup": 0.915471773604095,
    "num_states": 4096
}
