{
    "pdepth": 14,
    "end_eng": 0.10408095051129317,
    "end_sup": 0.9093966542851393,
    "num_states": 4096
}
