{
    "pdepth": 14,
    "end_eng": 0.11642685328699814,
    "end_sup": 0.8931377406903916,
    "num_states": 8192
}
