{
    "pdepth": 14,
    "end_eng": 0.10185556226029736,
    "end_sup": 0.9199472917354141,
    "num_states": 4096
}
