{
    "pdepth": 60,
    "end_eng": 0.017603062927500357,
    "end_sup": 0.9936259939768992,
    "num_states": 65536
}
