{
    "pdepth": 60,
    "end_eng": 0.09553775805500708,
    "end_sup": 0.9085753808711412,
    "num_states": 8192
}
