{
    "pdepth": 60,
    "end_eng": 0.007179669678920533,
    "end_sup": 0.993411015036042,
    "num_states": 16384
}
