{
    "pdepth": 60,
    "end_eng": 0.005570259656123911,
    "end_sup": 0.996042397809157,
    "num_states": 65536
}
