{
    "pdepth": 60,
    "end_eng": 0.01129562450009149,
    "end_sup": 0.9913028524750112,
    "num_states": 16384
}
