{
    "pdepth": 60,
    "end_eng": 0.02360403816091814,
    "end_sup": 0.9776616888972927,
    "num_states": 16384
}
