{
    "pdepth": 60,
    "end_eng": 0.09591138448763442,
    "end_sup": 0.9071423471175588,
    "num_states": 32768
}
