{
    "pdepth": 60,
    "end_eng": 0.005339952879591955,
    "end_sup": 0.9962543452713091,
    "num_states": 16384
}
