{
    "pdepth": 60,
    "end_eng": 0.07680652551887253,
    "end_sup": 0.927641444917384,
    "num_states": 4096
}
