{
    "pdepth": 60,
    "end_eng": 0.06962096833312051,
    "end_sup": 0.9348575744376018,
    "num_states": 4096
}
