{
    "pdepth": 60,
    "end_eng": 0.01403180979696039,
    "end_sup": 0.9870452215057061,
    "num_states": 8192
}
