{
    "pdepth": 60,
    "end_eng": 0.007069668931323421,
    "end_sup": 0.9935122995859565,
    "num_states": 65536
}
