{
    "pdepth": 60,
    "end_eng": 0.07206738147714122,
    "end_sup": 0.9309939960209295,
    "num_states": 8192
}
