{
    "pdepth": 60,
    "end_eng": 0.02324147873374338,
    "end_sup": 0.9771885946826513,
    "num_states": 32768
}
