{
    "pdepth": 60,
    "end_eng": 0.004806791426253712,
    "end_sup": 0.996530677686952,
    "num_states": 8192
}
