{
    "pdepth": 60,
    "end_eng": 0.018926456902000406,
    "end_sup": 0.9927889414410982,
    "num_states": 32768
}
