{
    "pdepth": 60,
    "end_eng": 0.009030252977717475,
    "end_sup": 0.9917641492610803,
    "num_states": 16384
}
