{
    "pdepth": 60,
    "end_eng": 0.010660394482243851,
    "end_sup": 0.9911119343512198,
    "num_states": 8192
}
