{
    "pdepth": 60,
    "end_eng": 0.007407497431221429,
    "end_sup": 0.9933229757199363,
    "num_states": 16384
}
