{
    "pdepth": 60,
    "end_eng": 0.003994587330607043,
    "end_sup": 0.9970696740999349,
    "num_states": 16384
}
