{
    "pdepth": 60,
    "end_eng": 0.016786494820039712,
    "end_sup": 0.9846267881393708,
    "num_states": 16384
}
