{
    "pdepth": 60,
    "end_eng": 0.24559195644558302,
    "end_sup": 0.7814987328747214,
    "num_states": 4096
}
