{
    "pdepth": 60,
    "end_eng": 0.11065339174837499,
    "end_sup": 0.907034999692963,
    "num_states": 2048
}
