{
    "pdepth": 60,
    "end_eng": 0.012694831421886762,
    "end_sup": 0.9888167159560448,
    "num_states": 4096
}
