{
    "pdepth": 60,
    "end_eng": 0.007481170438625933,
    "end_sup": 0.9930411331621772,
    "num_states": 8192
}
