{
    "pdepth": 60,
    "end_eng": 0.006350703891804414,
    "end_sup": 0.9956884468432555,
    "num_states": 32768
}
