{
    "pdepth": 60,
    "end_eng": 0.05905731306916956,
    "end_sup": 0.9431903287036179,
    "num_states": 4096
}
