{
    "pdepth": 60,
    "end_eng": 0.36859478203300244,
    "end_sup": 0.7322797345153934,
    "num_states": 4096
}
