{
    "pdepth": 60,
    "end_eng": 0.021372408196051976,
    "end_sup": 0.9800054250287035,
    "num_states": 8192
}
