{
    "pdepth": 60,
    "end_eng": 0.005879454430982669,
    "end_sup": 0.994737229710483,
    "num_states": 131072
}
