{
    "pdepth": 60,
    "end_eng": 0.008469744961580096,
    "end_sup": 0.9924673329858493,
    "num_states": 32768
}
