{
    "pdepth": 60,
    "end_eng": 0.005805933192418492,
    "end_sup": 0.9963254782624414,
    "num_states": 16384
}
