{
    "pdepth": 60,
    "end_eng": 0.0029532335092741497,
    "end_sup": 0.997168826579451,
    "num_states": 4096
}
