{
    "pdepth": 60,
    "end_eng": 0.006520514902091983,
    "end_sup": 0.9947517525100169,
    "num_states": 16384
}
