{
    "pdepth": 60,
    "end_eng": 0.1800944870315595,
    "end_sup": 0.9335095188286949,
    "num_states": 2048
}
