{
    "pdepth": 60,
    "end_eng": 0.03252815512359272,
    "end_sup": 0.9840473425388518,
    "num_states": 16384
}
