{
    "pdepth": 60,
    "end_eng": 0.029270166364401114,
    "end_sup": 0.9881533923686123,
    "num_states": 16384
}
