{
    "pdepth": 60,
    "end_eng": 0.005336901237983771,
    "end_sup": 0.9954333053682403,
    "num_states": 16384
}
