{
    "pdepth": 60,
    "end_eng": 0.009435141579842526,
    "end_sup": 0.9928211419631379,
    "num_states": 4096
}
