{
    "pdepth": 60,
    "end_eng": 0.006751482352619844,
    "end_sup": 0.9940731615072474,
    "num_states": 4096
}
