{
    "pdepth": 60,
    "end_eng": 0.11879120162535721,
    "end_sup": 0.8934850426836956,
    "num_states": 8192
}
