{
    "pdepth": 60,
    "end_eng": 0.13923795900056996,
    "end_sup": 0.8635432167070823,
    "num_states": 4096
}
