{
    "pdepth": 60,
    "end_eng": 0.006565751747379153,
    "end_sup": 0.9962205653930009,
    "num_states": 8192
}
