{
    "pdepth": 60,
    "end_eng": 0.1902140999957497,
    "end_sup": 0.8122501537854154,
    "num_states": 8192
}
