{
    "pdepth": 60,
    "end_eng": 0.00805010621339558,
    "end_sup": 0.9923101489094495,
    "num_states": 131072
}
