{
    "pdepth": 60,
    "end_eng": 0.08452839932954537,
    "end_sup": 0.9204734865246942,
    "num_states": 2048
}
