{
    "pdepth": 60,
    "end_eng": 0.0067653365038930005,
    "end_sup": 0.9954057741122996,
    "num_states": 8192
}
