{
    "pdepth": 60,
    "end_eng": 0.049704684389452906,
    "end_sup": 0.9529729248987198,
    "num_states": 8192
}
