{
    "pdepth": 60,
    "end_eng": 0.2962066885940452,
    "end_sup": 0.7076678725184942,
    "num_states": 16384
}
