{
    "pdepth": 60,
    "end_eng": 0.005459186166417856,
    "end_sup": 0.9961208745870277,
    "num_states": 16384
}
