{
    "pdepth": 60,
    "end_eng": 0.0035198498609216814,
    "end_sup": 0.9967805709325386,
    "num_states": 16384
}
