{
    "pdepth": 60,
    "end_eng": 0.038207929096288666,
    "end_sup": 0.9829889999425221,
    "num_states": 4096
}
