{
    "pdepth": 60,
    "end_eng": 0.024993232042510777,
    "end_sup": 0.9774541492077164,
    "num_states": 4096
}
