{
    "pdepth": 60,
    "end_eng": 0.14840255576268718,
    "end_sup": 0.8552260484765155,
    "num_states": 1024
}
