{
    "pdepth": 60,
    "end_eng": 0.02084445055356652,
    "end_sup": 0.9925430722807866,
    "num_states": 16384
}
