{
    "pdepth": 60,
    "end_eng": 0.07895959300886482,
    "end_sup": 0.9357149685103725,
    "num_states": 8192
}
