{
    "pdepth": 60,
    "end_eng": 0.009095391004466182,
    "end_sup": 0.9946071932377689,
    "num_states": 8192
}
