{
    "pdepth": 60,
    "end_eng": 0.020486630676320804,
    "end_sup": 0.9815503561759852,
    "num_states": 8192
}
