{
    "pdepth": 60,
    "end_eng": 0.21355935543363458,
    "end_sup": 0.7898974665536842,
    "num_states": 8192
}
