{
    "pdepth": 60,
    "end_eng": 0.00740200043627872,
    "end_sup": 0.9948396513038318,
    "num_states": 16384
}
