{
    "pdepth": 60,
    "end_eng": 0.005659102837610898,
    "end_sup": 0.9956366107385355,
    "num_states": 65536
}
