{
    "pdepth": 60,
    "end_eng": 0.0170645159106547,
    "end_sup": 0.9851393297133818,
    "num_states": 8192
}
