{
    "pdepth": 60,
    "end_eng": 0.01906080830019254,
    "end_sup": 0.9940601775228691,
    "num_states": 16384
}
