{
    "pdepth": 60,
    "end_eng": 0.08005007013535405,
    "end_sup": 0.9358857071462297,
    "num_states": 16384
}
