{
    "pdepth": 60,
    "end_eng": 0.2544899257820472,
    "end_sup": 0.8729244363342842,
    "num_states": 2048
}
