{
    "pdepth": 60,
    "end_eng": 0.015842369520231443,
    "end_sup": 0.9851169067187168,
    "num_states": 16384
}
