{
    "pdepth": 60,
    "end_eng": 0.15117412898617355,
    "end_sup": 0.9441000691708659,
    "num_states": 4096
}
