{
    "pdepth": 60,
    "end_eng": 0.006370261401139575,
    "end_sup": 0.9959095613617244,
    "num_states": 2048
}
