{
    "pdepth": 60,
    "end_eng": 0.21777941578896082,
    "end_sup": 0.7865651360492714,
    "num_states": 4096
}
