{
    "pdepth": 60,
    "end_eng": 0.006854024438208351,
    "end_sup": 0.9958068909757415,
    "num_states": 8192
}
