{
    "pdepth": 60,
    "end_eng": 0.024379290239794092,
    "end_sup": 0.9799866118492556,
    "num_states": 4096
}
