{
    "pdepth": 60,
    "end_eng": 0.13982566406872127,
    "end_sup": 0.9020038164579725,
    "num_states": 1024
}
