{
    "pdepth": 60,
    "end_eng": 0.0071833500324011215,
    "end_sup": 0.9958602372184502,
    "num_states": 16384
}
