{
    "pdepth": 60,
    "end_eng": 0.006195608849548888,
    "end_sup": 0.9968619999681042,
    "num_states": 8192
}
