{
    "pdepth": 60,
    "end_eng": 0.008339896255663276,
    "end_sup": 0.9931276046033276,
    "num_states": 8192
}
