{
    "pdepth": 60,
    "end_eng": 0.01638008524473528,
    "end_sup": 0.9872301806232088,
    "num_states": 8192
}
