{
    "pdepth": 60,
    "end_eng": 0.005387244343943663,
    "end_sup": 0.995492525014084,
    "num_states": 16384
}
