{
    "pdepth": 60,
    "end_eng": 0.0045679557090826,
    "end_sup": 0.9958869378387201,
    "num_states": 8192
}
