{
    "pdepth": 60,
    "end_eng": 0.008433290295870047,
    "end_sup": 0.9936774533222663,
    "num_states": 8192
}
