{
    "pdepth": 60,
    "end_eng": 0.00947673504313993,
    "end_sup": 0.9938059336333799,
    "num_states": 8192
}
