{
    "pdepth": 60,
    "end_eng": 0.022178397998801953,
    "end_sup": 0.9792144957307771,
    "num_states": 32768
}
