{
    "pdepth": 60,
    "end_eng": 0.2728409227965448,
    "end_sup": 0.7300590776904371,
    "num_states": 4096
}
