{
    "pdepth": 60,
    "end_eng": 0.00785348597524863,
    "end_sup": 0.9947760892440672,
    "num_states": 16384
}
