{
    "pdepth": 60,
    "end_eng": 0.006486840464153874,
    "end_sup": 0.9957481356861485,
    "num_states": 16384
}
