{
    "pdepth": 60,
    "end_eng": 0.06050484936398333,
    "end_sup": 0.9415280072876068,
    "num_states": 4096
}
