{
    "pdepth": 60,
    "end_eng": 0.02061313418375106,
    "end_sup": 0.981652908526131,
    "num_states": 2048
}
