{
    "pdepth": 60,
    "end_eng": 0.09464285578863202,
    "end_sup": 0.9088140139731439,
    "num_states": 2048
}
