{
    "pdepth": 60,
    "end_eng": 0.04754320815613641,
    "end_sup": 0.9553288524426801,
    "num_states": 8192
}
