{
    "pdepth": 60,
    "end_eng": 0.006787544498992352,
    "end_sup": 0.9933561935896742,
    "num_states": 32768
}
