{
    "pdepth": 60,
    "end_eng": 0.18085251766691027,
    "end_sup": 0.83357549578234,
    "num_states": 8192
}
