{
    "pdepth": 60,
    "end_eng": 0.008055253992528804,
    "end_sup": 0.9929869447642903,
    "num_states": 16384
}
