{
    "pdepth": 60,
    "end_eng": 0.018320296416068006,
    "end_sup": 0.9849867818076273,
    "num_states": 8192
}
