{
    "pdepth": 60,
    "end_eng": 0.014068211893940096,
    "end_sup": 0.9864730175103625,
    "num_states": 32768
}
