{
    "pdepth": 60,
    "end_eng": 0.02461196577109737,
    "end_sup": 0.9914380038433391,
    "num_states": 16384
}
