{
    "pdepth": 60,
    "end_eng": 0.2889202360270812,
    "end_sup": 0.7255894019416821,
    "num_states": 2048
}
