{
    "pdepth": 60,
    "end_eng": 0.39266333044050783,
    "end_sup": 0.6214089014526369,
    "num_states": 2048
}
