{
    "pdepth": 60,
    "end_eng": 0.008628117724728582,
    "end_sup": 0.9938785659584748,
    "num_states": 8192
}
