{
    "pdepth": 60,
    "end_eng": 0.12522793060663737,
    "end_sup": 0.9713604512219525,
    "num_states": 4096
}
