{
    "pdepth": 60,
    "end_eng": 0.19374526125531705,
    "end_sup": 0.8095875883585834,
    "num_states": 2048
}
