{
    "pdepth": 60,
    "end_eng": 0.0072779488235093,
    "end_sup": 0.9964809439587785,
    "num_states": 8192
}
