{
    "pdepth": 14,
    "end_eng": 0.18066214136605285,
    "end_sup": 0.8545640154202695,
    "num_states": 16384
}
