{
    "pdepth": 14,
    "end_eng": 0.10347296815964496,
    "end_sup": 0.9073849742481039,
    "num_states": 16384
}
