{
    "pdepth": 14,
    "end_eng": 0.29529375237237954,
    "end_sup": 0.7393759420549999,
    "num_states": 8192
}
