{
    "pdepth": 14,
    "end_eng": 0.16131723254835628,
    "end_sup": 0.8737617731784333,
    "num_states": 32768
}
