{
    "pdepth": 14,
    "end_eng": 0.12100205509371394,
    "end_sup": 0.9202995935023595,
    "num_states": 8192
}
