{
    "pdepth": 14,
    "end_eng": 0.2665658541897794,
    "end_sup": 0.7899605851952111,
    "num_states": 8192
}
