{
    "pdepth": 14,
    "end_eng": 0.1395277650760402,
    "end_sup": 0.8774061584643953,
    "num_states": 32768
}
