{
    "pdepth": 14,
    "end_eng": 0.4383441129985196,
    "end_sup": 0.6066247981907553,
    "num_states": 16384
}
