{
    "pdepth": 14,
    "end_eng": 0.3142892941878898,
    "end_sup": 0.7213295728656908,
    "num_states": 8192
}
