{
    "pdepth": 14,
    "end_eng": 0.34040386043424736,
    "end_sup": 0.710056050017255,
    "num_states": 16384
}
