{
    "pdepth": 14,
    "end_eng": 0.35344676905827943,
    "end_sup": 0.7056317007237349,
    "num_states": 32768
}
