{
    "pdepth": 14,
    "end_eng": 0.3078834137719618,
    "end_sup": 0.7588499588848682,
    "num_states": 4096
}
