{
    "pdepth": 14,
    "end_eng": 0.20244688998060684,
    "end_sup": 0.8251697535793473,
    "num_states": 4096
}
