{
    "pdepth": 14,
    "end_eng": 0.7548621396552955,
    "end_sup": 0.34771720513089754,
    "num_states": 4096
}
