{
    "pdepth": 14,
    "end_eng": 0.1602282933410924,
    "end_sup": 0.8667545290114401,
    "num_states": 2048
}
