{
    "pdepth": 14,
    "end_eng": 0.28347923652730045,
    "end_sup": 0.7595022938759924,
    "num_states": 32768
}
