{
    "pdepth": 14,
    "end_eng": 0.3561203653304437,
    "end_sup": 0.6863699277125261,
    "num_states": 8192
}
