{
    "pdepth": 14,
    "end_eng": 0.6191887891554648,
    "end_sup": 0.45325692931698874,
    "num_states": 4096
}
