{
    "pdepth": 14,
    "end_eng": 0.357719073345688,
    "end_sup": 0.7788629124090253,
    "num_states": 1024
}
