{
    "pdepth": 14,
    "end_eng": 0.17493027273534462,
    "end_sup": 0.8555199907730364,
    "num_states": 8192
}
