{
    "pdepth": 14,
    "end_eng": 0.16616302431153776,
    "end_sup": 0.8627173593032553,
    "num_states": 8192
}
