{
    "pdepth": 14,
    "end_eng": 0.1369541666249221,
    "end_sup": 0.8907234991627294,
    "num_states": 16384
}
