{
    "pdepth": 14,
    "end_eng": 0.2490644316580835,
    "end_sup": 0.7998044934089934,
    "num_states": 4096
}
