{
    "pdepth": 14,
    "end_eng": 0.7511253325979943,
    "end_sup": 0.36044656986794177,
    "num_states": 4096
}
