{
    "pdepth": 14,
    "end_eng": 0.15314704435971044,
    "end_sup": 0.8739190869714997,
    "num_states": 32768
}
