{
    "pdepth": 14,
    "end_eng": 0.13442761384219162,
    "end_sup": 0.8882512204036375,
    "num_states": 4096
}
