{
    "pdepth": 14,
    "end_eng": 0.15226903942920844,
    "end_sup": 0.8739048878465087,
    "num_states": 32768
}
