{
    "pdepth": 14,
    "end_eng": 0.16838551047497682,
    "end_sup": 0.8645014534800689,
    "num_states": 16384
}
