{
    "pdepth": 14,
    "end_eng": 0.3371427973065739,
    "end_sup": 0.7154158806604061,
    "num_states": 16384
}
