{
    "pdepth": 14,
    "end_eng": 0.1063158421121452,
    "end_sup": 0.9216546373180411,
    "num_states": 8192
}
