{
    "pdepth": 14,
    "end_eng": 0.15563064404375737,
    "end_sup": 0.8748336688214542,
    "num_states": 8192
}
