{
    "pdepth": 14,
    "end_eng": 0.15964637649309465,
    "end_sup": 0.8852556104522427,
    "num_states": 8192
}
