{
    "pdepth": 14,
    "end_eng": 0.2846217294773765,
    "end_sup": 0.8425232955507205,
    "num_states": 4096
}
