{
    "pdepth": 14,
    "end_eng": 0.28602408274611635,
    "end_sup": 0.8355701953105626,
    "num_states": 4096
}
