{
    "pdepth": 14,
    "end_eng": 0.14497403658991814,
    "end_sup": 0.8709754860469505,
    "num_states": 32768
}
