{
    "pdepth": 14,
    "end_eng": 0.2864847296567377,
    "end_sup": 0.7411399744051705,
    "num_states": 32768
}
