{
    "pdepth": 14,
    "end_eng": 0.3269045919722373,
    "end_sup": 0.7311340141448379,
    "num_states": 8192
}
