{
    "pdepth": 14,
    "end_eng": 0.5466211615487682,
    "end_sup": 0.5389635002226552,
    "num_states": 1024
}
