{
    "pdepth": 14,
    "end_eng": 0.1524330802983056,
    "end_sup": 0.8736352399188534,
    "num_states": 65536
}
