{
    "pdepth": 14,
    "end_eng": 0.16957870253296703,
    "end_sup": 0.8501222954396143,
    "num_states": 32768
}
