{
    "pdepth": 14,
    "end_eng": 0.4078402895524655,
    "end_sup": 0.6473782670973008,
    "num_states": 4096
}
