{
    "pdepth": 14,
    "end_eng": 0.278678507555134,
    "end_sup": 0.7799118791193032,
    "num_states": 8192
}
