{
    "pdepth": 14,
    "end_eng": 0.20573783799160125,
    "end_sup": 0.886195574756443,
    "num_states": 65536
}
