{
    "pdepth": 14,
    "end_eng": 0.10856436018107998,
    "end_sup": 0.9078477990423371,
    "num_states": 8192
}
