{
    "pdepth": 14,
    "end_eng": 0.13356970393635031,
    "end_sup": 0.8870477222979795,
    "num_states": 32768
}
