{
    "pdepth": 14,
    "end_eng": 0.17118000794912963,
    "end_sup": 0.8721495568761093,
    "num_states": 8192
}
