{
    "pdepth": 14,
    "end_eng": 0.7665819442292834,
    "end_sup": 0.3477934397674591,
    "num_states": 2048
}
