{
    "pdepth": 14,
    "end_eng": 0.2885724338420903,
    "end_sup": 0.829917369995127,
    "num_states": 8192
}
