{
    "pdepth": 14,
    "end_eng": 0.5420009280877583,
    "end_sup": 0.5507834041466344,
    "num_states": 8192
}
