{
    "pdepth": 14,
    "end_eng": 0.16258741690907033,
    "end_sup": 0.8548987593899335,
    "num_states": 4096
}
