{
    "pdepth": 14,
    "end_eng": 0.19192000647867996,
    "end_sup": 0.8243645510993115,
    "num_states": 32768
}
