{
    "pdepth": 14,
    "end_eng": 0.3489800858971205,
    "end_sup": 0.7149404643177606,
    "num_states": 8192
}
