{
    "pdepth": 14,
    "end_eng": 0.2389867430394992,
    "end_sup": 0.8173511567056748,
    "num_states": 2048
}
