{
    "pdepth": 14,
    "end_eng": 0.22725186003736103,
    "end_sup": 0.8244345168573581,
    "num_states": 8192
}
