{
    "pdepth": 14,
    "end_eng": 0.4634466664234534,
    "end_sup": 0.6029613434127683,
    "num_states": 4096
}
