{
    "pdepth": 14,
    "end_eng": 0.1287053517599038,
    "end_sup": 0.9093995943867244,
    "num_states": 4096
}
