{
    "pdepth": 14,
    "end_eng": 0.2506796432763755,
    "end_sup": 0.7810455571706962,
    "num_states": 4096
}
