{
    "pdepth": 14,
    "end_eng": 0.12377876407146322,
    "end_sup": 0.9061866007826699,
    "num_states": 8192
}
