{
    "pdepth": 14,
    "end_eng": 0.250075897547473,
    "end_sup": 0.7852311793488475,
    "num_states": 8192
}
