{
    "pdepth": 14,
    "end_eng": 0.48539934604708573,
    "end_sup": 0.5842916678369261,
    "num_states": 8192
}
