{
    "pdepth": 14,
    "end_eng": 0.40009418871031543,
    "end_sup": 0.6804518857941719,
    "num_states": 2048
}
