{
    "pdepth": 14,
    "end_eng": 0.13203618018325458,
    "end_sup": 0.8962746768111035,
    "num_states": 16384
}
