{
    "pdepth": 14,
    "end_eng": 0.30858791945093106,
    "end_sup": 0.7406189382118895,
    "num_states": 4096
}
