{
    "pdepth": 14,
    "end_eng": 0.8774494512524298,
    "end_sup": 0.20645112907397822,
    "num_states": 2048
}
