{
    "pdepth": 14,
    "end_eng": 0.5540780593866014,
    "end_sup": 0.5418660727979172,
    "num_states": 1024
}
