{
    "pdepth": 14,
    "end_eng": 0.12568817313165304,
    "end_sup": 0.8827465407381067,
    "num_states": 32768
}
