{
    "pdepth": 14,
    "end_eng": 0.37845327061060874,
    "end_sup": 0.7409957768711648,
    "num_states": 8192
}
