{
    "pdepth": 14,
    "end_eng": 0.7384220100082026,
    "end_sup": 0.3713930051048325,
    "num_states": 4096
}
