{
    "pdepth": 14,
    "end_eng": 0.20762203318623607,
    "end_sup": 0.8223111804739216,
    "num_states": 32768
}
