{
    "pdepth": 14,
    "end_eng": 0.2085396442524802,
    "end_sup": 0.8266068054724955,
    "num_states": 8192
}
