{
    "pdepth": 14,
    "end_eng": 0.3532406673989352,
    "end_sup": 0.7076717085998847,
    "num_states": 2048
}
