{
    "pdepth": 14,
    "end_eng": 0.14356012525280512,
    "end_sup": 0.8834837140724322,
    "num_states": 32768
}
