{
    "pdepth": 14,
    "end_eng": 0.09861382374190306,
    "end_sup": 0.9300770394319919,
    "num_states": 8192
}
