{
    "pdepth": 14,
    "end_eng": 0.18881279049709557,
    "end_sup": 0.8445850186574921,
    "num_states": 16384
}
