{
    "pdepth": 14,
    "end_eng": 0.35178743861863404,
    "end_sup": 0.7427464639634053,
    "num_states": 8192
}
