{
    "pdepth": 14,
    "end_eng": 0.5351367423616379,
    "end_sup": 0.5303127707622717,
    "num_states": 8192
}
