{
    "pdepth": 14,
    "end_eng": 0.416811741707407,
    "end_sup": 0.6388708049879508,
    "num_states": 16384
}
