{
    "pdepth": 14,
    "end_eng": 0.45425367980093123,
    "end_sup": 0.7363293867337194,
    "num_states": 4096
}
