{
    "pdepth": 14,
    "end_eng": 0.2720821256642089,
    "end_sup": 0.8371166305016366,
    "num_states": 16384
}
