{
    "pdepth": 14,
    "end_eng": 0.2288604746545417,
    "end_sup": 0.8216129285426933,
    "num_states": 16384
}
