{
    "pdepth": 14,
    "end_eng": 0.21670715614779784,
    "end_sup": 0.8328874476588977,
    "num_states": 8192
}
