{
    "pdepth": 14,
    "end_eng": 0.14450019807447495,
    "end_sup": 0.898914381026439,
    "num_states": 16384
}
