{
    "pdepth": 14,
    "end_eng": 0.4037971317192116,
    "end_sup": 0.6751773181018844,
    "num_states": 2048
}
