{
    "pdepth": 14,
    "end_eng": 0.23149607070982736,
    "end_sup": 0.8793616673442535,
    "num_states": 16384
}
