{
    "pdepth": 14,
    "end_eng": 0.16737250726367803,
    "end_sup": 0.8775088759920786,
    "num_states": 8192
}
