{
    "pdepth": 14,
    "end_eng": 0.5467889470207179,
    "end_sup": 0.5655151997159701,
    "num_states": 4096
}
