{
    "pdepth": 14,
    "end_eng": 0.3612604463358549,
    "end_sup": 0.6999377034028367,
    "num_states": 8192
}
