{
    "pdepth": 14,
    "end_eng": 0.39178261003162795,
    "end_sup": 0.6583029540280232,
    "num_states": 8192
}
