{
    "pdepth": 14,
    "end_eng": 0.29121152342222106,
    "end_sup": 0.7448945103035085,
    "num_states": 8192
}
