{
    "pdepth": 14,
    "end_eng": 0.2406458923106965,
    "end_sup": 0.7800801765796588,
    "num_states": 16384
}
