{
    "pdepth": 14,
    "end_eng": 0.33036265455885816,
    "end_sup": 0.7147851223274931,
    "num_states": 16384
}
