{
    "pdepth": 14,
    "end_eng": 0.4079544676231527,
    "end_sup": 0.6503264835086577,
    "num_states": 32768
}
