{
    "pdepth": 14,
    "end_eng": 0.21578525297945708,
    "end_sup": 0.8300894398645896,
    "num_states": 8192
}
