{
    "pdepth": 14,
    "end_eng": 0.17311075571014434,
    "end_sup": 0.8433706716830621,
    "num_states": 131072
}
