{
    "pdepth": 14,
    "end_eng": 0.22289624248500695,
    "end_sup": 0.8269754261089277,
    "num_states": 16384
}
