{
    "pdepth": 14,
    "end_eng": 0.6177766003430707,
    "end_sup": 0.45843306461429,
    "num_states": 2048
}
