{
    "pdepth": 14,
    "end_eng": 0.5085008184738189,
    "end_sup": 0.5483480719225292,
    "num_states": 8192
}
