{
    "pdepth": 14,
    "end_eng": 0.39601639445364883,
    "end_sup": 0.6487948757539899,
    "num_states": 16384
}
