{
    "pdepth": 14,
    "end_eng": 0.4578907500736812,
    "end_sup": 0.6115247478510611,
    "num_states": 8192
}
