{
    "pdepth": 14,
    "end_eng": 0.6309342916070069,
    "end_sup": 0.4488223021663179,
    "num_states": 8192
}
