{
    "pdepth": 14,
    "end_eng": 0.3990113175595952,
    "end_sup": 0.6427238157646211,
    "num_states": 4096
}
