{
    "pdepth": 14,
    "end_eng": 0.25655240347039077,
    "end_sup": 0.7850436284988824,
    "num_states": 16384
}
