{
    "pdepth": 14,
    "end_eng": 0.4694139838068447,
    "end_sup": 0.5851190178629544,
    "num_states": 8192
}
