{
    "pdepth": 14,
    "end_eng": 0.2108114460018855,
    "end_sup": 0.8146146617504232,
    "num_states": 16384
}
