{
    "pdepth": 14,
    "end_eng": 0.24409275830509952,
    "end_sup": 0.7960443790629,
    "num_states": 4096
}
