{
    "pdepth": 14,
    "end_eng": 0.5341775231945142,
    "end_sup": 0.6750895794237101,
    "num_states": 4096
}
