{
    "pdepth": 14,
    "end_eng": 0.3477040632840881,
    "end_sup": 0.6939449251286369,
    "num_states": 16384
}
