{
    "pdepth": 14,
    "end_eng": 0.3520629726810608,
    "end_sup": 0.707516894713146,
    "num_states": 8192
}
