{
    "pdepth": 14,
    "end_eng": 0.15988050893483974,
    "end_sup": 0.8587741921630315,
    "num_states": 65536
}
