{
    "pdepth": 14,
    "end_eng": 0.24703603428068294,
    "end_sup": 0.7938274896719328,
    "num_states": 16384
}
