{
    "pdepth": 14,
    "end_eng": 0.36405346174528785,
    "end_sup": 0.7536255551159656,
    "num_states": 16384
}
