{
    "pdepth": 14,
    "end_eng": 0.7413896123430586,
    "end_sup": 0.40000700434495245,
    "num_states": 8192
}
