{
    "pdepth": 14,
    "end_eng": 0.27081722933969127,
    "end_sup": 0.7690641344258557,
    "num_states": 16384
}
