{
    "pdepth": 14,
    "end_eng": 0.09627497365516459,
    "end_sup": 0.9104433941875887,
    "num_states": 32768
}
