{
    "pdepth": 14,
    "end_eng": 0.8066012619644664,
    "end_sup": 0.4436639964274415,
    "num_states": 2048
}
