{
    "pdepth": 14,
    "end_eng": 0.11664321511219627,
    "end_sup": 0.9142716943020631,
    "num_states": 16384
}
