{
    "pdepth": 14,
    "end_eng": 0.2253151111000587,
    "end_sup": 0.8814325785057175,
    "num_states": 8192
}
