{
    "pdepth": 14,
    "end_eng": 0.2550605496600016,
    "end_sup": 0.7819730312374535,
    "num_states": 16384
}
