{
    "pdepth": 14,
    "end_eng": 0.1264916991091581,
    "end_sup": 0.9172246512732692,
    "num_states": 8192
}
