{
    "pdepth": 14,
    "end_eng": 0.37867155768941896,
    "end_sup": 0.7253097412349803,
    "num_states": 2048
}
