{
    "pdepth": 14,
    "end_eng": 0.20559730434978152,
    "end_sup": 0.8304375668101409,
    "num_states": 16384
}
