{
    "pdepth": 14,
    "end_eng": 0.7518694623990626,
    "end_sup": 0.32839518224999,
    "num_states": 4096
}
