{
    "pdepth": 14,
    "end_eng": 0.2864847296567369,
    "end_sup": 0.7411399744051709,
    "num_states": 32768
}
