{
    "pdepth": 14,
    "end_eng": 0.10721144104379264,
    "end_sup": 0.9076702857009632,
    "num_states": 8192
}
