{
    "pdepth": 14,
    "end_eng": 0.5531190593629424,
    "end_sup": 0.6139021384647029,
    "num_states": 2048
}
