{
    "pdepth": 14,
    "end_eng": 0.2380698387478465,
    "end_sup": 0.8063286620866545,
    "num_states": 16384
}
