{
    "pdepth": 14,
    "end_eng": 0.1457370296745587,
    "end_sup": 0.8648718527960466,
    "num_states": 65536
}
