{
    "pdepth": 14,
    "end_eng": 0.23480682621986662,
    "end_sup": 0.8021277947174472,
    "num_states": 8192
}
