{
    "pdepth": 14,
    "end_eng": 0.5258240206266539,
    "end_sup": 0.5475861024357279,
    "num_states": 8192
}
