{
    "pdepth": 14,
    "end_eng": 0.5969218308302969,
    "end_sup": 0.5304132085576725,
    "num_states": 8192
}
