{
    "pdepth": 14,
    "end_eng": 0.13107359764560883,
    "end_sup": 0.883843595772031,
    "num_states": 8192
}
