{
    "pdepth": 14,
    "end_eng": 0.4517786578124557,
    "end_sup": 0.609374349096274,
    "num_states": 32768
}
