{
    "pdepth": 14,
    "end_eng": 0.13039988395729998,
    "end_sup": 0.8881073476236424,
    "num_states": 16384
}
