{
    "pdepth": 14,
    "end_eng": 0.23179753713552712,
    "end_sup": 0.8304405714751663,
    "num_states": 8192
}
