{
    "pdepth": 14,
    "end_eng": 0.23647890071488709,
    "end_sup": 0.792967746541787,
    "num_states": 8192
}
