{
    "pdepth": 14,
    "end_eng": 0.2844516803688738,
    "end_sup": 0.7456386661480352,
    "num_states": 32768
}
