{
    "pdepth": 14,
    "end_eng": 0.6308339508982052,
    "end_sup": 0.43526834344732707,
    "num_states": 2048
}
