{
    "pdepth": 14,
    "end_eng": 0.3067580374309727,
    "end_sup": 0.7301016808640981,
    "num_states": 16384
}
