{
    "pdepth": 14,
    "end_eng": 0.3017942860676533,
    "end_sup": 0.7403582219531906,
    "num_states": 65536
}
