{
    "pdepth": 14,
    "end_eng": 0.6675625425827452,
    "end_sup": 0.43618588267730873,
    "num_states": 8192
}
