{
    "pdepth": 14,
    "end_eng": 0.13455286626845298,
    "end_sup": 0.8806284406202907,
    "num_states": 8192
}
