{
    "pdepth": 14,
    "end_eng": 0.3175819326461225,
    "end_sup": 0.7161809984187081,
    "num_states": 32768
}
