{
    "pdepth": 14,
    "end_eng": 0.8365531923253045,
    "end_sup": 0.29104395584611636,
    "num_states": 16384
}
