{
    "pdepth": 14,
    "end_eng": 0.3605027543180457,
    "end_sup": 0.7457087351461839,
    "num_states": 8192
}
