{
    "pdepth": 14,
    "end_eng": 0.40230524707167736,
    "end_sup": 0.6798515719148503,
    "num_states": 8192
}
