{
    "pdepth": 14,
    "end_eng": 0.334207503797158,
    "end_sup": 0.7140399595310389,
    "num_states": 16384
}
