{
    "pdepth": 14,
    "end_eng": 0.2368119994052879,
    "end_sup": 0.8111695122920075,
    "num_states": 8192
}
