{
    "pdepth": 14,
    "end_eng": 0.35108523524545254,
    "end_sup": 0.7005971382512636,
    "num_states": 8192
}
