{
    "pdepth": 14,
    "end_eng": 0.11071812085932967,
    "end_sup": 0.9108440716943931,
    "num_states": 32768
}
