{
    "pdepth": 14,
    "end_eng": 0.1488510948154756,
    "end_sup": 0.9040260613931224,
    "num_states": 2048
}
