{
    "pdepth": 14,
    "end_eng": 0.11116213382122396,
    "end_sup": 0.9134766850881362,
    "num_states": 16384
}
