{
    "pdepth": 14,
    "end_eng": 0.10172658037853403,
    "end_sup": 0.9097245427419736,
    "num_states": 16384
}
