{
    "pdepth": 14,
    "end_eng": 0.7659802167374842,
    "end_sup": 0.34737056461097626,
    "num_states": 4096
}
