{
    "pdepth": 14,
    "end_eng": 0.10699877900653945,
    "end_sup": 0.9384482109580724,
    "num_states": 8192
}
