{
    "pdepth": 14,
    "end_eng": 0.2584024928573358,
    "end_sup": 0.7865102148669,
    "num_states": 8192
}
