{
    "pdepth": 14,
    "end_eng": 0.5909084253841428,
    "end_sup": 0.5184783982997673,
    "num_states": 4096
}
