{
    "pdepth": 14,
    "end_eng": 0.4733256345483853,
    "end_sup": 0.6167808360286391,
    "num_states": 1024
}
