{
    "pdepth": 14,
    "end_eng": 0.10881744462468751,
    "end_sup": 0.9040009358513889,
    "num_states": 32768
}
