{
    "pdepth": 14,
    "end_eng": 0.2982256782458026,
    "end_sup": 0.7964807822495357,
    "num_states": 8192
}
