{
    "pdepth": 14,
    "end_eng": 0.25496238287413087,
    "end_sup": 0.8322238689445342,
    "num_states": 32768
}
