{
    "pdepth": 14,
    "end_eng": 0.2051977267915381,
    "end_sup": 0.8933157187891717,
    "num_states": 8192
}
