{
    "pdepth": 14,
    "end_eng": 0.21028728743217973,
    "end_sup": 0.8174191802351463,
    "num_states": 8192
}
