{
    "pdepth": 14,
    "end_eng": 0.18451074831238884,
    "end_sup": 0.8372186616117914,
    "num_states": 262144
}
