{
    "pdepth": 14,
    "end_eng": 0.38042970176743374,
    "end_sup": 0.7309092373063497,
    "num_states": 8192
}
