{
    "pdepth": 14,
    "end_eng": 0.470704086892948,
    "end_sup": 0.5939071014393934,
    "num_states": 4096
}
