{
    "pdepth": 14,
    "end_eng": 0.1415269275816149,
    "end_sup": 0.8809533901525349,
    "num_states": 16384
}
