{
    "pdepth": 14,
    "end_eng": 0.11082837241153343,
    "end_sup": 0.915536044639983,
    "num_states": 4096
}
