{
    "pdepth": 14,
    "end_eng": 0.3563938358424393,
    "end_sup": 0.7189063168485655,
    "num_states": 4096
}
