{
    "pdepth": 14,
    "end_eng": 0.10231227732053254,
    "end_sup": 0.9056571572849131,
    "num_states": 16384
}
