{
    "pdepth": 14,
    "end_eng": 0.22312174570503152,
    "end_sup": 0.8211700517735393,
    "num_states": 8192
}
