{
    "pdepth": 14,
    "end_eng": 0.25412597307493756,
    "end_sup": 0.873884442827624,
    "num_states": 2048
}
