{
    "pdepth": 14,
    "end_eng": 0.3049367271218945,
    "end_sup": 0.7628180402398632,
    "num_states": 8192
}
