{
    "pdepth": 14,
    "end_eng": 0.14411425354437724,
    "end_sup": 0.8845298886685641,
    "num_states": 8192
}
