{
    "pdepth": 14,
    "end_eng": 0.22063607533248897,
    "end_sup": 0.8437584170928325,
    "num_states": 8192
}
