{
    "pdepth": 14,
    "end_eng": 0.10805119761632116,
    "end_sup": 0.8979076647735426,
    "num_states": 65536
}
