{
    "pdepth": 14,
    "end_eng": 0.590393864758763,
    "end_sup": 0.5255629835986946,
    "num_states": 1024
}
