{
    "pdepth": 14,
    "end_eng": 0.5117610181331307,
    "end_sup": 0.5863634300095605,
    "num_states": 32768
}
