{
    "pdepth": 14,
    "end_eng": 0.18125501463909888,
    "end_sup": 0.8512851223768045,
    "num_states": 16384
}
