{
    "pdepth": 14,
    "end_eng": 0.3541594686038363,
    "end_sup": 0.6840705748846752,
    "num_states": 4096
}
