{
    "pdepth": 14,
    "end_eng": 0.47123735438550646,
    "end_sup": 0.5804167799976563,
    "num_states": 16384
}
