{
    "pdepth": 14,
    "end_eng": 0.14529621744327503,
    "end_sup": 0.8838553252337786,
    "num_states": 16384
}
