{
    "pdepth": 14,
    "end_eng": 0.11230423599811964,
    "end_sup": 0.9237137811858588,
    "num_states": 16384
}
