{
    "pdepth": 14,
    "end_eng": 0.43023529983418346,
    "end_sup": 0.6885505353862412,
    "num_states": 4096
}
