{
    "pdepth": 14,
    "end_eng": 0.35725162043588665,
    "end_sup": 0.7284043024789344,
    "num_states": 4096
}
