{
    "pdepth": 14,
    "end_eng": 0.3852178821945817,
    "end_sup": 0.6769269763294323,
    "num_states": 4096
}
