{
    "pdepth": 14,
    "end_eng": 0.19845271637820555,
    "end_sup": 0.8935245808424713,
    "num_states": 8192
}
