{
    "pdepth": 14,
    "end_eng": 0.14841296409984553,
    "end_sup": 0.8684214196959181,
    "num_states": 16384
}
