{
    "pdepth": 14,
    "end_eng": 0.6813412810651676,
    "end_sup": 0.395045892421928,
    "num_states": 8192
}
