{
    "pdepth": 14,
    "end_eng": 0.10647922136845281,
    "end_sup": 0.9171016212309154,
    "num_states": 16384
}
