{
    "pdepth": 14,
    "end_eng": 0.0871470712568843,
    "end_sup": 0.9201383214109744,
    "num_states": 8192
}
