{
    "pdepth": 14,
    "end_eng": 0.16733712520422866,
    "end_sup": 0.8668568509583005,
    "num_states": 16384
}
