{
    "pdepth": 14,
    "end_eng": 0.23871081770664465,
    "end_sup": 0.7811551555815419,
    "num_states": 16384
}
