{
    "pdepth": 14,
    "end_eng": 0.2653118357983404,
    "end_sup": 0.7905487790413827,
    "num_states": 8192
}
