{
    "pdepth": 14,
    "end_eng": 0.3177333950055279,
    "end_sup": 0.724311779339954,
    "num_states": 1024
}
