{
    "pdepth": 14,
    "end_eng": 0.5742450134635357,
    "end_sup": 0.5728815314697397,
    "num_states": 2048
}
