{
    "pdepth": 14,
    "end_eng": 0.25286499910124266,
    "end_sup": 0.8472581506214759,
    "num_states": 32768
}
