{
    "pdepth": 14,
    "end_eng": 0.6735907652281041,
    "end_sup": 0.4232624869058193,
    "num_states": 8192
}
