{
    "pdepth": 14,
    "end_eng": 0.21907816950932635,
    "end_sup": 0.8145955667226283,
    "num_states": 8192
}
