{
    "pdepth": 14,
    "end_eng": 0.17628663194637206,
    "end_sup": 0.8616084509921789,
    "num_states": 16384
}
