{
    "pdepth": 14,
    "end_eng": 0.3002169409841682,
    "end_sup": 0.7433646163636977,
    "num_states": 8192
}
