{
    "pdepth": 14,
    "end_eng": 0.03566399333946063,
    "end_sup": 0.96518898486224,
    "num_states": 108
}
