{
    "pdepth": 14,
    "end_eng": 0.06994446308978511,
    "end_sup": 0.9355485725352941,
    "num_states": 72
}
