{
    "pdepth": 14,
    "end_eng": 0.028164313839710957,
    "end_sup": 0.9816928256719614,
    "num_states": 36
}
