{
    "pdepth": 14,
    "end_eng": 0.037917843621311446,
    "end_sup": 0.970045946784666,
    "num_states": 72
}
