{
    "pdepth": 14,
    "end_eng": 0.0050735745831339,
    "end_sup": 0.9949264254168659,
    "num_states": 6
}
