{
    "pdepth": 14,
    "end_eng": 0.007229806689878066,
    "end_sup": 0.9927832348773116,
    "num_states": 54
}
