{
    "pdepth": 14,
    "end_eng": 0.0019932492902335224,
    "end_sup": 0.9980067507097665,
    "num_states": 54
}
