{
    "pdepth": 14,
    "end_eng": 0.06795992154175291,
    "end_sup": 0.9494150146489243,
    "num_states": 144
}
