{
    "pdepth": 14,
    "end_eng": 0.002248915019184926,
    "end_sup": 0.9982423508114249,
    "num_states": 24
}
