{
    "pdepth": 14,
    "end_eng": 0.19402056410110596,
    "end_sup": 0.8144089406258316,
    "num_states": 36
}
