{
    "pdepth": 14,
    "end_eng": 0.011068592562535767,
    "end_sup": 0.9903120235429093,
    "num_states": 36
}
