{
    "pdepth": 14,
    "end_eng": 0.014338705286663473,
    "end_sup": 0.9883590461267355,
    "num_states": 72
}
