{
    "pdepth": 14,
    "end_eng": 0.21828636514059138,
    "end_sup": 0.7838737979464656,
    "num_states": 36
}
