{
    "pdepth": 14,
    "end_eng": 0.039926166402384534,
    "end_sup": 0.9635085442693041,
    "num_states": 108
}
