{
    "pdepth": 14,
    "end_eng": 0.01588076613358906,
    "end_sup": 0.9893533287452206,
    "num_states": 36
}
