{
    "pdepth": 14,
    "end_eng": 0.010948278345185263,
    "end_sup": 0.9897112402979475,
    "num_states": 18
}
