{
    "pdepth": 14,
    "end_eng": 0.042836325720267306,
    "end_sup": 0.9650964653761465,
    "num_states": 144
}
