{
    "pdepth": 14,
    "end_eng": 0.03636335969206607,
    "end_sup": 0.9806158969590495,
    "num_states": 36
}
