{
    "pdepth": 14,
    "end_eng": 0.005466191137267169,
    "end_sup": 0.9948830167309249,
    "num_states": 24
}
