{
    "pdepth": 14,
    "end_eng": 0.02946602031431168,
    "end_sup": 0.9732413412498235,
    "num_states": 72
}
