{
    "pdepth": 14,
    "end_eng": 0.1428610115107324,
    "end_sup": 0.8673716786719488,
    "num_states": 48
}
