{
    "pdepth": 14,
    "end_eng": 0.10348685230925214,
    "end_sup": 0.90552805507948,
    "num_states": 72
}
