{
    "pdepth": 14,
    "end_eng": 0.021642072962534096,
    "end_sup": 0.9802274447104395,
    "num_states": 72
}
