{
    "pdepth": 14,
    "end_eng": 0.009196671733767564,
    "end_sup": 0.9913347801140451,
    "num_states": 36
}
