{
    "pdepth": 14,
    "end_eng": 0.011334985526513363,
    "end_sup": 0.9898542345491531,
    "num_states": 12
}
