{
    "pdepth": 14,
    "end_eng": 0.05354964272804035,
    "end_sup": 0.9641536922230751,
    "num_states": 72
}
