{
    "pdepth": 14,
    "end_eng": 0.1521726883672893,
    "end_sup": 0.8573763746432739,
    "num_states": 24
}
