{
    "pdepth": 14,
    "end_eng": 0.043478098945827125,
    "end_sup": 0.9581374341124385,
    "num_states": 54
}
