{
    "pdepth": 14,
    "end_eng": 0.01944934121686622,
    "end_sup": 0.9820910318649213,
    "num_states": 72
}
