{
    "pdepth": 14,
    "end_eng": 0.13655300106889526,
    "end_sup": 0.8680412131557719,
    "num_states": 36
}
