{
    "pdepth": 14,
    "end_eng": 0.005970487985878419,
    "end_sup": 0.9940340625711649,
    "num_states": 72
}
