{
    "pdepth": 14,
    "end_eng": 0.023560276374871743,
    "end_sup": 0.9830271760733658,
    "num_states": 24
}
