{
    "pdepth": 14,
    "end_eng": 0.019000005869979228,
    "end_sup": 0.9845279969743104,
    "num_states": 48
}
