{
    "pdepth": 14,
    "end_eng": 0.05383292573804608,
    "end_sup": 0.9556947399566549,
    "num_states": 72
}
