{
    "pdepth": 14,
    "end_eng": 0.1013489346345439,
    "end_sup": 0.9011487153251825,
    "num_states": 72
}
