{
    "pdepth": 14,
    "end_eng": 0.009724682699208962,
    "end_sup": 0.9927341045311333,
    "num_states": 18
}
