{
    "pdepth": 14,
    "end_eng": 0.00862400889726724,
    "end_sup": 0.9935055214804392,
    "num_states": 18
}
