{
    "pdepth": 14,
    "end_eng": 0.012627545484747987,
    "end_sup": 0.9909758803216137,
    "num_states": 54
}
