{
    "pdepth": 14,
    "end_eng": 0.005806764242792394,
    "end_sup": 0.9947497542121597,
    "num_states": 18
}
