{
    "pdepth": 14,
    "end_eng": 0.051207576481855394,
    "end_sup": 0.9554069519814763,
    "num_states": 144
}
