{
    "pdepth": 14,
    "end_eng": 0.01934943803152247,
    "end_sup": 0.9826677422197414,
    "num_states": 36
}
