{
    "pdepth": 14,
    "end_eng": 0.03277193985027411,
    "end_sup": 0.9812786464063881,
    "num_states": 54
}
