{
    "pdepth": 14,
    "end_eng": 0.016147087359815723,
    "end_sup": 0.9856385865343216,
    "num_states": 36
}
