{
    "pdepth": 14,
    "end_eng": 0.038389970513084154,
    "end_sup": 0.9727332993111096,
    "num_states": 72
}
