{
    "pdepth": 14,
    "end_eng": 0.06416861025326169,
    "end_sup": 0.937362430524514,
    "num_states": 36
}
