{
    "pdepth": 14,
    "end_eng": 0.054287080708809166,
    "end_sup": 0.9611237764740244,
    "num_states": 36
}
