{
    "pdepth": 14,
    "end_eng": 0.03157190585436685,
    "end_sup": 0.9701632010028056,
    "num_states": 36
}
