{
    "pdepth": 14,
    "end_eng": 0.0008969134027444728,
    "end_sup": 0.9991030865972556,
    "num_states": 24
}
