{
    "pdepth": 14,
    "end_eng": 0.017797465198741372,
    "end_sup": 0.982255480072336,
    "num_states": 72
}
