{
    "pdepth": 14,
    "end_eng": 0.15066289669706762,
    "end_sup": 0.8517077719793467,
    "num_states": 27
}
