{
    "pdepth": 14,
    "end_eng": 0.04753090637719972,
    "end_sup": 0.9537597386832379,
    "num_states": 36
}
