{
    "pdepth": 14,
    "end_eng": 0.11095277949424644,
    "end_sup": 0.8956536638224728,
    "num_states": 144
}
