{
    "pdepth": 14,
    "end_eng": 0.08292525580556966,
    "end_sup": 0.9265441296015274,
    "num_states": 108
}
