{
    "pdepth": 14,
    "end_eng": 0.011383162394711861,
    "end_sup": 0.989816428718408,
    "num_states": 54
}
