{
    "pdepth": 14,
    "end_eng": 0.01433777351433063,
    "end_sup": 0.9867126770081796,
    "num_states": 54
}
