{
    "pdepth": 14,
    "end_eng": 0.07416634365379565,
    "end_sup": 0.9433325495934646,
    "num_states": 144
}
