{
    "pdepth": 14,
    "end_eng": 0.10082900179122611,
    "end_sup": 0.9097915168810665,
    "num_states": 144
}
