{
    "pdepth": 14,
    "end_eng": 0.09224779933821275,
    "end_sup": 0.9137550760780236,
    "num_states": 24
}
