{
    "pdepth": 14,
    "end_eng": 0.01590747232679476,
    "end_sup": 0.984118972515307,
    "num_states": 36
}
