{
    "pdepth": 14,
    "end_eng": 0.017411052991201513,
    "end_sup": 0.9826364742227958,
    "num_states": 36
}
