{
    "pdepth": 14,
    "end_eng": 0.043113002347290395,
    "end_sup": 0.9613003854768596,
    "num_states": 144
}
