{
    "pdepth": 14,
    "end_eng": 0.0959193108795344,
    "end_sup": 0.9116810334129088,
    "num_states": 72
}
