{
    "pdepth": 14,
    "end_eng": 0.05910246131682363,
    "end_sup": 0.9601377257000925,
    "num_states": 72
}
