{
    "pdepth": 14,
    "end_eng": 0.09250604748684965,
    "end_sup": 0.9239544317920805,
    "num_states": 72
}
