{
    "pdepth": 14,
    "end_eng": 0.25219579808156944,
    "end_sup": 0.7597668118037495,
    "num_states": 144
}
