{
    "pdepth": 14,
    "end_eng": 0.040588717124803185,
    "end_sup": 0.9636644375829204,
    "num_states": 108
}
