{
    "pdepth": 14,
    "end_eng": 0.010383699489464823,
    "end_sup": 0.9896237771668732,
    "num_states": 36
}
