{
    "pdepth": 14,
    "end_eng": 0.047339607899226234,
    "end_sup": 0.9592748754091673,
    "num_states": 144
}
