{
    "pdepth": 14,
    "end_eng": 0.015996515830572742,
    "end_sup": 0.984821951582419,
    "num_states": 96
}
