{
    "pdepth": 14,
    "end_eng": 0.01897640202015753,
    "end_sup": 0.9834876205891021,
    "num_states": 72
}
