{
    "pdepth": 14,
    "end_eng": 0.03713025970734896,
    "end_sup": 0.9682744053758207,
    "num_states": 72
}
