{
    "pdepth": 14,
    "end_eng": 0.017411052991201537,
    "end_sup": 0.9826364742227955,
    "num_states": 108
}
