{
    "pdepth": 14,
    "end_eng": 0.05731679839051131,
    "end_sup": 0.961403946966793,
    "num_states": 72
}
