{
    "pdepth": 14,
    "end_eng": 0.09673408338119728,
    "end_sup": 0.9375484168904794,
    "num_states": 18
}
