{
    "pdepth": 14,
    "end_eng": 0.05714867139283275,
    "end_sup": 0.9473602053618767,
    "num_states": 48
}
