{
    "pdepth": 14,
    "end_eng": 0.01326983793824553,
    "end_sup": 0.9873417054473379,
    "num_states": 96
}
