{
    "pdepth": 14,
    "end_eng": 0.015385613884222559,
    "end_sup": 0.9854239489908372,
    "num_states": 48
}
