{
    "pdepth": 14,
    "end_eng": 0.07563335369643234,
    "end_sup": 0.93876616865103,
    "num_states": 72
}
