{
    "pdepth": 14,
    "end_eng": 0.06334450161219324,
    "end_sup": 0.9405685393532927,
    "num_states": 6
}
