{
    "pdepth": 14,
    "end_eng": 0.03005254785778886,
    "end_sup": 0.9722662919709464,
    "num_states": 36
}
