{
    "pdepth": 14,
    "end_eng": 0.020988376727466198,
    "end_sup": 0.9799745275891378,
    "num_states": 108
}
