{
    "pdepth": 14,
    "end_eng": 0.03761730264307018,
    "end_sup": 0.9731722758722373,
    "num_states": 72
}
