{
    "pdepth": 14,
    "end_eng": 0.09121905424492455,
    "end_sup": 0.921327546507274,
    "num_states": 72
}
