{
    "pdepth": 14,
    "end_eng": 0.014918357276221835,
    "end_sup": 0.985094218744714,
    "num_states": 72
}
