{
    "pdepth": 14,
    "end_eng": 0.01427024631690144,
    "end_sup": 0.9863051691702817,
    "num_states": 24
}
