{
    "pdepth": 14,
    "end_eng": 0.20561473554925755,
    "end_sup": 0.8091956104542377,
    "num_states": 48
}
