{
    "pdepth": 14,
    "end_eng": 0.1041696264058334,
    "end_sup": 0.9016350760307438,
    "num_states": 36
}
