{
    "pdepth": 14,
    "end_eng": 0.022076800149821867,
    "end_sup": 0.9796798003589886,
    "num_states": 24
}
