{
    "pdepth": 14,
    "end_eng": 0.12820870476223892,
    "end_sup": 0.8774511045308528,
    "num_states": 18
}
