{
    "pdepth": 14,
    "end_eng": 0.029466020314311798,
    "end_sup": 0.973241341249824,
    "num_states": 72
}
