{
    "pdepth": 14,
    "end_eng": 0.05038990643099688,
    "end_sup": 0.9524525011885643,
    "num_states": 72
}
