{
    "pdepth": 14,
    "end_eng": 0.0804361678694729,
    "end_sup": 0.9218213060581488,
    "num_states": 36
}
