{
    "pdepth": 14,
    "end_eng": 0.09479152316775477,
    "end_sup": 0.9073639657155019,
    "num_states": 36
}
