{
    "pdepth": 14,
    "end_eng": 0.007393224462097056,
    "end_sup": 0.9939606090211925,
    "num_states": 54
}
