{
    "pdepth": 14,
    "end_eng": 0.14999078011704498,
    "end_sup": 0.8648095460147369,
    "num_states": 48
}
