{
    "pdepth": 14,
    "end_eng": 0.0070668238733674225,
    "end_sup": 0.9929432890255696,
    "num_states": 54
}
