{
    "pdepth": 14,
    "end_eng": 0.06581599163662423,
    "end_sup": 0.9503766308820891,
    "num_states": 72
}
