{
    "pdepth": 60,
    "avg_fin_eng": 0.011075868210322541,
    "avg_fin_sup": 0.9900256484537753,
    "num_epochs": 10,
    "num_runs": 50000,
    "epoch_engs": [
        0.021761858878312317,
        0.01854187018430547,
        0.0158955898370488,
        0.013638909425336894,
        0.013777636825116788,
        0.014287559820652378,
        0.012881959464280836,
        0.012764995798165717,
        0.012687632101729917,
        0.011075391925779787
    ],
    "epoch_sups": [
        0.9793838206341655,
        0.9829379800581461,
        0.9852245664844744,
        0.9871567783482805,
        0.9874732709108848,
        0.9872143344275173,
        0.9881288775154015,
        0.9881639160996223,
        0.9888025682704027,
        0.9900262508476217
    ],
    "alphas": [
        0.01636127459045013,
        0.019757726718308735,
        0.03045313081326638,
        0.03521143219739012,
        0.04325219979295119,
        0.05223411218176535,
        0.056944235878604185,
        0.08042187110652636,
        0.09271541623958617,
        0.10229682510020204,
        0.12365463869459997,
        0.1326423162382842,
        0.15022820173317808,
        0.1556686511512227,
        0.1662596105946816,
        0.17490103659586467,
        0.18280315923412177,
        0.19215616390015244,
        0.2098027713128325,
        0.22910778238871704,
        0.22463624214308525,
        0.23781647049815102,
        0.24065459805714212,
        0.2576027556699233,
        0.27080994492135635,
        0.27468029342824385,
        0.2837329750462276,
        0.3079819656927832,
        0.30688302789838534,
        0.31843762361310646,
        0.3223508160108169,
        0.3357823285457913,
        0.3509493371001424,
        0.3598412156510581,
        0.3724399752480035,
        0.3840003166160236,
        0.38381211694808365,
        0.395554818806467,
        0.40740738325510356,
        0.41901807974692246,
        0.43292783464307577,
        0.4399063492018042,
        0.4528610567763659,
        0.4581549814451583,
        0.46909632893839076,
        0.48214464227806647,
        0.490723159217721,
        0.5028827988594883,
        0.5123224798096114,
        0.5233500263218508,
        0.5345432904041911,
        0.5448764515140097,
        0.5549989009413143,
        0.5657222659771824,
        0.576266001821253,
        0.5871441244936082,
        0.5968884889631789,
        0.607535331223797,
        0.6182009801420651,
        0.6288921568747199
    ],
    "betas": [
        0.15519063196236788,
        0.15317247978578563,
        0.15121086789329433,
        0.15058592508266982,
        0.14979134178218984,
        0.1464811429948903,
        0.1427409911525538,
        0.13370139510658005,
        0.1329673369903402,
        0.1263628095885278,
        0.12116492749577416,
        0.11841421113568706,
        0.11227297435255444,
        0.10922078729581806,
        0.105276131733109,
        0.0999294691290251,
        0.10378302942646898,
        0.0943392383602981,
        0.09512514443811247,
        0.09976930707123276,
        0.0930435309642929,
        0.08623939338783336,
        0.08174017469053517,
        0.09422610156991183,
        0.09083523449783922,
        0.08775624088962881,
        0.06330575130879279,
        0.11427644146068881,
        0.0688370095933957,
        0.08239929402093397,
        0.08312191825268966,
        0.07705632749580814,
        0.0993682180397087,
        0.05093643261123101,
        0.0932886812660803,
        0.08438548070367817,
        0.05870192604245582,
        0.08308610114986607,
        0.06876187223620903,
        0.06722367063917489,
        0.06474366374034322,
        0.07530120432903163,
        0.045009113729416086,
        0.06806553680559069,
        0.047692258015143055,
        0.05560318113985025,
        0.0417016093218545,
        0.043594902607080654,
        0.03080706183802351,
        0.019192421755308844,
        0.022255668129806908,
        0.01651950388253246,
        0.0018903561670213717,
        0.018806012802656633,
        -0.012990545119331988,
        0.014432786076139466,
        -0.017564058343699396,
        0.002298915510232008,
        -0.011165206788092463,
        0.003466856571364467
    ]
}
