{
    "pdepth": 14,
    "avg_fin_eng": 0.12571515792276827,
    "avg_fin_sup": 0.8904793290171662,
    "num_epochs": 10,
    "num_runs": 50000,
    "epoch_engs": [
        0.22564194223626907,
        0.21139303866730244,
        0.1971921651682964,
        0.18614782974727095,
        0.17599246630057366,
        0.1718343550651883,
        0.15066056968856395,
        0.13969805683793396,
        0.13858699982625236,
        0.12571515792276827
    ],
    "epoch_sups": [
        0.7960275357798334,
        0.8096046783758928,
        0.8225816656075224,
        0.8293276961709953,
        0.8407511742898275,
        0.850788417756707,
        0.8626206943975706,
        0.8732346078074262,
        0.8803753613111761,
        0.8904793290171663
    ],
    "alphas": [
        0.16868224302246226,
        0.2245630389884021,
        0.26683939531454104,
        0.35308835206996797,
        0.4175735247994646,
        0.43947695421346505,
        0.47921650065247573,
        0.5605112167278137,
        0.5882319022369757,
        0.6154779040145683,
        0.6756273781798285,
        0.7181779077543436,
        0.7254081122460675,
        0.832258988641453
    ],
    "betas": [
        0.2839968391971651,
        0.1962110362247103,
        0.20263024765907117,
        0.20091660750995127,
        0.14561035848021192,
        0.16510014557813546,
        0.11324833717191633,
        0.15987033382853455,
        0.10396733667032614,
        0.11972727428551448,
        0.0729907423686732,
        0.09693316420316316,
        0.0381677807003771,
        0.0639665433381227
    ]
}
