{
    "pdepth": 14,
    "end_eng": 0.05246363381654412,
    "end_sup": 0.9485615169483728,
    "num_states": 9
}
