{
    "pdepth": 14,
    "end_eng": 0.19556359644446852,
    "end_sup": 0.8107664395774105,
    "num_states": 48
}
