{
    "pdepth": 14,
    "end_eng": 0.0072773794975209034,
    "end_sup": 0.9932516096504991,
    "num_states": 18
}
