{
    "pdepth": 14,
    "end_eng": 0.2097297345262113,
    "end_sup": 0.794659899727264,
    "num_states": 36
}
