{
    "pdepth": 14,
    "end_eng": 0.06619454608186519,
    "end_sup": 0.9466875011082603,
    "num_states": 36
}
