{
    "pdepth": 14,
    "end_eng": 0.013890263083681341,
    "end_sup": 0.9861479285088868,
    "num_states": 144
}
