{
    "pdepth": 14,
    "end_eng": 0.010902099469898072,
    "end_sup": 0.9893424389178346,
    "num_states": 27
}
