{
    "pdepth": 14,
    "end_eng": 0.004273136958730426,
    "end_sup": 0.9957326342525142,
    "num_states": 32
}
