{
    "pdepth": 14,
    "end_eng": 0.014795888843875895,
    "end_sup": 0.9866822260631789,
    "num_states": 72
}
