{
    "pdepth": 14,
    "end_eng": 0.11556386605371304,
    "end_sup": 0.8878793074894566,
    "num_states": 18
}
