{
    "pdepth": 14,
    "end_eng": 0.024978897856132522,
    "end_sup": 0.97818165512466,
    "num_states": 72
}
