{
    "pdepth": 14,
    "end_eng": 0.01072514370476757,
    "end_sup": 0.9892810351052084,
    "num_states": 96
}
