{
    "pdepth": 14,
    "end_eng": 0.026413634747041958,
    "end_sup": 0.9765437439901872,
    "num_states": 72
}
