{
    "pdepth": 14,
    "end_eng": 0.01743735984196544,
    "end_sup": 0.9826105362320637,
    "num_states": 108
}
