{
    "pdepth": 14,
    "end_eng": 0.06469703140448994,
    "end_sup": 0.9369307668095671,
    "num_states": 54
}
