{
    "pdepth": 14,
    "end_eng": 0.04753090637719973,
    "end_sup": 0.9537597386832378,
    "num_states": 108
}
