{
    "pdepth": 14,
    "end_eng": 0.030909148517335075,
    "end_sup": 0.9727650099889362,
    "num_states": 72
}
