{
    "pdepth": 14,
    "end_eng": 0.009923061803610642,
    "end_sup": 0.9900840562980299,
    "num_states": 54
}
