{
    "pdepth": 14,
    "end_eng": 0.27840418352888435,
    "end_sup": 0.724100754701443,
    "num_states": 9
}
