{
    "pdepth": 14,
    "end_eng": 0.1580444597945075,
    "end_sup": 0.8572484719755229,
    "num_states": 72
}
