{
    "pdepth": 14,
    "end_eng": 0.01907095434345721,
    "end_sup": 0.9810196360129882,
    "num_states": 216
}
