{
    "pdepth": 14,
    "end_eng": 0.06146797046852497,
    "end_sup": 0.9463747170686658,
    "num_states": 128
}
