{
    "pdepth": 14,
    "end_eng": 0.024320582657831127,
    "end_sup": 0.979092733634519,
    "num_states": 216
}
