{
    "pdepth": 14,
    "end_eng": 0.015187816341551212,
    "end_sup": 0.9848634990183618,
    "num_states": 72
}
