{
    "pdepth": 14,
    "end_eng": 0.058165408810514185,
    "end_sup": 0.9434591676725125,
    "num_states": 36
}
