{
    "pdepth": 14,
    "end_eng": 0.08624171629857515,
    "end_sup": 0.919313205884814,
    "num_states": 144
}
