{
    "pdepth": 14,
    "end_eng": 0.01590747232679473,
    "end_sup": 0.9841189725153071,
    "num_states": 36
}
