{
    "pdepth": 14,
    "end_eng": 0.01265893599189533,
    "end_sup": 0.9879452431192469,
    "num_states": 48
}
