{
    "pdepth": 14,
    "end_eng": 0.008956712585039942,
    "end_sup": 0.9910432874149593,
    "num_states": 162
}
