{
    "pdepth": 14,
    "end_eng": 0.11556386605371291,
    "end_sup": 0.8878793074894571,
    "num_states": 18
}
