{
    "pdepth": 14,
    "end_eng": 0.08725179800999276,
    "end_sup": 0.9251802055546945,
    "num_states": 36
}
