{
    "pdepth": 14,
    "end_eng": 0.028401604075011078,
    "end_sup": 0.9757304354906986,
    "num_states": 72
}
