{
    "pdepth": 14,
    "end_eng": 0.04044603046394423,
    "end_sup": 0.9628628867766432,
    "num_states": 576
}
