{
    "pdepth": 14,
    "end_eng": 0.019562257866478423,
    "end_sup": 0.9812313242504734,
    "num_states": 216
}
