{
    "pdepth": 14,
    "end_eng": 0.01747522923809136,
    "end_sup": 0.9825731978195495,
    "num_states": 108
}
