{
    "pdepth": 14,
    "end_eng": 0.06858495170759911,
    "end_sup": 0.9419145598903722,
    "num_states": 144
}
