{
    "pdepth": 14,
    "end_eng": 0.03758427010476323,
    "end_sup": 0.9669223468482963,
    "num_states": 144
}
