{
    "pdepth": 14,
    "end_eng": 0.15713684454860752,
    "end_sup": 0.8454456954420089,
    "num_states": 36
}
