{
    "pdepth": 14,
    "end_eng": 0.012689374703683878,
    "end_sup": 0.9899837149661475,
    "num_states": 48
}
