{
    "pdepth": 14,
    "end_eng": 0.4022652798272058,
    "end_sup": 0.6108117636064625,
    "num_states": 72
}
