{
    "pdepth": 14,
    "end_eng": 0.024135685631894575,
    "end_sup": 0.9760061306412439,
    "num_states": 432
}
