{
    "pdepth": 14,
    "end_eng": 0.07059116719108274,
    "end_sup": 0.9319977214238843,
    "num_states": 108
}
