{
    "pdepth": 14,
    "end_eng": 0.0026644161291213032,
    "end_sup": 0.9973370519321832,
    "num_states": 6
}
