{
    "pdepth": 14,
    "end_eng": 0.032710200535037225,
    "end_sup": 0.976479601800671,
    "num_states": 72
}
