{
    "pdepth": 14,
    "end_eng": 0.02978474091630988,
    "end_sup": 0.9773204608853209,
    "num_states": 144
}
