{
    "pdepth": 14,
    "end_eng": 0.01456628868832534,
    "end_sup": 0.9866783516897332,
    "num_states": 54
}
