{
    "pdepth": 14,
    "end_eng": 0.01479983154928128,
    "end_sup": 0.985211082569827,
    "num_states": 48
}
