{
    "pdepth": 14,
    "end_eng": 0.030547486351236972,
    "end_sup": 0.9733201820486261,
    "num_states": 144
}
