{
    "pdepth": 14,
    "end_eng": 0.0013104737041584598,
    "end_sup": 0.9989887773358259,
    "num_states": 54
}
