{
    "pdepth": 14,
    "end_eng": 0.01568872582171956,
    "end_sup": 0.9849309626362913,
    "num_states": 108
}
