{
    "pdepth": 14,
    "end_eng": 0.0026644161291212902,
    "end_sup": 0.9973370519321835,
    "num_states": 36
}
