{
    "pdepth": 14,
    "end_eng": 0.049951012972068456,
    "end_sup": 0.9520286212985362,
    "num_states": 288
}
