{
    "pdepth": 14,
    "end_eng": 0.021959086338450107,
    "end_sup": 0.9780574004563538,
    "num_states": 72
}
