{
    "pdepth": 14,
    "end_eng": 0.03987529095953362,
    "end_sup": 0.9694008885038248,
    "num_states": 72
}
