{
    "pdepth": 14,
    "end_eng": 0.028255203301793996,
    "end_sup": 0.9743993075108535,
    "num_states": 18
}
