{
    "pdepth": 14,
    "end_eng": 0.019959685184298855,
    "end_sup": 0.9815641062225762,
    "num_states": 72
}
