{
    "pdepth": 14,
    "end_eng": 0.003284366739553809,
    "end_sup": 0.9968438440132384,
    "num_states": 18
}
