{
    "pdepth": 14,
    "end_eng": 0.045810939364384726,
    "end_sup": 0.9620565898063432,
    "num_states": 72
}
