{
    "pdepth": 14,
    "end_eng": 0.09912846028843735,
    "end_sup": 0.9101413027540448,
    "num_states": 144
}
