{
    "pdepth": 14,
    "end_eng": 0.10009687127326433,
    "end_sup": 0.9064321167747246,
    "num_states": 54
}
