{
    "pdepth": 14,
    "end_eng": 0.05369430161789573,
    "end_sup": 0.9475028772005899,
    "num_states": 9
}
