{
    "pdepth": 14,
    "end_eng": 0.012607491434194916,
    "end_sup": 0.9882530925194764,
    "num_states": 54
}
