{
    "pdepth": 14,
    "end_eng": 0.016694790797080437,
    "end_sup": 0.9860093703968621,
    "num_states": 108
}
