{
    "pdepth": 14,
    "end_eng": 0.0015567753516077846,
    "end_sup": 0.9984438305357659,
    "num_states": 12
}
