{
    "pdepth": 14,
    "end_eng": 0.024823201752540703,
    "end_sup": 0.9775306009085505,
    "num_states": 72
}
