{
    "pdepth": 14,
    "end_eng": 0.03983677121365106,
    "end_sup": 0.9617560545468441,
    "num_states": 216
}
