{
    "pdepth": 14,
    "end_eng": 0.00585196225893784,
    "end_sup": 0.9941519869489902,
    "num_states": 12
}
