{
    "pdepth": 14,
    "end_eng": 0.017797465198741383,
    "end_sup": 0.9822554800723358,
    "num_states": 216
}
