{
    "pdepth": 14,
    "end_eng": 0.0537094869436484,
    "end_sup": 0.9659519325958107,
    "num_states": 288
}
