{
    "pdepth": 14,
    "end_eng": 0.01669479079708041,
    "end_sup": 0.986009370396863,
    "num_states": 108
}
