{
    "pdepth": 14,
    "end_eng": 0.01691808228710064,
    "end_sup": 0.9839699757405145,
    "num_states": 108
}
