{
    "pdepth": 14,
    "end_eng": 0.03851336941753358,
    "end_sup": 0.9687057441235525,
    "num_states": 36
}
