{
    "pdepth": 14,
    "end_eng": 0.05508321799406407,
    "end_sup": 0.9532681667251235,
    "num_states": 18
}
