{
    "pdepth": 14,
    "end_eng": 0.024864027318965264,
    "end_sup": 0.9787355713985725,
    "num_states": 108
}
