{
    "pdepth": 14,
    "end_eng": 0.00962798358420187,
    "end_sup": 0.9903980478457172,
    "num_states": 72
}
