{
    "pdepth": 14,
    "end_eng": 0.0164015928381362,
    "end_sup": 0.9843146262645183,
    "num_states": 216
}
