{
    "pdepth": 14,
    "end_eng": 0.001547589240254728,
    "end_sup": 0.9987998533185436,
    "num_states": 18
}
