{
    "pdepth": 14,
    "end_eng": 0.1640369115053824,
    "end_sup": 0.8435470904194053,
    "num_states": 36
}
