{
    "pdepth": 14,
    "end_eng": 0.014736966759324304,
    "end_sup": 0.9858026770502819,
    "num_states": 54
}
