{
    "pdepth": 14,
    "end_eng": 0.06760216538895586,
    "end_sup": 0.9385625659513839,
    "num_states": 54
}
