{
    "pdepth": 14,
    "end_eng": 0.003494749282926526,
    "end_sup": 0.9965083040352117,
    "num_states": 96
}
