{
    "pdepth": 14,
    "end_eng": 0.07298426878083217,
    "end_sup": 0.9365121045021476,
    "num_states": 48
}
