{
    "pdepth": 14,
    "end_eng": 0.021180698662646172,
    "end_sup": 0.9788193013373546,
    "num_states": 54
}
