{
    "pdepth": 14,
    "end_eng": 0.02183669648828321,
    "end_sup": 0.9797860300674407,
    "num_states": 96
}
