{
    "pdepth": 14,
    "end_eng": 0.0008969134027444622,
    "end_sup": 0.999103086597256,
    "num_states": 36
}
