{
    "pdepth": 14,
    "end_eng": 0.0071919372937521205,
    "end_sup": 0.9928209612777904,
    "num_states": 54
}
