{
    "pdepth": 14,
    "end_eng": 0.037915724512957105,
    "end_sup": 0.9635264281652361,
    "num_states": 54
}
