{
    "pdepth": 14,
    "end_eng": 0.08857799775314713,
    "end_sup": 0.9133321697547971,
    "num_states": 54
}
