{
    "pdepth": 14,
    "end_eng": 0.026715885988246826,
    "end_sup": 0.975808530325273,
    "num_states": 18
}
