{
    "pdepth": 14,
    "end_eng": 0.009983637141723404,
    "end_sup": 0.9905118403540031,
    "num_states": 36
}
