{
    "pdepth": 14,
    "end_eng": 0.30066561579367423,
    "end_sup": 0.7054685405917861,
    "num_states": 48
}
