{
    "pdepth": 14,
    "end_eng": 0.011887818141957725,
    "end_sup": 0.9908051016133885,
    "num_states": 36
}
