{
    "pdepth": 14,
    "end_eng": 0.20390704517524788,
    "end_sup": 0.8075544873232061,
    "num_states": 72
}
