{
    "pdepth": 14,
    "end_eng": 0.01718647156071696,
    "end_sup": 0.9909345287549131,
    "num_states": 18
}
