{
    "pdepth": 14,
    "end_eng": 0.014035785734000565,
    "end_sup": 0.9879819428764869,
    "num_states": 54
}
