{
    "pdepth": 14,
    "end_eng": 0.024296417592430508,
    "end_sup": 0.9771515860893075,
    "num_states": 216
}
