{
    "pdepth": 14,
    "end_eng": 0.02269559479932046,
    "end_sup": 0.9851206562431443,
    "num_states": 162
}
