{
    "pdepth": 14,
    "end_eng": 0.10670944680456988,
    "end_sup": 0.9119773052340249,
    "num_states": 96
}
