{
    "pdepth": 14,
    "end_eng": 0.334366989804308,
    "end_sup": 0.7024847540336392,
    "num_states": 54
}
