{
    "pdepth": 14,
    "end_eng": 0.031789460571380795,
    "end_sup": 0.9708576929678095,
    "num_states": 108
}
