{
    "pdepth": 14,
    "end_eng": 0.05696549813413729,
    "end_sup": 0.9495763639800071,
    "num_states": 432
}
