{
    "pdepth": 14,
    "end_eng": 0.04010603304289664,
    "end_sup": 0.9791469725484893,
    "num_states": 324
}
