{
    "pdepth": 14,
    "end_eng": 0.0662228722027815,
    "end_sup": 0.94813967454234,
    "num_states": 864
}
