{
    "pdepth": 14,
    "end_eng": 0.04159762925691424,
    "end_sup": 0.9634126474711908,
    "num_states": 216
}
