{
    "pdepth": 14,
    "end_eng": 0.033468452969144545,
    "end_sup": 0.969652806590666,
    "num_states": 1536
}
