{
    "pdepth": 14,
    "end_eng": 0.0340423160968581,
    "end_sup": 0.969175720986246,
    "num_states": 216
}
