{
    "pdepth": 14,
    "end_eng": 0.058165408810514144,
    "end_sup": 0.9434591676725117,
    "num_states": 108
}
