{
    "pdepth": 14,
    "end_eng": 0.013303192756470551,
    "end_sup": 0.9878332504610939,
    "num_states": 432
}
