{
    "pdepth": 14,
    "end_eng": 0.45823931133920615,
    "end_sup": 0.5738749813161393,
    "num_states": 216
}
