{
    "pdepth": 14,
    "end_eng": 0.6142036241054665,
    "end_sup": 0.40929825226276106,
    "num_states": 108
}
