{
    "pdepth": 14,
    "end_eng": 0.0750947456750973,
    "end_sup": 0.9457359958923955,
    "num_states": 432
}
