{
    "pdepth": 14,
    "end_eng": 0.03461462787909891,
    "end_sup": 0.970288895773425,
    "num_states": 384
}
