{
    "pdepth": 14,
    "end_eng": 0.17595380273424388,
    "end_sup": 0.8522593072613781,
    "num_states": 144
}
