{
    "pdepth": 14,
    "end_eng": 0.014406310633358553,
    "end_sup": 0.9862189326542662,
    "num_states": 96
}
