{
    "pdepth": 14,
    "end_eng": 0.6785544916706606,
    "end_sup": 0.35259916584790163,
    "num_states": 216
}
