{
    "pdepth": 14,
    "end_eng": 0.031623166188416346,
    "end_sup": 0.9699307460244446,
    "num_states": 432
}
