{
    "pdepth": 14,
    "end_eng": 0.0438264940554214,
    "end_sup": 0.9617884430992989,
    "num_states": 108
}
