{
    "pdepth": 14,
    "end_eng": 0.10189163443728971,
    "end_sup": 0.9187221692238776,
    "num_states": 864
}
