{
    "pdepth": 14,
    "end_eng": 0.13433805783116456,
    "end_sup": 0.9180092171815554,
    "num_states": 432
}
