{
    "pdepth": 14,
    "end_eng": 0.19970591039707292,
    "end_sup": 0.86715307488907,
    "num_states": 216
}
