{
    "pdepth": 14,
    "end_eng": 0.11344707518929395,
    "end_sup": 0.9005041528198211,
    "num_states": 432
}
