{
    "pdepth": 14,
    "end_eng": 0.0334092222848592,
    "end_sup": 0.9668698217485595,
    "num_states": 972
}
