{
    "pdepth": 14,
    "end_eng": 0.040191164019079115,
    "end_sup": 0.9628092014788072,
    "num_states": 1152
}
