{
    "pdepth": 14,
    "end_eng": 0.2603792086822856,
    "end_sup": 0.8086772110055445,
    "num_states": 288
}
