{
    "pdepth": 14,
    "end_eng": 0.034618325012902774,
    "end_sup": 0.98068030641904,
    "num_states": 324
}
