{
    "pdepth": 14,
    "end_eng": 0.02847908372701846,
    "end_sup": 0.9752540796900904,
    "num_states": 162
}
