{
    "pdepth": 14,
    "end_eng": 0.2690462545420626,
    "end_sup": 0.7616161694617067,
    "num_states": 216
}
