{
    "pdepth": 14,
    "end_eng": 0.08540381382107567,
    "end_sup": 0.9203166898980114,
    "num_states": 288
}
