{
    "pdepth": 14,
    "end_eng": 0.24718070263984745,
    "end_sup": 0.7774267340402794,
    "num_states": 54
}
