{
    "pdepth": 14,
    "end_eng": 0.03381585635732062,
    "end_sup": 0.9689046875037503,
    "num_states": 324
}
