{
    "pdepth": 14,
    "end_eng": 0.023462504627764436,
    "end_sup": 0.9843567952725935,
    "num_states": 648
}
