{
    "pdepth": 14,
    "end_eng": 0.09860717411230853,
    "end_sup": 0.9091357091063562,
    "num_states": 108
}
