{
    "pdepth": 14,
    "end_eng": 0.03836965343933795,
    "end_sup": 0.9705651993109997,
    "num_states": 432
}
