{
    "pdepth": 14,
    "end_eng": 0.02110878416677335,
    "end_sup": 0.9803140866664554,
    "num_states": 162
}
