{
    "pdepth": 14,
    "end_eng": 0.02947268125258616,
    "end_sup": 0.9795886224642831,
    "num_states": 162
}
