{
    "pdepth": 14,
    "end_eng": 0.06651768970306726,
    "end_sup": 0.9536662031558282,
    "num_states": 216
}
