{
    "pdepth": 14,
    "end_eng": 0.1815266132974363,
    "end_sup": 0.8414869126391337,
    "num_states": 108
}
