{
    "pdepth": 14,
    "end_eng": 0.08165579740205982,
    "end_sup": 0.9407586403196729,
    "num_states": 216
}
