{
    "pdepth": 14,
    "end_eng": 0.5934786149351439,
    "end_sup": 0.4427325741960554,
    "num_states": 108
}
