{
    "pdepth": 14,
    "end_eng": 0.04325028386504036,
    "end_sup": 0.9595735418278731,
    "num_states": 216
}
