{
    "pdepth": 14,
    "end_eng": 0.22047951518747347,
    "end_sup": 0.7911817214391684,
    "num_states": 216
}
