{
    "pdepth": 14,
    "end_eng": 0.03445023444553536,
    "end_sup": 0.9728052561416844,
    "num_states": 1728
}
