{
    "pdepth": 14,
    "end_eng": 0.5608769517272237,
    "end_sup": 0.46147679645011547,
    "num_states": 144
}
