{
    "pdepth": 14,
    "end_eng": 0.028062704915242445,
    "end_sup": 0.9745476556119498,
    "num_states": 432
}
