{
    "pdepth": 14,
    "end_eng": 0.013176123695510572,
    "end_sup": 0.9874668164866495,
    "num_states": 108
}
