{
    "pdepth": 14,
    "end_eng": 0.2210324822660631,
    "end_sup": 0.7922247901287935,
    "num_states": 216
}
