{
    "pdepth": 14,
    "end_eng": 0.09942172794028148,
    "end_sup": 0.9452696354305778,
    "num_states": 216
}
