{
    "pdepth": 14,
    "end_eng": 0.025027801519740395,
    "end_sup": 0.9818195034124322,
    "num_states": 162
}
