{
    "pdepth": 14,
    "end_eng": 0.0030522759327145143,
    "end_sup": 0.9970204574982798,
    "num_states": 162
}
