{
    "pdepth": 14,
    "end_eng": 0.3301155517056904,
    "end_sup": 0.6932152946426648,
    "num_states": 108
}
