{
    "pdepth": 14,
    "end_eng": 0.012372628553528038,
    "end_sup": 0.9876579668240163,
    "num_states": 162
}
