{
    "pdepth": 14,
    "end_eng": 0.03181890907221885,
    "end_sup": 0.9684828399890861,
    "num_states": 864
}
