{
    "pdepth": 14,
    "end_eng": 0.38691419472919,
    "end_sup": 0.6336141315555568,
    "num_states": 864
}
