{
    "pdepth": 14,
    "end_eng": 0.09465907501515121,
    "end_sup": 0.9082372312390419,
    "num_states": 432
}
