{
    "pdepth": 14,
    "end_eng": 0.050207900663495286,
    "end_sup": 0.9628014549068727,
    "num_states": 432
}
