{
    "pdepth": 14,
    "end_eng": 0.04556252678898825,
    "end_sup": 0.9654252842043343,
    "num_states": 216
}
