{
    "pdepth": 14,
    "end_eng": 0.1157848665833176,
    "end_sup": 0.9007578189721457,
    "num_states": 864
}
