{
    "pdepth": 14,
    "end_eng": 0.12276302154268827,
    "end_sup": 0.8888795155791,
    "num_states": 648
}
