{
    "pdepth": 14,
    "end_eng": 0.16550793311408574,
    "end_sup": 0.8477276912240859,
    "num_states": 432
}
