{
    "pdepth": 14,
    "end_eng": 0.06951202893578493,
    "end_sup": 0.9445664644738845,
    "num_states": 864
}
