{
    "pdepth": 14,
    "end_eng": 0.009894841770847072,
    "end_sup": 0.9905730646162388,
    "num_states": 486
}
