{
    "pdepth": 14,
    "end_eng": 0.04698130601797891,
    "end_sup": 0.9701796220676971,
    "num_states": 108
}
