{
    "pdepth": 14,
    "end_eng": 0.08398434781568741,
    "end_sup": 0.9235349947664422,
    "num_states": 432
}
