{
    "pdepth": 14,
    "end_eng": 0.11129612153130487,
    "end_sup": 0.9135826353239549,
    "num_states": 864
}
