{
    "pdepth": 14,
    "end_eng": 0.07059481065182499,
    "end_sup": 0.9318584658891881,
    "num_states": 648
}
