{
    "pdepth": 14,
    "end_eng": 0.02171636747710194,
    "end_sup": 0.9818545880508236,
    "num_states": 384
}
