{
    "pdepth": 14,
    "end_eng": 0.15247751728459388,
    "end_sup": 0.8618931207390642,
    "num_states": 432
}
