{
    "pdepth": 14,
    "end_eng": 0.016934985704911948,
    "end_sup": 0.9862368826056988,
    "num_states": 108
}
