{
    "pdepth": 14,
    "end_eng": 0.08372340489012854,
    "end_sup": 0.931052763455014,
    "num_states": 1728
}
