{
    "pdepth": 14,
    "end_eng": 0.05098159829817047,
    "end_sup": 0.9612024358489429,
    "num_states": 48
}
