{
    "pdepth": 14,
    "end_eng": 0.07825151858676346,
    "end_sup": 0.9309700964058216,
    "num_states": 216
}
