{
    "pdepth": 14,
    "end_eng": 0.0557884232586597,
    "end_sup": 0.9573331186597034,
    "num_states": 288
}
