{
    "pdepth": 14,
    "end_eng": 0.028135651330048195,
    "end_sup": 0.9754599044411875,
    "num_states": 648
}
