{
    "pdepth": 14,
    "end_eng": 0.12502169930826107,
    "end_sup": 0.8835484276580241,
    "num_states": 216
}
