{
    "pdepth": 14,
    "end_eng": 0.044949296258446056,
    "end_sup": 0.9708785353879584,
    "num_states": 576
}
