{
    "pdepth": 14,
    "end_eng": 0.07822362989074497,
    "end_sup": 0.9482902958535511,
    "num_states": 1152
}
