{
    "pdepth": 14,
    "end_eng": 0.3442988176898677,
    "end_sup": 0.6725923318173317,
    "num_states": 288
}
