{
    "pdepth": 14,
    "end_eng": 0.03085778633820031,
    "end_sup": 0.9752748822373865,
    "num_states": 216
}
