{
    "pdepth": 14,
    "end_eng": 0.015382255178073,
    "end_sup": 0.9853135614878881,
    "num_states": 54
}
