{
    "pdepth": 14,
    "end_eng": 0.2653132472340395,
    "end_sup": 0.738378295252759,
    "num_states": 288
}
