{
    "pdepth": 14,
    "end_eng": 0.3405564609501437,
    "end_sup": 0.6831927030742851,
    "num_states": 216
}
