{
    "pdepth": 14,
    "end_eng": 0.02326801788078512,
    "end_sup": 0.9832210906441216,
    "num_states": 288
}
