{
    "pdepth": 14,
    "end_eng": 0.014285919290583947,
    "end_sup": 0.9863959535830524,
    "num_states": 72
}
