{
    "pdepth": 14,
    "end_eng": 0.12374313409810278,
    "end_sup": 0.8900070378085396,
    "num_states": 432
}
