{
    "pdepth": 14,
    "end_eng": 0.16012460039321338,
    "end_sup": 0.8476248587584135,
    "num_states": 648
}
