{
    "pdepth": 14,
    "end_eng": 0.05980758112837864,
    "end_sup": 0.9502313236361304,
    "num_states": 864
}
