{
    "pdepth": 14,
    "end_eng": 0.08105881906039293,
    "end_sup": 0.9308010435413501,
    "num_states": 864
}
