{
    "pdepth": 14,
    "end_eng": 0.12866294648007803,
    "end_sup": 0.8798959815230191,
    "num_states": 108
}
