{
    "pdepth": 14,
    "end_eng": 0.3474180133129756,
    "end_sup": 0.7241907573474164,
    "num_states": 576
}
