{
    "pdepth": 14,
    "end_eng": 0.05299167450172173,
    "end_sup": 0.9653181534516407,
    "num_states": 54
}
