{
    "pdepth": 14,
    "end_eng": 0.04771829934586702,
    "end_sup": 0.9589778351461015,
    "num_states": 216
}
