{
    "pdepth": 14,
    "end_eng": 0.026510695569069112,
    "end_sup": 0.9748755163370109,
    "num_states": 432
}
