{
    "pdepth": 14,
    "end_eng": 0.2160336451654893,
    "end_sup": 0.798166457491794,
    "num_states": 108
}
