{
    "pdepth": 14,
    "end_eng": 0.03256386105735806,
    "end_sup": 0.9688514252103867,
    "num_states": 216
}
