{
    "pdepth": 14,
    "end_eng": 0.015107385459888805,
    "end_sup": 0.9855803337655145,
    "num_states": 432
}
