{
    "pdepth": 14,
    "end_eng": 0.016957087362204307,
    "end_sup": 0.98776153802831,
    "num_states": 18
}
