{
    "pdepth": 14,
    "end_eng": 0.000778387675803904,
    "end_sup": 0.999221612324196,
    "num_states": 24
}
