{
    "pdepth": 14,
    "end_eng": 0.03437526666773722,
    "end_sup": 0.9706997848700982,
    "num_states": 12
}
