{
    "pdepth": 14,
    "end_eng": 0.13477744962545204,
    "end_sup": 0.8670338901821678,
    "num_states": 18
}
