{
    "pdepth": 14,
    "end_eng": 0.015907472326794733,
    "end_sup": 0.9841189725153072,
    "num_states": 36
}
