{
    "pdepth": 14,
    "end_eng": 0.010114241758417254,
    "end_sup": 0.9898857582415828,
    "num_states": 72
}
