{
    "pdepth": 14,
    "end_eng": 0.0022489150191849377,
    "end_sup": 0.9982423508114249,
    "num_states": 12
}
