{
    "pdepth": 14,
    "end_eng": 0.0024969303996676406,
    "end_sup": 0.9975042217787852,
    "num_states": 12
}
