{
    "pdepth": 14,
    "end_eng": 0.0008969134027444777,
    "end_sup": 0.9991030865972557,
    "num_states": 12
}
