{
    "pdepth": 14,
    "end_eng": 0.010436806562078514,
    "end_sup": 0.9900633598453208,
    "num_states": 36
}
