{
    "pdepth": 14,
    "end_eng": 0.015187816341551225,
    "end_sup": 0.984863499018362,
    "num_states": 72
}
