{
    "pdepth": 14,
    "end_eng": 0.03197929493415954,
    "end_sup": 0.9740754984461827,
    "num_states": 18
}
