{
    "pdepth": 14,
    "end_eng": 0.0380315392452883,
    "end_sup": 0.9653184729492978,
    "num_states": 72
}
