{
    "pdepth": 14,
    "end_eng": 0.010436806562078469,
    "end_sup": 0.9900633598453202,
    "num_states": 18
}
