{
    "pdepth": 14,
    "end_eng": 0.004194303644291992,
    "end_sup": 0.9958083552625994,
    "num_states": 18
}
