{
    "pdepth": 14,
    "end_eng": 0.05038990643099687,
    "end_sup": 0.9524525011885641,
    "num_states": 72
}
