{
    "pdepth": 14,
    "end_eng": 0.005523395966727308,
    "end_sup": 0.9944832021571817,
    "num_states": 24
}
