{
    "pdepth": 14,
    "end_eng": 0.0126173057210631,
    "end_sup": 0.9903336666044186,
    "num_states": 36
}
