{
    "pdepth": 14,
    "end_eng": 0.025988652036946714,
    "end_sup": 0.9759678206604154,
    "num_states": 36
}
