{
    "pdepth": 14,
    "end_eng": 0.020596863014575462,
    "end_sup": 0.9815590093526897,
    "num_states": 36
}
