{
    "pdepth": 14,
    "end_eng": 0.04684203753391825,
    "end_sup": 0.9560261273257178,
    "num_states": 48
}
