{
    "pdepth": 14,
    "end_eng": 0.010314252725936071,
    "end_sup": 0.991689938039263,
    "num_states": 18
}
