{
    "pdepth": 14,
    "end_eng": 0.028042887746954737,
    "end_sup": 0.9721537131413427,
    "num_states": 144
}
