{
    "pdepth": 14,
    "end_eng": 0.0011152699726285338,
    "end_sup": 0.9988847300273717,
    "num_states": 9
}
