{
    "pdepth": 14,
    "end_eng": 0.014021443873477321,
    "end_sup": 0.9859785561265225,
    "num_states": 72
}
