{
    "pdepth": 14,
    "end_eng": 0.08174388389499013,
    "end_sup": 0.9201565114277763,
    "num_states": 36
}
