{
    "pdepth": 14,
    "end_eng": 0.003389609117724212,
    "end_sup": 0.9966103908822758,
    "num_states": 3
}
