{
    "pdepth": 14,
    "end_eng": 0.014918357276221848,
    "end_sup": 0.9850942187447144,
    "num_states": 72
}
