{
    "pdepth": 14,
    "end_eng": 0.001507815349094718,
    "end_sup": 0.9984927325770487,
    "num_states": 24
}
