{
    "pdepth": 14,
    "end_eng": 0.010114241758417263,
    "end_sup": 0.989885758241583,
    "num_states": 36
}
