{
    "pdepth": 14,
    "end_eng": 0.002644288044207746,
    "end_sup": 0.997357279199528,
    "num_states": 24
}
