{
    "pdepth": 14,
    "end_eng": 0.00252576231726716,
    "end_sup": 0.9974755978176192,
    "num_states": 16
}
