{
    "pdepth": 14,
    "end_eng": 0.012658935991895272,
    "end_sup": 0.987945243119247,
    "num_states": 24
}
