{
    "pdepth": 14,
    "end_eng": 0.0007783876758039137,
    "end_sup": 0.999221612324196,
    "num_states": 4
}
