{
    "pdepth": 14,
    "end_eng": 0.08474167047394382,
    "end_sup": 0.9226909678601785,
    "num_states": 18
}
