{
    "pdepth": 14,
    "end_eng": 0.015774413968454536,
    "end_sup": 0.9871814465625965,
    "num_states": 72
}
