{
    "pdepth": 14,
    "end_eng": 0.017045114460930218,
    "end_sup": 0.983004989917717,
    "num_states": 48
}
