{
    "pdepth": 14,
    "end_eng": 0.018032989145997793,
    "end_sup": 0.9830980293180044,
    "num_states": 48
}
