{
    "pdepth": 14,
    "end_eng": 0.1055648897005256,
    "end_sup": 0.8999893700893299,
    "num_states": 36
}
