{
    "pdepth": 14,
    "end_eng": 0.01669940105724332,
    "end_sup": 0.9838565816869833,
    "num_states": 36
}
