{
    "pdepth": 14,
    "end_eng": 0.010892629434221179,
    "end_sup": 0.9891152433669137,
    "num_states": 24
}
