{
    "pdepth": 14,
    "end_eng": 0.03983677121365111,
    "end_sup": 0.9617560545468444,
    "num_states": 72
}
