{
    "pdepth": 14,
    "end_eng": 0.16055230301183443,
    "end_sup": 0.8426031766914541,
    "num_states": 24
}
