{
    "pdepth": 14,
    "end_eng": 0.11727098314977358,
    "end_sup": 0.8862356409881549,
    "num_states": 12
}
