{
    "pdepth": 14,
    "end_eng": 0.010875701737981752,
    "end_sup": 0.9921096722251574,
    "num_states": 48
}
