{
    "pdepth": 14,
    "end_eng": 0.0007783876758038989,
    "end_sup": 0.9992216123241963,
    "num_states": 12
}
