{
    "pdepth": 14,
    "end_eng": 0.0026442880442077415,
    "end_sup": 0.9973572791995278,
    "num_states": 24
}
