{
    "pdepth": 14,
    "end_eng": 0.0023582765878135048,
    "end_sup": 0.9976427908867559,
    "num_states": 16
}
