{
    "pdepth": 14,
    "end_eng": 0.1940205641011057,
    "end_sup": 0.8144089406258317,
    "num_states": 36
}
