{
    "pdepth": 14,
    "end_eng": 0.010365204111141325,
    "end_sup": 0.9905610281543278,
    "num_states": 24
}
