{
    "pdepth": 14,
    "end_eng": 0.05080545255286425,
    "end_sup": 0.9507456445851361,
    "num_states": 36
}
