{
    "pdepth": 14,
    "end_eng": 0.1717807147134829,
    "end_sup": 0.8336055244867919,
    "num_states": 36
}
