{
    "pdepth": 14,
    "end_eng": 0.018032989145997828,
    "end_sup": 0.9830980293180046,
    "num_states": 24
}
