{
    "pdepth": 14,
    "end_eng": 0.21042968163876083,
    "end_sup": 0.7920000753079326,
    "num_states": 36
}
