{
    "pdepth": 14,
    "end_eng": 0.034882405361149935,
    "end_sup": 0.966093230852621,
    "num_states": 36
}
