{
    "pdepth": 14,
    "end_eng": 0.008463183700858088,
    "end_sup": 0.9915540137338082,
    "num_states": 18
}
