{
    "pdepth": 14,
    "end_eng": 0.0013892896221541576,
    "end_sup": 0.9986111858963919,
    "num_states": 16
}
