{
    "pdepth": 14,
    "end_eng": 0.04260019418591637,
    "end_sup": 0.9787080463038533,
    "num_states": 48
}
