{
    "pdepth": 14,
    "end_eng": 0.03896412405206641,
    "end_sup": 0.9706379049001229,
    "num_states": 18
}
