{
    "pdepth": 14,
    "end_eng": 0.0008969134027444944,
    "end_sup": 0.9991030865972559,
    "num_states": 18
}
