{
    "pdepth": 14,
    "end_eng": 0.014021443873477325,
    "end_sup": 0.9859785561265231,
    "num_states": 36
}
