{
    "pdepth": 14,
    "end_eng": 0.021180698662646248,
    "end_sup": 0.978819301337354,
    "num_states": 12
}
