{
    "pdepth": 14,
    "end_eng": 0.13421240242816265,
    "end_sup": 0.885922539108785,
    "num_states": 48
}
