{
    "pdepth": 14,
    "end_eng": 0.037618708039124614,
    "end_sup": 0.9709209885092478,
    "num_states": 96
}
