{
    "pdepth": 14,
    "end_eng": 0.0037760213252640592,
    "end_sup": 0.9962239786747361,
    "num_states": 36
}
