{
    "pdepth": 14,
    "end_eng": 0.09915746025915909,
    "end_sup": 0.9034142495544498,
    "num_states": 16
}
