{
    "pdepth": 14,
    "end_eng": 0.006959603036451289,
    "end_sup": 0.9930499658695728,
    "num_states": 18
}
