{
    "pdepth": 14,
    "end_eng": 0.2658060178152551,
    "end_sup": 0.7366627377124918,
    "num_states": 72
}
