{
    "pdepth": 14,
    "end_eng": 0.0034159159684881146,
    "end_sup": 0.9965840840315118,
    "num_states": 9
}
