{
    "pdepth": 14,
    "end_eng": 0.016903239967755623,
    "end_sup": 0.986115424774739,
    "num_states": 3
}
