{
    "pdepth": 14,
    "end_eng": 0.01640159283813622,
    "end_sup": 0.9843146262645179,
    "num_states": 72
}
