{
    "pdepth": 14,
    "end_eng": 0.03553180394484165,
    "end_sup": 0.9656752066192664,
    "num_states": 12
}
