{
    "pdepth": 14,
    "end_eng": 0.004201959646049804,
    "end_sup": 0.9972190120020116,
    "num_states": 12
}
