{
    "pdepth": 14,
    "end_eng": 0.1263527660889743,
    "end_sup": 0.883871268571647,
    "num_states": 36
}
