{
    "pdepth": 14,
    "end_eng": 0.038031539245288355,
    "end_sup": 0.9653184729492978,
    "num_states": 72
}
