{
    "pdepth": 14,
    "end_eng": 0.0672543103779606,
    "end_sup": 0.9376718199380512,
    "num_states": 36
}
