{
    "pdepth": 14,
    "end_eng": 0.002644288044207743,
    "end_sup": 0.9973572791995281,
    "num_states": 48
}
