{
    "pdepth": 14,
    "end_eng": 0.0354046567854601,
    "end_sup": 0.9678082171208899,
    "num_states": 24
}
