{
    "pdepth": 14,
    "end_eng": 0.00594482583699808,
    "end_sup": 0.9940591956547944,
    "num_states": 18
}
