{
    "pdepth": 14,
    "end_eng": 0.10824387453867712,
    "end_sup": 0.8961050359872532,
    "num_states": 24
}
