{
    "pdepth": 14,
    "end_eng": 0.004204723097083656,
    "end_sup": 0.9961727457886721,
    "num_states": 24
}
