{
    "pdepth": 14,
    "end_eng": 0.09591931087953431,
    "end_sup": 0.9116810334129086,
    "num_states": 72
}
