{
    "pdepth": 14,
    "end_eng": 0.005851962258937825,
    "end_sup": 0.99415198694899,
    "num_states": 24
}
