{
    "pdepth": 14,
    "end_eng": 0.014021443873477337,
    "end_sup": 0.9859785561265227,
    "num_states": 108
}
