{
    "pdepth": 14,
    "end_eng": 0.009605311813660904,
    "end_sup": 0.9903946881863395,
    "num_states": 36
}
