{
    "pdepth": 14,
    "end_eng": 0.0463043341038398,
    "end_sup": 0.9554130384345779,
    "num_states": 6
}
