{
    "pdepth": 14,
    "end_eng": 0.0034159159684880934,
    "end_sup": 0.9965840840315123,
    "num_states": 27
}
