{
    "pdepth": 14,
    "end_eng": 0.015526536959939994,
    "end_sup": 0.9855579008035441,
    "num_states": 12
}
