{
    "pdepth": 14,
    "end_eng": 0.029466020314311742,
    "end_sup": 0.9732413412498241,
    "num_states": 72
}
