{
    "pdepth": 14,
    "end_eng": 0.0008969134027444902,
    "end_sup": 0.9991030865972558,
    "num_states": 6
}
