{
    "pdepth": 14,
    "end_eng": 0.013164124277825555,
    "end_sup": 0.988765587293922,
    "num_states": 12
}
