{
    "pdepth": 14,
    "end_eng": 0.0007783876758038964,
    "end_sup": 0.9992216123241958,
    "num_states": 6
}
