{
    "pdepth": 14,
    "end_eng": 0.03847984469411606,
    "end_sup": 0.9625372196738113,
    "num_states": 36
}
