{
    "pdepth": 14,
    "end_eng": 0.0398367712136511,
    "end_sup": 0.9617560545468444,
    "num_states": 72
}
