{
    "pdepth": 60,
    "end_eng": 0.0002957565599594224,
    "end_sup": 0.9997071117850835,
    "num_states": 288
}
