{
    "pdepth": 60,
    "end_eng": 0.0004216316157206538,
    "end_sup": 0.9996806197429196,
    "num_states": 108
}
