{
    "pdepth": 60,
    "end_eng": 0.011590785833351578,
    "end_sup": 0.991325463712374,
    "num_states": 144
}
