{
    "pdepth": 60,
    "end_eng": 0.001823051259005116,
    "end_sup": 0.9987252018888051,
    "num_states": 216
}
