{
    "pdepth": 60,
    "end_eng": 0.00012508437835835896,
    "end_sup": 0.9998749195031987,
    "num_states": 108
}
