{
    "pdepth": 60,
    "end_eng": 8.095919502954009e-5,
    "end_sup": 0.9999325176665086,
    "num_states": 54
}
