{
    "pdepth": 60,
    "end_eng": 0.0005758656340400443,
    "end_sup": 0.9995786244709602,
    "num_states": 288
}
