{
    "pdepth": 60,
    "end_eng": 0.0002399013972027739,
    "end_sup": 0.9998211581791725,
    "num_states": 144
}
