{
    "pdepth": 60,
    "end_eng": 0.004991258028422872,
    "end_sup": 0.9952223659583397,
    "num_states": 18
}
