{
    "pdepth": 60,
    "end_eng": 0.0003531905168326426,
    "end_sup": 0.9997042255487675,
    "num_states": 72
}
