{
    "pdepth": 60,
    "end_eng": 0.07938512873804646,
    "end_sup": 0.9219375213618677,
    "num_states": 144
}
