{
    "pdepth": 60,
    "end_eng": 0.000578350940577189,
    "end_sup": 0.9994457175892624,
    "num_states": 192
}
