{
    "pdepth": 60,
    "end_eng": 0.0008510374479184919,
    "end_sup": 0.9993050250910822,
    "num_states": 72
}
