{
    "pdepth": 60,
    "end_eng": 0.00035339895496063167,
    "end_sup": 0.9996626351826756,
    "num_states": 324
}
