{
    "pdepth": 60,
    "end_eng": 0.00012086374327458946,
    "end_sup": 0.9998949521780076,
    "num_states": 72
}
