{
    "pdepth": 60,
    "end_eng": 0.0016896705134992142,
    "end_sup": 0.9987385997741502,
    "num_states": 144
}
