{
    "pdepth": 60,
    "end_eng": 0.0019779821348820726,
    "end_sup": 0.9986286309411145,
    "num_states": 144
}
