{
    "pdepth": 60,
    "end_eng": 0.0018517432594385508,
    "end_sup": 0.9987566498027837,
    "num_states": 108
}
