{
    "pdepth": 60,
    "end_eng": 0.0004939829162002716,
    "end_sup": 0.9997836468866375,
    "num_states": 144
}
