{
    "pdepth": 60,
    "end_eng": 0.000317178195450607,
    "end_sup": 0.999691424620081,
    "num_states": 144
}
