{
    "pdepth": 60,
    "end_eng": 0.00430749502155836,
    "end_sup": 0.9963499354860218,
    "num_states": 12
}
