{
    "pdepth": 60,
    "end_eng": 0.00099902494145689,
    "end_sup": 0.9993787855707109,
    "num_states": 432
}
