{
    "pdepth": 60,
    "end_eng": 0.02170044142736828,
    "end_sup": 0.9785303026982393,
    "num_states": 108
}
