{
    "pdepth": 60,
    "end_eng": 0.005450961079725917,
    "end_sup": 0.9946738322571829,
    "num_states": 108
}
