{
    "pdepth": 60,
    "end_eng": 0.031279294631657,
    "end_sup": 0.971926883285956,
    "num_states": 288
}
