{
    "pdepth": 60,
    "end_eng": 0.00024324208038300268,
    "end_sup": 0.9997816776245174,
    "num_states": 216
}
