{
    "pdepth": 60,
    "end_eng": 0.0003470137900854901,
    "end_sup": 0.9996992687918818,
    "num_states": 144
}
