{
    "pdepth": 60,
    "end_eng": 0.0028380480182351167,
    "end_sup": 0.9986288470831381,
    "num_states": 288
}
