{
    "pdepth": 60,
    "end_eng": 0.0011072425231713398,
    "end_sup": 0.9992027380629578,
    "num_states": 216
}
