{
    "pdepth": 60,
    "end_eng": 0.15988816316192025,
    "end_sup": 0.8406708041073654,
    "num_states": 72
}
