{
    "pdepth": 60,
    "end_eng": 0.0035691148553963106,
    "end_sup": 0.997321970516424,
    "num_states": 108
}
