{
    "pdepth": 60,
    "end_eng": 0.0002369222048723293,
    "end_sup": 0.999799006848585,
    "num_states": 144
}
