{
    "pdepth": 60,
    "end_eng": 0.0011303958177683072,
    "end_sup": 0.9989644415997312,
    "num_states": 216
}
