{
    "pdepth": 60,
    "end_eng": 0.0007098542427240279,
    "end_sup": 0.999314792167382,
    "num_states": 288
}
