{
    "pdepth": 60,
    "end_eng": 0.0011256938680875954,
    "end_sup": 0.9992768709462962,
    "num_states": 144
}
