{
    "pdepth": 60,
    "end_eng": 0.0003364897703445378,
    "end_sup": 0.9996693077595805,
    "num_states": 144
}
