{
    "pdepth": 60,
    "end_eng": 0.0007391216145533333,
    "end_sup": 0.9993077345123496,
    "num_states": 48
}
