{
    "pdepth": 60,
    "end_eng": 0.04493245912179095,
    "end_sup": 0.9551544889053372,
    "num_states": 81
}
