{
    "pdepth": 60,
    "end_eng": 0.0010986678994002591,
    "end_sup": 0.9989917635282441,
    "num_states": 72
}
