{
    "pdepth": 60,
    "end_eng": 0.0010712385385295304,
    "end_sup": 0.9995215583565318,
    "num_states": 54
}
