{
    "pdepth": 60,
    "end_eng": 0.0017279024930962144,
    "end_sup": 0.9993349629850208,
    "num_states": 216
}
