{
    "pdepth": 60,
    "end_eng": 0.0004327147012650917,
    "end_sup": 0.9995998756440433,
    "num_states": 108
}
