{
    "pdepth": 60,
    "end_eng": 0.000128491550694361,
    "end_sup": 0.9998853712778715,
    "num_states": 54
}
