{
    "pdepth": 60,
    "end_eng": 0.0007560520598444595,
    "end_sup": 0.9995929171215617,
    "num_states": 216
}
