{
    "pdepth": 60,
    "end_eng": 0.0004351506080926749,
    "end_sup": 0.9995890273775941,
    "num_states": 192
}
