{
    "pdepth": 60,
    "end_eng": 0.12871992020106676,
    "end_sup": 0.871430320865708,
    "num_states": 144
}
