{
    "pdepth": 60,
    "end_eng": 0.0010575536083269495,
    "end_sup": 0.9994760944481633,
    "num_states": 108
}
