{
    "pdepth": 60,
    "end_eng": 0.0014544358052110164,
    "end_sup": 0.9993662057539374,
    "num_states": 36
}
