{
    "pdepth": 60,
    "end_eng": 0.0005839770664743502,
    "end_sup": 0.9994539279247907,
    "num_states": 48
}
