{
    "pdepth": 60,
    "end_eng": 0.00035295343684178695,
    "end_sup": 0.9996613824529119,
    "num_states": 108
}
