{
    "pdepth": 60,
    "end_eng": 0.0009541049977373181,
    "end_sup": 0.9995627550129152,
    "num_states": 216
}
