{
    "pdepth": 60,
    "end_eng": 0.0006467561602049689,
    "end_sup": 0.9993898771567535,
    "num_states": 432
}
