{
    "pdepth": 60,
    "end_eng": 0.001089011569253044,
    "end_sup": 0.999099307702435,
    "num_states": 54
}
