{
    "pdepth": 60,
    "end_eng": 0.0012407544604591772,
    "end_sup": 0.9989328675412021,
    "num_states": 144
}
