{
    "pdepth": 60,
    "end_eng": 0.0015617356725896332,
    "end_sup": 0.9984644565271257,
    "num_states": 144
}
