{
    "pdepth": 60,
    "end_eng": 0.00038099066304409044,
    "end_sup": 0.9997202068704656,
    "num_states": 54
}
