{
    "pdepth": 60,
    "end_eng": 0.07756195092833305,
    "end_sup": 0.922790469556946,
    "num_states": 108
}
