{
    "pdepth": 60,
    "end_eng": 0.0022479411476552242,
    "end_sup": 0.9987238820812014,
    "num_states": 288
}
