{
    "pdepth": 60,
    "end_eng": 0.0019354766060949713,
    "end_sup": 0.9989849502011893,
    "num_states": 576
}
