{
    "pdepth": 60,
    "end_eng": 0.0015074540699518352,
    "end_sup": 0.9985862985891488,
    "num_states": 108
}
