{
    "pdepth": 60,
    "end_eng": 0.0004351506080926769,
    "end_sup": 0.9995890273775939,
    "num_states": 96
}
