{
    "pdepth": 60,
    "end_eng": 0.0002821134422119854,
    "end_sup": 0.9997378082071484,
    "num_states": 72
}
