{
    "pdepth": 60,
    "end_eng": 0.0006447216793076405,
    "end_sup": 0.9996276640156507,
    "num_states": 216
}
