{
    "pdepth": 60,
    "end_eng": 0.008817859972622561,
    "end_sup": 0.9913114339293934,
    "num_states": 72
}
