{
    "pdepth": 60,
    "end_eng": 0.004195658963669669,
    "end_sup": 0.9966049502483669,
    "num_states": 576
}
