{
    "pdepth": 60,
    "end_eng": 0.01637011407992683,
    "end_sup": 0.984297940766575,
    "num_states": 288
}
