{
    "pdepth": 60,
    "end_eng": 7.465061689843632e-5,
    "end_sup": 0.9999253504618312,
    "num_states": 96
}
