{
    "pdepth": 60,
    "end_eng": 0.003337827311408965,
    "end_sup": 0.997087169775005,
    "num_states": 288
}
