{
    "pdepth": 60,
    "end_eng": 0.023366113120361055,
    "end_sup": 0.9767617812649951,
    "num_states": 108
}
