{
    "pdepth": 60,
    "end_eng": 0.0007191462322189133,
    "end_sup": 0.9993988803671228,
    "num_states": 432
}
