{
    "pdepth": 60,
    "end_eng": 6.437609918093702e-5,
    "end_sup": 0.9999457918308613,
    "num_states": 27
}
