{
    "pdepth": 60,
    "end_eng": 0.000312551517807413,
    "end_sup": 0.9996922777752122,
    "num_states": 81
}
