{
    "pdepth": 60,
    "end_eng": 0.0007981698750933843,
    "end_sup": 0.9996265636627597,
    "num_states": 144
}
