{
    "pdepth": 60,
    "end_eng": 0.0005242607640755764,
    "end_sup": 0.9994941601384317,
    "num_states": 216
}
