{
    "pdepth": 60,
    "end_eng": 0.014977662371005413,
    "end_sup": 0.9866945589964213,
    "num_states": 288
}
