{
    "pdepth": 60,
    "end_eng": 0.0002513073889357701,
    "end_sup": 0.9997585740234474,
    "num_states": 288
}
