{
    "pdepth": 60,
    "end_eng": 0.0002542463939579225,
    "end_sup": 0.9997729379132613,
    "num_states": 108
}
