{
    "pdepth": 60,
    "end_eng": 0.0009331770095117297,
    "end_sup": 0.999194724646727,
    "num_states": 288
}
