{
    "pdepth": 60,
    "end_eng": 0.0008127802202984463,
    "end_sup": 0.9992324227221947,
    "num_states": 144
}
