{
    "pdepth": 60,
    "end_eng": 9.540281332928789e-5,
    "end_sup": 0.9999045992246323,
    "num_states": 36
}
