{
    "pdepth": 60,
    "end_eng": 0.0004523290137907545,
    "end_sup": 0.9995641204468376,
    "num_states": 216
}
