{
    "pdepth": 60,
    "end_eng": 0.020887186258919766,
    "end_sup": 0.9802050364738155,
    "num_states": 576
}
