{
    "pdepth": 60,
    "end_eng": 0.00022678344747233893,
    "end_sup": 0.9997732273513045,
    "num_states": 108
}
