{
    "pdepth": 60,
    "end_eng": 0.002866805825776888,
    "end_sup": 0.9971563813538598,
    "num_states": 72
}
