{
    "pdepth": 60,
    "end_eng": 0.00059844913683653,
    "end_sup": 0.9994271441400178,
    "num_states": 48
}
