{
    "pdepth": 60,
    "end_eng": 0.0021919417208275532,
    "end_sup": 0.9978739122852562,
    "num_states": 54
}
