{
    "pdepth": 60,
    "end_eng": 0.04721905317451954,
    "end_sup": 0.9536148002760059,
    "num_states": 72
}
