{
    "pdepth": 60,
    "end_eng": 0.00038080185863458834,
    "end_sup": 0.9996432387189496,
    "num_states": 216
}
