{
    "pdepth": 60,
    "end_eng": 0.000540696362047395,
    "end_sup": 0.9995560466722144,
    "num_states": 216
}
