{
    "pdepth": 60,
    "end_eng": 0.0018012083903618087,
    "end_sup": 0.998405220015944,
    "num_states": 108
}
