{
    "pdepth": 60,
    "end_eng": 0.00032357981667214484,
    "end_sup": 0.9996941711216262,
    "num_states": 81
}
