{
    "pdepth": 60,
    "end_eng": 0.0003514517280211038,
    "end_sup": 0.9997394574102373,
    "num_states": 288
}
