{
    "pdepth": 60,
    "end_eng": 0.00019198801065000104,
    "end_sup": 0.9998080212828675,
    "num_states": 72
}
