{
    "pdepth": 60,
    "end_eng": 0.0007631445254377136,
    "end_sup": 0.9993234518721938,
    "num_states": 108
}
