{
    "pdepth": 60,
    "end_eng": 0.006551655207691043,
    "end_sup": 0.9936730138258215,
    "num_states": 216
}
