{
    "pdepth": 60,
    "end_eng": 0.00022123323530442418,
    "end_sup": 0.9997938336594947,
    "num_states": 162
}
