{
    "pdepth": 60,
    "end_eng": 0.0006509157322879063,
    "end_sup": 0.9993975072687349,
    "num_states": 72
}
