{
    "pdepth": 60,
    "end_eng": 0.011071488665573736,
    "end_sup": 0.9890289124763326,
    "num_states": 144
}
