{
    "pdepth": 60,
    "end_eng": 0.000559678016250942,
    "end_sup": 0.9996881597438345,
    "num_states": 72
}
