{
    "pdepth": 60,
    "end_eng": 0.00015229448017302466,
    "end_sup": 0.9998477078426062,
    "num_states": 108
}
