{
    "pdepth": 60,
    "end_eng": 0.0030183337492316374,
    "end_sup": 0.9976052516337311,
    "num_states": 72
}
