{
    "pdepth": 60,
    "end_eng": 0.0001607862664683098,
    "end_sup": 0.9998648169804766,
    "num_states": 288
}
