{
    "pdepth": 60,
    "end_eng": 0.002788275929202073,
    "end_sup": 0.9972943926426556,
    "num_states": 72
}
