{
    "pdepth": 60,
    "end_eng": 0.00037910067729408404,
    "end_sup": 0.9996611758471947,
    "num_states": 72
}
