{
    "pdepth": 60,
    "end_eng": 0.00017364994568097556,
    "end_sup": 0.9998263567074074,
    "num_states": 36
}
