{
    "pdepth": 60,
    "end_eng": 0.0008526274104777115,
    "end_sup": 0.9995313681773595,
    "num_states": 216
}
