{
    "pdepth": 60,
    "end_eng": 0.00035298821554657434,
    "end_sup": 0.9996658064963068,
    "num_states": 48
}
