{
    "pdepth": 60,
    "end_eng": 1.9077025105535168e-5,
    "end_sup": 0.99998092300729,
    "num_states": 108
}
