{
    "pdepth": 60,
    "end_eng": 0.001656241534429673,
    "end_sup": 0.9993345940017981,
    "num_states": 108
}
