{
    "pdepth": 60,
    "end_eng": 0.0011706220447694835,
    "end_sup": 0.9988816922330713,
    "num_states": 108
}
