{
    "pdepth": 60,
    "end_eng": 0.0022542981881961757,
    "end_sup": 0.9982827632886992,
    "num_states": 54
}
