{
    "pdepth": 60,
    "end_eng": 0.00019281821746181031,
    "end_sup": 0.999827118329958,
    "num_states": 108
}
