{
    "pdepth": 60,
    "end_eng": 9.765870785604955e-5,
    "end_sup": 0.9999145146477492,
    "num_states": 54
}
