{
    "pdepth": 60,
    "end_eng": 0.0006790875325645198,
    "end_sup": 0.9993830774815764,
    "num_states": 144
}
