{
    "pdepth": 60,
    "end_eng": 0.0012996482614135948,
    "end_sup": 0.9993147139421643,
    "num_states": 54
}
