{
    "pdepth": 60,
    "end_eng": 1.907702510553886e-5,
    "end_sup": 0.9999809230072895,
    "num_states": 36
}
