{
    "pdepth": 60,
    "end_eng": 0.000503941900224329,
    "end_sup": 0.9995571648976362,
    "num_states": 144
}
