{
    "pdepth": 60,
    "end_eng": 0.0006034836174802859,
    "end_sup": 0.9994400063539135,
    "num_states": 54
}
