{
    "pdepth": 60,
    "end_eng": 0.0033025200157691995,
    "end_sup": 0.9969537760959015,
    "num_states": 54
}
