{
    "pdepth": 60,
    "end_eng": 0.00037878497930328935,
    "end_sup": 0.9996725543591622,
    "num_states": 144
}
