{
    "pdepth": 60,
    "end_eng": 0.00013962707291173643,
    "end_sup": 0.9998631827218983,
    "num_states": 162
}
