{
    "pdepth": 60,
    "end_eng": 0.041880570519566035,
    "end_sup": 0.9588070758591962,
    "num_states": 108
}
