{
    "pdepth": 60,
    "end_eng": 0.00046235986672562673,
    "end_sup": 0.9995477577215395,
    "num_states": 216
}
