{
    "pdepth": 60,
    "end_eng": 0.0015734416106558372,
    "end_sup": 0.999318162827209,
    "num_states": 216
}
