{
    "pdepth": 60,
    "end_eng": 0.0012448341015979276,
    "end_sup": 0.9991036630778654,
    "num_states": 288
}
