{
    "pdepth": 60,
    "end_eng": 0.11771253314680082,
    "end_sup": 0.9031043435073907,
    "num_states": 768
}
