{
    "pdepth": 60,
    "end_eng": 0.0003876165066316172,
    "end_sup": 0.9996285515343786,
    "num_states": 162
}
