{
    "pdepth": 60,
    "end_eng": 0.052421688775523084,
    "end_sup": 0.9504003646088088,
    "num_states": 144
}
