{
    "pdepth": 60,
    "end_eng": 0.0005997365358129275,
    "end_sup": 0.9994400303577397,
    "num_states": 432
}
