{
    "pdepth": 60,
    "end_eng": 0.005168272345263691,
    "end_sup": 0.9948824935844279,
    "num_states": 144
}
