{
    "pdepth": 60,
    "end_eng": 0.022878832993132835,
    "end_sup": 0.9784440155070131,
    "num_states": 144
}
