{
    "pdepth": 60,
    "end_eng": 0.00027879483587403244,
    "end_sup": 0.9997717597894636,
    "num_states": 144
}
