{
    "pdepth": 60,
    "end_eng": 0.0014391696897685926,
    "end_sup": 0.9993523499436238,
    "num_states": 144
}
