{
    "pdepth": 60,
    "end_eng": 0.00018519962123732535,
    "end_sup": 0.9998477622338555,
    "num_states": 24
}
