{
    "pdepth": 60,
    "end_eng": 0.00047685883121460597,
    "end_sup": 0.9995715120773734,
    "num_states": 216
}
