{
    "pdepth": 60,
    "end_eng": 0.02571558825153954,
    "end_sup": 0.9746914595208003,
    "num_states": 108
}
