{
    "pdepth": 60,
    "end_eng": 0.001958457938953511,
    "end_sup": 0.9988328084031154,
    "num_states": 72
}
