{
    "pdepth": 60,
    "end_eng": 0.0007821011860488573,
    "end_sup": 0.999236621925957,
    "num_states": 432
}
