{
    "pdepth": 60,
    "end_eng": 0.0002493607175246147,
    "end_sup": 0.9997647351573516,
    "num_states": 72
}
