{
    "pdepth": 60,
    "end_eng": 0.0008171674403586463,
    "end_sup": 0.9996243312708097,
    "num_states": 144
}
