{
    "pdepth": 60,
    "end_eng": 0.0006584651207153075,
    "end_sup": 0.9996275517514073,
    "num_states": 192
}
