{
    "pdepth": 60,
    "end_eng": 0.0017653006446064453,
    "end_sup": 0.9992231892857492,
    "num_states": 108
}
