{
    "pdepth": 60,
    "end_eng": 0.0003705930284727427,
    "end_sup": 0.999680059591926,
    "num_states": 72
}
