{
    "pdepth": 60,
    "end_eng": 0.00022123323530443513,
    "end_sup": 0.9997938336594954,
    "num_states": 162
}
