{
    "pdepth": 60,
    "end_eng": 0.0001768491802768912,
    "end_sup": 0.9998306868922169,
    "num_states": 48
}
