{
    "pdepth": 60,
    "end_eng": 0.00020836197124474387,
    "end_sup": 0.999861233300317,
    "num_states": 36
}
