{
    "pdepth": 60,
    "end_eng": 3.910168485057445e-5,
    "end_sup": 0.999960898609824,
    "num_states": 8
}
