{
    "pdepth": 60,
    "end_eng": 0.0006174067279544452,
    "end_sup": 0.9993902885574959,
    "num_states": 54
}
