{
    "pdepth": 60,
    "end_eng": 0.1698038637339719,
    "end_sup": 0.8311744997140287,
    "num_states": 216
}
