{
    "pdepth": 60,
    "end_eng": 0.0007538618482324128,
    "end_sup": 0.9992795897582015,
    "num_states": 216
}
