{
    "pdepth": 60,
    "end_eng": 0.0006231638627723627,
    "end_sup": 0.9994520430982947,
    "num_states": 36
}
