{
    "pdepth": 60,
    "end_eng": 0.0001636819580320099,
    "end_sup": 0.9998797972163868,
    "num_states": 108
}
