{
    "pdepth": 60,
    "end_eng": 1.8842013700471346e-6,
    "end_sup": 0.9999981157986298,
    "num_states": 54
}
