{
    "pdepth": 60,
    "end_eng": 0.0004483925974682186,
    "end_sup": 0.9995563525958924,
    "num_states": 288
}
