{
    "pdepth": 60,
    "end_eng": 0.0018985600475892152,
    "end_sup": 0.998171392454127,
    "num_states": 72
}
