{
    "pdepth": 60,
    "end_eng": 6.342085855800643e-5,
    "end_sup": 0.9999365795039953,
    "num_states": 54
}
