{
    "pdepth": 60,
    "end_eng": 0.0032662270153186778,
    "end_sup": 0.9968370004463485,
    "num_states": 108
}
