{
    "pdepth": 60,
    "end_eng": 0.0009346146773228677,
    "end_sup": 0.9992078775142911,
    "num_states": 288
}
