{
    "pdepth": 60,
    "end_eng": 0.0024419116736207496,
    "end_sup": 0.9985403371124671,
    "num_states": 144
}
