{
    "pdepth": 60,
    "end_eng": 0.002439497907057005,
    "end_sup": 0.998048609714595,
    "num_states": 216
}
