{
    "pdepth": 60,
    "end_eng": 0.001314887993303588,
    "end_sup": 0.998710990255959,
    "num_states": 72
}
