{
    "pdepth": 60,
    "end_eng": 0.01294350313732694,
    "end_sup": 0.989628100722514,
    "num_states": 18
}
