{
    "pdepth": 60,
    "end_eng": 0.00024406199337574308,
    "end_sup": 0.9998254328275935,
    "num_states": 108
}
