{
    "pdepth": 60,
    "end_eng": 0.0005785482863596114,
    "end_sup": 0.9994850727091258,
    "num_states": 72
}
