{
    "pdepth": 60,
    "end_eng": 0.0007943186176394557,
    "end_sup": 0.9992720446707035,
    "num_states": 432
}
