{
    "pdepth": 60,
    "end_eng": 0.11031702948968172,
    "end_sup": 0.8899336687683299,
    "num_states": 108
}
