{
    "pdepth": 60,
    "end_eng": 0.0038991672923512233,
    "end_sup": 0.997102152436975,
    "num_states": 144
}
