{
    "pdepth": 60,
    "end_eng": 0.0003355432955570221,
    "end_sup": 0.9997442934750675,
    "num_states": 324
}
