{
    "pdepth": 60,
    "end_eng": 0.02490274583844062,
    "end_sup": 0.9782527696844963,
    "num_states": 144
}
