{
    "pdepth": 60,
    "end_eng": 0.0010784096620473954,
    "end_sup": 0.9995359382586241,
    "num_states": 72
}
