{
    "pdepth": 60,
    "end_eng": 0.0007732953496450317,
    "end_sup": 0.9995606521110891,
    "num_states": 216
}
