{
    "pdepth": 60,
    "end_eng": 0.010862038470744883,
    "end_sup": 0.9894539166345674,
    "num_states": 54
}
