{
    "pdepth": 60,
    "end_eng": 0.00015580177241700263,
    "end_sup": 0.9998776515086352,
    "num_states": 54
}
