{
    "pdepth": 60,
    "end_eng": 0.00016984150842612962,
    "end_sup": 0.9998478631965608,
    "num_states": 48
}
