{
    "pdepth": 60,
    "end_eng": 0.0007451192595519811,
    "end_sup": 0.9996176536499783,
    "num_states": 72
}
