{
    "pdepth": 60,
    "end_eng": 0.00019838515817355613,
    "end_sup": 0.9998299082806481,
    "num_states": 162
}
