{
    "pdepth": 60,
    "end_eng": 0.0003960254949871046,
    "end_sup": 0.9996039968150495,
    "num_states": 108
}
