{
    "pdepth": 60,
    "end_eng": 0.11313668749951991,
    "end_sup": 0.8874565906627632,
    "num_states": 108
}
