{
    "pdepth": 60,
    "end_eng": 0.00033764475560272883,
    "end_sup": 0.9997702412327019,
    "num_states": 54
}
