{
    "pdepth": 60,
    "end_eng": 0.0029951398986870544,
    "end_sup": 0.9974689723069807,
    "num_states": 108
}
