{
    "pdepth": 60,
    "end_eng": 0.0020489804357336954,
    "end_sup": 0.9988881683512923,
    "num_states": 288
}
