{
    "pdepth": 60,
    "end_eng": 0.0002522306926545886,
    "end_sup": 0.9997524679434358,
    "num_states": 72
}
