{
    "pdepth": 60,
    "end_eng": 0.0360123984559066,
    "end_sup": 0.9641026986045985,
    "num_states": 54
}
