{
    "pdepth": 60,
    "end_eng": 0.000738474602182473,
    "end_sup": 0.9995248171839481,
    "num_states": 108
}
