{
    "pdepth": 60,
    "end_eng": 0.0003460916619808438,
    "end_sup": 0.9996612983102724,
    "num_states": 432
}
