{
    "pdepth": 60,
    "end_eng": 0.0007598461602670708,
    "end_sup": 0.9994393181023715,
    "num_states": 216
}
