{
    "pdepth": 60,
    "end_eng": 0.0005633219332861732,
    "end_sup": 0.9994832984207855,
    "num_states": 216
}
