{
    "pdepth": 60,
    "end_eng": 1.654646979344688e-5,
    "end_sup": 0.9999834535949657,
    "num_states": 54
}
