{
    "pdepth": 60,
    "end_eng": 0.004207612442645047,
    "end_sup": 0.9987785608268837,
    "num_states": 288
}
