{
    "pdepth": 60,
    "end_eng": 0.0014747310558155982,
    "end_sup": 0.9992450559923275,
    "num_states": 216
}
