{
    "pdepth": 60,
    "end_eng": 0.00709420263726625,
    "end_sup": 0.993138671900939,
    "num_states": 216
}
