{
    "pdepth": 60,
    "end_eng": 0.00046289203174352964,
    "end_sup": 0.9995697912264615,
    "num_states": 128
}
