{
    "pdepth": 60,
    "end_eng": 0.0011974015337672653,
    "end_sup": 0.9988550634834243,
    "num_states": 72
}
