{
    "pdepth": 60,
    "end_eng": 0.000361613172286808,
    "end_sup": 0.999665428094806,
    "num_states": 216
}
