{
    "pdepth": 60,
    "end_eng": 0.000526446481359783,
    "end_sup": 0.9997150867809411,
    "num_states": 108
}
