{
    "pdepth": 60,
    "end_eng": 0.004331204971613561,
    "end_sup": 0.9964147569539179,
    "num_states": 288
}
