{
    "pdepth": 60,
    "end_eng": 0.008594949935907604,
    "end_sup": 0.9914641019407976,
    "num_states": 216
}
