{
    "pdepth": 60,
    "end_eng": 0.01236180664481599,
    "end_sup": 0.9879234849459707,
    "num_states": 144
}
