{
    "pdepth": 60,
    "end_eng": 0.000452014720730208,
    "end_sup": 0.9995842989576238,
    "num_states": 288
}
