{
    "pdepth": 14,
    "end_eng": 0.08883955647056914,
    "end_sup": 0.9316290658956092,
    "num_states": 2048
}
