{
    "pdepth": 14,
    "end_eng": 0.1445844399047253,
    "end_sup": 0.867096442178073,
    "num_states": 4096
}
