{
    "pdepth": 14,
    "end_eng": 0.046313479207745756,
    "end_sup": 0.955119207493776,
    "num_states": 1024
}
