{
    "pdepth": 14,
    "end_eng": 0.1362549915478194,
    "end_sup": 0.8915124007577809,
    "num_states": 512
}
