{
    "pdepth": 14,
    "end_eng": 0.09212358289351849,
    "end_sup": 0.9154516434617286,
    "num_states": 4096
}
