{
    "pdepth": 14,
    "end_eng": 0.15652850507463484,
    "end_sup": 0.8786860373300813,
    "num_states": 512
}
