{
    "pdepth": 14,
    "end_eng": 0.10306180426341423,
    "end_sup": 0.9095256339769122,
    "num_states": 1024
}
