{
    "pdepth": 14,
    "end_eng": 0.07057697321578908,
    "end_sup": 0.933923288195921,
    "num_states": 2048
}
