{
    "pdepth": 14,
    "end_eng": 0.5267145921699495,
    "end_sup": 0.5158449285942954,
    "num_states": 1024
}
