{
    "pdepth": 14,
    "end_eng": 0.12040174912581653,
    "end_sup": 0.9016101164287285,
    "num_states": 512
}
