{
    "pdepth": 14,
    "end_eng": 0.10882983488131776,
    "end_sup": 0.897946365536039,
    "num_states": 8192
}
