{
    "pdepth": 14,
    "end_eng": 0.11063650388427718,
    "end_sup": 0.8978752123438052,
    "num_states": 4096
}
