{
    "pdepth": 14,
    "end_eng": 0.13686764813403937,
    "end_sup": 0.8879562018475197,
    "num_states": 1024
}
