{
    "pdepth": 14,
    "end_eng": 0.0973175361036108,
    "end_sup": 0.9119183283685063,
    "num_states": 2048
}
