{
    "pdepth": 14,
    "end_eng": 0.12515263960937215,
    "end_sup": 0.9167379879264596,
    "num_states": 256
}
