{
    "pdepth": 14,
    "end_eng": 0.09147340703249293,
    "end_sup": 0.9257760868463205,
    "num_states": 512
}
