{
    "pdepth": 14,
    "end_eng": 0.35054198844879475,
    "end_sup": 0.7416874916438645,
    "num_states": 256
}
