{
    "pdepth": 14,
    "end_eng": 0.3164942784760014,
    "end_sup": 0.7188430122299723,
    "num_states": 256
}
