{
    "pdepth": 14,
    "end_eng": 0.157559237460484,
    "end_sup": 0.8679095492025818,
    "num_states": 512
}
