{
    "pdepth": 14,
    "end_eng": 0.06069427282214273,
    "end_sup": 0.9432552369272217,
    "num_states": 2048
}
