{
    "pdepth": 14,
    "end_eng": 0.24928399224088077,
    "end_sup": 0.7712482700171679,
    "num_states": 2048
}
