{
    "pdepth": 14,
    "end_eng": 0.05939708545189268,
    "end_sup": 0.9572726561667598,
    "num_states": 512
}
