{
    "pdepth": 14,
    "end_eng": 0.0887726834841707,
    "end_sup": 0.9351977139131337,
    "num_states": 1024
}
