{
    "pdepth": 14,
    "end_eng": 0.10223727051808432,
    "end_sup": 0.9056155167128966,
    "num_states": 1024
}
