{
    "pdepth": 14,
    "end_eng": 0.1684357340035452,
    "end_sup": 0.8604133099930309,
    "num_states": 1024
}
