{
    "pdepth": 14,
    "end_eng": 0.06622576769555139,
    "end_sup": 0.9446722173884848,
    "num_states": 512
}
