{
    "pdepth": 14,
    "end_eng": 0.06901293136028074,
    "end_sup": 0.9348446623588236,
    "num_states": 1024
}
