{
    "pdepth": 14,
    "end_eng": 0.07841173898311542,
    "end_sup": 0.9242573897639972,
    "num_states": 1024
}
