{
    "pdepth": 14,
    "end_eng": 0.15628880250475274,
    "end_sup": 0.8617329825540487,
    "num_states": 512
}
