{
    "pdepth": 14,
    "end_eng": 0.16670254594413436,
    "end_sup": 0.8594295920477226,
    "num_states": 512
}
