{
    "pdepth": 14,
    "end_eng": 0.40426544868773623,
    "end_sup": 0.6271885825280876,
    "num_states": 1024
}
