{
    "pdepth": 14,
    "end_eng": 0.14458443990472536,
    "end_sup": 0.8670964421780736,
    "num_states": 4096
}
