{
    "pdepth": 14,
    "end_eng": 0.09232499622965135,
    "end_sup": 0.9147393431517397,
    "num_states": 512
}
