{
    "pdepth": 14,
    "end_eng": 0.3053628674319109,
    "end_sup": 0.73288996151533,
    "num_states": 1024
}
