{
    "pdepth": 14,
    "end_eng": 0.13679278451183027,
    "end_sup": 0.8737692289205381,
    "num_states": 1024
}
