{
    "pdepth": 14,
    "end_eng": 0.30081183639075293,
    "end_sup": 0.7323952631461087,
    "num_states": 512
}
