{
    "pdepth": 14,
    "end_eng": 0.11831520739554098,
    "end_sup": 0.8900639933992724,
    "num_states": 8192
}
