{
    "pdepth": 14,
    "end_eng": 0.20679923943596534,
    "end_sup": 0.8878963567442602,
    "num_states": 512
}
