{
    "pdepth": 14,
    "end_eng": 0.16493642369029293,
    "end_sup": 0.849972548218178,
    "num_states": 1024
}
