{
    "pdepth": 14,
    "end_eng": 0.22100746955828215,
    "end_sup": 0.790335023782027,
    "num_states": 512
}
