{
    "pdepth": 14,
    "end_eng": 0.2525705178704571,
    "end_sup": 0.774151767814867,
    "num_states": 512
}
