{
    "pdepth": 14,
    "end_eng": 0.08448793089723206,
    "end_sup": 0.9449816179152102,
    "num_states": 512
}
