{
    "pdepth": 14,
    "end_eng": 0.06135953042010996,
    "end_sup": 0.9441424713878643,
    "num_states": 512
}
