{
    "pdepth": 14,
    "end_eng": 0.110913756288533,
    "end_sup": 0.9160472641471671,
    "num_states": 1024
}
