{
    "pdepth": 14,
    "end_eng": 0.15139101621841722,
    "end_sup": 0.8641368954293986,
    "num_states": 512
}
