{
    "pdepth": 14,
    "end_eng": 0.17571657227486653,
    "end_sup": 0.8509567901925749,
    "num_states": 2048
}
