{
    "pdepth": 14,
    "end_eng": 0.17441806950112024,
    "end_sup": 0.8523528373062896,
    "num_states": 512
}
