{
    "pdepth": 14,
    "end_eng": 0.07660759014864207,
    "end_sup": 0.9291445548548553,
    "num_states": 2048
}
