{
    "pdepth": 14,
    "end_eng": 0.2612204014664169,
    "end_sup": 0.7528167466502723,
    "num_states": 2048
}
