{
    "pdepth": 14,
    "end_eng": 0.0746042191928315,
    "end_sup": 0.9369093102381467,
    "num_states": 512
}
