{
    "pdepth": 14,
    "end_eng": 0.262270818475637,
    "end_sup": 0.7680752511734139,
    "num_states": 256
}
