{
    "pdepth": 14,
    "end_eng": 0.07523352130403121,
    "end_sup": 0.9540850494838014,
    "num_states": 256
}
