{
    "pdepth": 14,
    "end_eng": 0.4935061634945269,
    "end_sup": 0.5257686839955152,
    "num_states": 256
}
