{
    "pdepth": 14,
    "end_eng": 0.14861918337980468,
    "end_sup": 0.8774616560769264,
    "num_states": 256
}
