{
    "pdepth": 14,
    "end_eng": 0.1376553595310679,
    "end_sup": 0.8910181602926517,
    "num_states": 512
}
