{
    "pdepth": 14,
    "end_eng": 0.6469763390872101,
    "end_sup": 0.4011750317464143,
    "num_states": 512
}
