{
    "pdepth": 14,
    "end_eng": 0.10964168383962941,
    "end_sup": 0.9003219195196742,
    "num_states": 2048
}
