{
    "pdepth": 14,
    "end_eng": 0.10455367500096661,
    "end_sup": 0.9205900013389183,
    "num_states": 2048
}
