{
    "pdepth": 14,
    "end_eng": 0.20635685398758175,
    "end_sup": 0.816758236011028,
    "num_states": 1024
}
