{
    "pdepth": 14,
    "end_eng": 0.2572246634728938,
    "end_sup": 0.7735567762619546,
    "num_states": 256
}
