{
    "pdepth": 14,
    "end_eng": 0.2776084025514026,
    "end_sup": 0.7633981647061533,
    "num_states": 256
}
