{
    "pdepth": 14,
    "end_eng": 0.11531683160170655,
    "end_sup": 0.8908173521696218,
    "num_states": 4096
}
