{
    "pdepth": 14,
    "end_eng": 0.094111312553186,
    "end_sup": 0.9272154664503403,
    "num_states": 1024
}
