{
    "pdepth": 14,
    "end_eng": 0.29157603917266356,
    "end_sup": 0.7299399020466415,
    "num_states": 4096
}
