{
    "pdepth": 14,
    "end_eng": 0.4345659921227638,
    "end_sup": 0.6015408095185607,
    "num_states": 512
}
