{
    "pdepth": 14,
    "end_eng": 0.08528754717943515,
    "end_sup": 0.922199129533458,
    "num_states": 2048
}
