{
    "pdepth": 14,
    "end_eng": 0.06718126954253228,
    "end_sup": 0.93576650547277,
    "num_states": 512
}
