{
    "pdepth": 14,
    "end_eng": 0.08903550333194013,
    "end_sup": 0.9189930019591639,
    "num_states": 1024
}
