{
    "pdepth": 14,
    "end_eng": 0.14736055078561172,
    "end_sup": 0.8759314081763457,
    "num_states": 2048
}
