{
    "pdepth": 14,
    "end_eng": 0.11839281540270333,
    "end_sup": 0.8918289796221993,
    "num_states": 2048
}
