{
    "pdepth": 14,
    "end_eng": 0.19713175613801648,
    "end_sup": 0.8323728808821679,
    "num_states": 1024
}
