{
    "pdepth": 14,
    "end_eng": 0.12746470445325492,
    "end_sup": 0.8832137490846607,
    "num_states": 1024
}
