{
    "pdepth": 14,
    "end_eng": 0.060793301182603655,
    "end_sup": 0.9413629837431485,
    "num_states": 1024
}
