{
    "pdepth": 14,
    "end_eng": 0.1057604844920367,
    "end_sup": 0.903109813221648,
    "num_states": 4096
}
