{
    "pdepth": 14,
    "end_eng": 0.09578642239027577,
    "end_sup": 0.9136475703231643,
    "num_states": 2048
}
