{
    "pdepth": 14,
    "end_eng": 0.14004067867181128,
    "end_sup": 0.8869441256730424,
    "num_states": 256
}
