{
    "pdepth": 14,
    "end_eng": 0.09754716450100995,
    "end_sup": 0.9224906738031676,
    "num_states": 4096
}
