{
    "pdepth": 14,
    "end_eng": 0.15724716789292548,
    "end_sup": 0.8707647272055703,
    "num_states": 512
}
