{
    "pdepth": 14,
    "end_eng": 0.32925796908759336,
    "end_sup": 0.7064701924127552,
    "num_states": 128
}
