{
    "pdepth": 14,
    "end_eng": 0.35136585053198255,
    "end_sup": 0.6595452188513304,
    "num_states": 256
}
