{
    "pdepth": 14,
    "end_eng": 0.043954546264595495,
    "end_sup": 0.9577291820382474,
    "num_states": 512
}
