{
    "pdepth": 14,
    "end_eng": 0.3252206531474754,
    "end_sup": 0.7678121781966233,
    "num_states": 512
}
