{
    "pdepth": 14,
    "end_eng": 0.05847834303623462,
    "end_sup": 0.9455652389750263,
    "num_states": 512
}
