{
    "pdepth": 14,
    "end_eng": 0.25626164072782975,
    "end_sup": 0.7652815611054076,
    "num_states": 256
}
