{
    "pdepth": 14,
    "end_eng": 0.46832479038603164,
    "end_sup": 0.5605974715793858,
    "num_states": 512
}
