{
    "pdepth": 14,
    "end_eng": 0.4807635991209892,
    "end_sup": 0.5678648976433356,
    "num_states": 256
}
