{
    "pdepth": 14,
    "end_eng": 0.08090557692200782,
    "end_sup": 0.922614994436528,
    "num_states": 2048
}
