{
    "pdepth": 14,
    "end_eng": 0.09319951653616614,
    "end_sup": 0.916482578622428,
    "num_states": 1024
}
