{
    "pdepth": 14,
    "end_eng": 0.10779313516144137,
    "end_sup": 0.9006873358364429,
    "num_states": 2048
}
