{
    "pdepth": 14,
    "end_eng": 0.42159415548010376,
    "end_sup": 0.6207182527053203,
    "num_states": 1024
}
