{
    "pdepth": 14,
    "end_eng": 0.22892616471807728,
    "end_sup": 0.8059973524524505,
    "num_states": 512
}
