{
    "pdepth": 14,
    "end_eng": 0.1160629531270744,
    "end_sup": 0.8975773017383022,
    "num_states": 1024
}
