{
    "pdepth": 14,
    "end_eng": 0.1094870043281245,
    "end_sup": 0.9145255455525964,
    "num_states": 1024
}
