{
    "pdepth": 14,
    "end_eng": 0.3635090453951338,
    "end_sup": 0.6705706749007132,
    "num_states": 1024
}
