{
    "pdepth": 14,
    "end_eng": 0.16866758876125407,
    "end_sup": 0.8409252780426684,
    "num_states": 1024
}
