{
    "pdepth": 14,
    "end_eng": 0.264213505865785,
    "end_sup": 0.7661840299758154,
    "num_states": 512
}
