{
    "pdepth": 14,
    "end_eng": 0.13835401230091493,
    "end_sup": 0.8836760189678057,
    "num_states": 1024
}
