{
    "pdepth": 14,
    "end_eng": 0.36408050203263964,
    "end_sup": 0.6529693961041048,
    "num_states": 512
}
