{
    "pdepth": 14,
    "end_eng": 0.14786193251675134,
    "end_sup": 0.9290223780351178,
    "num_states": 2048
}
