{
    "pdepth": 60,
    "end_eng": 0.0005027195561626641,
    "end_sup": 0.9995671758464427,
    "num_states": 144
}
