{
    "pdepth": 60,
    "end_eng": 0.0002929487468736082,
    "end_sup": 0.9997070588860743,
    "num_states": 96
}
