{
    "pdepth": 60,
    "end_eng": 0.00029744456373520224,
    "end_sup": 0.9997219074605709,
    "num_states": 54
}
