{
    "pdepth": 60,
    "end_eng": 0.00032800894639182273,
    "end_sup": 0.9996719910536087,
    "num_states": 162
}
