{
    "pdepth": 60,
    "end_eng": 0.00087068281250175,
    "end_sup": 0.9994946355720867,
    "num_states": 144
}
