{
    "pdepth": 60,
    "end_eng": 0.00038126305238053113,
    "end_sup": 0.999639595026105,
    "num_states": 216
}
