{
    "pdepth": 60,
    "end_eng": 0.0010379300509776356,
    "end_sup": 0.9989928555448939,
    "num_states": 54
}
