{
    "pdepth": 60,
    "end_eng": 0.0005920494494133778,
    "end_sup": 0.9994080371582338,
    "num_states": 216
}
