{
    "pdepth": 60,
    "end_eng": 0.0006772777484993209,
    "end_sup": 0.9993750528532767,
    "num_states": 9
}
