{
    "pdepth": 60,
    "end_eng": 0.0003412127562360304,
    "end_sup": 0.9997205084761479,
    "num_states": 72
}
