{
    "pdepth": 60,
    "end_eng": 0.0003357468978728657,
    "end_sup": 0.9996806653340438,
    "num_states": 72
}
