{
    "pdepth": 60,
    "end_eng": 0.002731837203421462,
    "end_sup": 0.997342731777591,
    "num_states": 54
}
