{
    "pdepth": 60,
    "end_eng": 0.0003211083327846436,
    "end_sup": 0.999678906735434,
    "num_states": 72
}
