{
    "pdepth": 60,
    "end_eng": 0.009564075763156312,
    "end_sup": 0.9904830029938908,
    "num_states": 48
}
