{
    "pdepth": 60,
    "end_eng": 0.0003355432955570259,
    "end_sup": 0.999744293475068,
    "num_states": 108
}
