{
    "pdepth": 60,
    "end_eng": 0.0007067663150561961,
    "end_sup": 0.9993115370308863,
    "num_states": 54
}
