{
    "pdepth": 60,
    "end_eng": 0.00011658211591788543,
    "end_sup": 0.9998834178840822,
    "num_states": 36
}
