{
    "pdepth": 60,
    "end_eng": 0.00024251559299594754,
    "end_sup": 0.9997881642206699,
    "num_states": 72
}
