{
    "pdepth": 60,
    "end_eng": 0.004740681621351501,
    "end_sup": 0.9952934773279725,
    "num_states": 36
}
