{
    "pdepth": 60,
    "end_eng": 3.7605927588172624e-5,
    "end_sup": 0.9999639866818005,
    "num_states": 18
}
