{
    "pdepth": 60,
    "end_eng": 0.00033554329555702644,
    "end_sup": 0.9997442934750675,
    "num_states": 108
}
