{
    "pdepth": 60,
    "end_eng": 0.0004696701940548168,
    "end_sup": 0.9995597346870807,
    "num_states": 72
}
