{
    "pdepth": 60,
    "end_eng": 1.2077642368568632e-5,
    "end_sup": 0.999987922376838,
    "num_states": 6
}
