{
    "pdepth": 60,
    "end_eng": 0.0004222381278089403,
    "end_sup": 0.9995777660723446,
    "num_states": 54
}
