{
    "pdepth": 60,
    "end_eng": 0.0007959907815152312,
    "end_sup": 0.999229305683464,
    "num_states": 108
}
