{
    "pdepth": 60,
    "end_eng": 0.00011658211591789496,
    "end_sup": 0.9998834178840825,
    "num_states": 54
}
