{
    "pdepth": 60,
    "end_eng": 0.010768334839903327,
    "end_sup": 0.9894467260970851,
    "num_states": 72
}
