{
    "pdepth": 60,
    "end_eng": 0.00020238076463919443,
    "end_sup": 0.9998050746392309,
    "num_states": 54
}
