{
    "pdepth": 60,
    "end_eng": 0.001170674795194196,
    "end_sup": 0.999273464688355,
    "num_states": 72
}
