{
    "pdepth": 60,
    "end_eng": 4.913604371430636e-5,
    "end_sup": 0.9999661503694812,
    "num_states": 18
}
