{
    "pdepth": 60,
    "end_eng": 0.0002668483161073762,
    "end_sup": 0.9997360123975184,
    "num_states": 48
}
