{
    "pdepth": 60,
    "end_eng": 0.00016896033987559564,
    "end_sup": 0.9998310412785056,
    "num_states": 48
}
