{
    "pdepth": 60,
    "end_eng": 0.0004454770514364961,
    "end_sup": 0.999574687475359,
    "num_states": 216
}
