{
    "pdepth": 60,
    "end_eng": 0.00032110833278464025,
    "end_sup": 0.9996789067354339,
    "num_states": 72
}
