{
    "pdepth": 60,
    "end_eng": 0.00012677555691642374,
    "end_sup": 0.9998732256314564,
    "num_states": 72
}
