{
    "pdepth": 60,
    "end_eng": 0.0002580055379888781,
    "end_sup": 0.9998533347441652,
    "num_states": 54
}
