{
    "pdepth": 60,
    "end_eng": 1.7192823735490755e-5,
    "end_sup": 0.9999828071762649,
    "num_states": 36
}
