{
    "pdepth": 60,
    "end_eng": 0.00038584152114557585,
    "end_sup": 0.9997504157874102,
    "num_states": 36
}
