{
    "pdepth": 60,
    "end_eng": 0.0017198376581937132,
    "end_sup": 0.9984030581357574,
    "num_states": 144
}
