{
    "pdepth": 60,
    "end_eng": 0.00871563774114677,
    "end_sup": 0.9913587444522873,
    "num_states": 36
}
