{
    "pdepth": 60,
    "end_eng": 0.0026613776586420944,
    "end_sup": 0.9979833580945248,
    "num_states": 72
}
