{
    "pdepth": 60,
    "end_eng": 1.4778692273657713e-5,
    "end_sup": 0.9999852213623288,
    "num_states": 96
}
