{
    "pdepth": 60,
    "end_eng": 0.0005740880910743698,
    "end_sup": 0.999440406975376,
    "num_states": 18
}
