{
    "pdepth": 60,
    "end_eng": 6.726127076160356e-5,
    "end_sup": 0.9999327393109559,
    "num_states": 12
}
