{
    "pdepth": 60,
    "end_eng": 0.0008682434012885538,
    "end_sup": 0.9991408773491168,
    "num_states": 9
}
