{
    "pdepth": 60,
    "end_eng": 0.0007318213081021107,
    "end_sup": 0.9993090278969278,
    "num_states": 108
}
