{
    "pdepth": 60,
    "end_eng": 3.250762842378236e-5,
    "end_sup": 0.9999721300481363,
    "num_states": 18
}
