{
    "pdepth": 60,
    "end_eng": 0.0013033319640334265,
    "end_sup": 0.9988550976707858,
    "num_states": 128
}
