{
    "pdepth": 60,
    "end_eng": 0.0005117880789686608,
    "end_sup": 0.9994994371567222,
    "num_states": 18
}
