{
    "pdepth": 60,
    "end_eng": 0.0004628414381695764,
    "end_sup": 0.9995734761219054,
    "num_states": 72
}
