{
    "pdepth": 60,
    "end_eng": 0.0004228074018986183,
    "end_sup": 0.9995772345189944,
    "num_states": 432
}
