{
    "pdepth": 60,
    "end_eng": 0.0003143222881153606,
    "end_sup": 0.9997535192026538,
    "num_states": 72
}
