{
    "pdepth": 60,
    "end_eng": 0.00021595673003298115,
    "end_sup": 0.9997840523498183,
    "num_states": 216
}
