{
    "pdepth": 60,
    "end_eng": 0.00030179979859761577,
    "end_sup": 0.9997302455891778,
    "num_states": 72
}
