{
    "pdepth": 60,
    "end_eng": 0.00032123033417747886,
    "end_sup": 0.9996787847662543,
    "num_states": 144
}
