{
    "pdepth": 60,
    "end_eng": 0.000412697784159313,
    "end_sup": 0.9996059171697774,
    "num_states": 54
}
