{
    "pdepth": 60,
    "end_eng": 0.0007993301000923868,
    "end_sup": 0.9992321844048961,
    "num_states": 576
}
