{
    "pdepth": 60,
    "end_eng": 0.0008773821321037917,
    "end_sup": 0.9994996705039005,
    "num_states": 48
}
