{
    "pdepth": 60,
    "end_eng": 2.4972133272179622e-5,
    "end_sup": 0.9999750280719752,
    "num_states": 32
}
