{
    "pdepth": 60,
    "end_eng": 0.00022012690119084717,
    "end_sup": 0.9997845509161358,
    "num_states": 54
}
