{
    "pdepth": 60,
    "end_eng": 0.05167272409907592,
    "end_sup": 0.9484359363792235,
    "num_states": 72
}
