{
    "pdepth": 60,
    "end_eng": 0.00038561938161278745,
    "end_sup": 0.9996324157874688,
    "num_states": 108
}
