{
    "pdepth": 60,
    "end_eng": 0.0002492129336457716,
    "end_sup": 0.9998127090281347,
    "num_states": 18
}
