{
    "pdepth": 60,
    "end_eng": 0.00020243743025101662,
    "end_sup": 0.9997975695031845,
    "num_states": 108
}
