{
    "pdepth": 60,
    "end_eng": 0.0030352398685812507,
    "end_sup": 0.9971708520004796,
    "num_states": 144
}
