{
    "pdepth": 60,
    "end_eng": 0.00016465739054390824,
    "end_sup": 0.9998511710779896,
    "num_states": 48
}
