{
    "pdepth": 60,
    "end_eng": 0.0003365991415371441,
    "end_sup": 0.9996723177982033,
    "num_states": 96
}
