{
    "pdepth": 60,
    "end_eng": 0.0003375091391139284,
    "end_sup": 0.9996928028996761,
    "num_states": 108
}
