{
    "pdepth": 60,
    "end_eng": 0.00022516885401474183,
    "end_sup": 0.9997807263320699,
    "num_states": 36
}
