{
    "pdepth": 60,
    "end_eng": 0.0002640405030215642,
    "end_sup": 0.9997359594969787,
    "num_states": 36
}
