{
    "pdepth": 60,
    "end_eng": 0.0030247667533384575,
    "end_sup": 0.9970009029808627,
    "num_states": 54
}
