{
    "pdepth": 60,
    "end_eng": 0.0016481828873459617,
    "end_sup": 0.9992765898262844,
    "num_states": 288
}
