{
    "pdepth": 60,
    "end_eng": 0.011816318258559274,
    "end_sup": 0.9882272792188658,
    "num_states": 36
}
