{
    "pdepth": 60,
    "end_eng": 0.0007539949275336596,
    "end_sup": 0.999572929205209,
    "num_states": 72
}
