{
    "pdepth": 60,
    "end_eng": 0.00012445110191751756,
    "end_sup": 0.9998755533264275,
    "num_states": 72
}
