{
    "pdepth": 60,
    "end_eng": 0.00036791769428324824,
    "end_sup": 0.9996834838571613,
    "num_states": 144
}
