{
    "pdepth": 60,
    "end_eng": 1.2077642368570096e-5,
    "end_sup": 0.9999879223768376,
    "num_states": 36
}
