{
    "pdepth": 60,
    "end_eng": 0.00038088237874453696,
    "end_sup": 0.9996735975024933,
    "num_states": 18
}
