{
    "pdepth": 60,
    "end_eng": 0.0014613590759589169,
    "end_sup": 0.9990025423812389,
    "num_states": 36
}
