{
    "pdepth": 60,
    "end_eng": 0.005246210418497633,
    "end_sup": 0.9950592178445465,
    "num_states": 36
}
