{
    "pdepth": 60,
    "end_eng": 9.972626101159058e-5,
    "end_sup": 0.9999002761716396,
    "num_states": 54
}
