{
    "pdepth": 60,
    "end_eng": 0.000989073859307336,
    "end_sup": 0.9990297954479608,
    "num_states": 288
}
