{
    "pdepth": 60,
    "end_eng": 0.00015785862548316706,
    "end_sup": 0.9998663269505168,
    "num_states": 36
}
