{
    "pdepth": 60,
    "end_eng": 0.0011023394490294093,
    "end_sup": 0.9991219934172608,
    "num_states": 144
}
