{
    "pdepth": 60,
    "end_eng": 0.00021378766446807367,
    "end_sup": 0.999794373265184,
    "num_states": 27
}
