{
    "pdepth": 60,
    "end_eng": 0.002301906745702152,
    "end_sup": 0.9984716905697479,
    "num_states": 18
}
