{
    "pdepth": 60,
    "end_eng": 0.00028670233505259315,
    "end_sup": 0.9997244155601467,
    "num_states": 54
}
