{
    "pdepth": 60,
    "end_eng": 0.00020130332873274584,
    "end_sup": 0.9997987034246444,
    "num_states": 108
}
