{
    "pdepth": 60,
    "end_eng": 0.00030331233548575335,
    "end_sup": 0.9997379024749296,
    "num_states": 216
}
