{
    "pdepth": 60,
    "end_eng": 0.000921868761468256,
    "end_sup": 0.9991951310712055,
    "num_states": 72
}
