{
    "pdepth": 60,
    "end_eng": 0.00016065110024712122,
    "end_sup": 0.9998393491989017,
    "num_states": 36
}
