{
    "pdepth": 60,
    "end_eng": 0.023280887923924576,
    "end_sup": 0.9768310420502656,
    "num_states": 48
}
