{
    "pdepth": 60,
    "end_eng": 0.02818985078305796,
    "end_sup": 0.9718334695256481,
    "num_states": 9
}
