{
    "pdepth": 14,
    "end_eng": 0.014481889360624193,
    "end_sup": 0.9863704920987041,
    "num_states": 108
}
