{
    "pdepth": 14,
    "end_eng": 0.0033896091177241894,
    "end_sup": 0.9966103908822765,
    "num_states": 27
}
