{
    "pdepth": 14,
    "end_eng": 0.035663993339460597,
    "end_sup": 0.9651889848622397,
    "num_states": 108
}
