{
    "pdepth": 14,
    "end_eng": 0.01581147866095917,
    "end_sup": 0.9847626827167304,
    "num_states": 144
}
