{
    "pdepth": 14,
    "end_eng": 0.13112252008607939,
    "end_sup": 0.8859999300090142,
    "num_states": 72
}
