{
    "pdepth": 14,
    "end_eng": 0.011677785421559698,
    "end_sup": 0.98832221457844,
    "num_states": 81
}
