{
    "pdepth": 14,
    "end_eng": 0.07533703085204696,
    "end_sup": 0.92769369689986,
    "num_states": 216
}
