{
    "pdepth": 14,
    "end_eng": 0.006494679322872339,
    "end_sup": 0.9953705258087938,
    "num_states": 18
}
