{
    "pdepth": 14,
    "end_eng": 0.11850796209850048,
    "end_sup": 0.9044176232992477,
    "num_states": 192
}
