{
    "pdepth": 14,
    "end_eng": 0.0018318179781072158,
    "end_sup": 0.9982346666542258,
    "num_states": 24
}
