{
    "pdepth": 14,
    "end_eng": 0.04707995626664204,
    "end_sup": 0.9600830119816423,
    "num_states": 288
}
