{
    "pdepth": 14,
    "end_eng": 0.005466191137267136,
    "end_sup": 0.9948830167309247,
    "num_states": 12
}
