{
    "pdepth": 14,
    "end_eng": 0.05790270245731132,
    "end_sup": 0.9490134628324843,
    "num_states": 192
}
