{
    "pdepth": 14,
    "end_eng": 0.04140628232866464,
    "end_sup": 0.9691223031612272,
    "num_states": 72
}
