{
    "pdepth": 14,
    "end_eng": 0.009773596193183855,
    "end_sup": 0.9908911373783248,
    "num_states": 216
}
