{
    "pdepth": 14,
    "end_eng": 0.0895281785955209,
    "end_sup": 0.9150282675090472,
    "num_states": 18
}
