{
    "pdepth": 14,
    "end_eng": 0.003879277743550913,
    "end_sup": 0.9961244815813252,
    "num_states": 27
}
