{
    "pdepth": 14,
    "end_eng": 0.012031756059255432,
    "end_sup": 0.9887266440216487,
    "num_states": 54
}
