{
    "pdepth": 14,
    "end_eng": 0.014021443873477367,
    "end_sup": 0.9859785561265226,
    "num_states": 12
}
