{
    "pdepth": 14,
    "end_eng": 0.022031138350863174,
    "end_sup": 0.9792600629182824,
    "num_states": 72
}
