{
    "pdepth": 14,
    "end_eng": 0.0274691956587075,
    "end_sup": 0.9736566169933838,
    "num_states": 27
}
