{
    "pdepth": 14,
    "end_eng": 0.028275378678650157,
    "end_sup": 0.9743148114145715,
    "num_states": 48
}
