{
    "pdepth": 14,
    "end_eng": 0.008494940848818494,
    "end_sup": 0.9921136696277147,
    "num_states": 18
}
