{
    "pdepth": 14,
    "end_eng": 0.0898134659743786,
    "end_sup": 0.9143146007508829,
    "num_states": 144
}
