{
    "pdepth": 14,
    "end_eng": 0.11666327359164227,
    "end_sup": 0.8850367769943823,
    "num_states": 72
}
