{
    "pdepth": 14,
    "end_eng": 0.1373526525072458,
    "end_sup": 0.9390690353231926,
    "num_states": 192
}
