{
    "pdepth": 14,
    "end_eng": 0.01434805467432779,
    "end_sup": 0.9869647720660228,
    "num_states": 48
}
