{
    "pdepth": 14,
    "end_eng": 0.10178323322647695,
    "end_sup": 0.9156933060952949,
    "num_states": 72
}
