{
    "pdepth": 14,
    "end_eng": 0.03511403399172737,
    "end_sup": 0.9669703319134693,
    "num_states": 36
}
