{
    "pdepth": 14,
    "end_eng": 0.044509064718655476,
    "end_sup": 0.963135789228092,
    "num_states": 144
}
