{
    "pdepth": 14,
    "end_eng": 0.0017473746414632637,
    "end_sup": 0.9982526253585364,
    "num_states": 36
}
