{
    "pdepth": 14,
    "end_eng": 0.06245178509826141,
    "end_sup": 0.9472942697861184,
    "num_states": 18
}
