{
    "pdepth": 14,
    "end_eng": 0.04057032364705208,
    "end_sup": 0.9697080771000388,
    "num_states": 144
}
