{
    "pdepth": 14,
    "end_eng": 0.04918036722566776,
    "end_sup": 0.9560942078636071,
    "num_states": 144
}
