{
    "pdepth": 14,
    "end_eng": 0.04812240502459522,
    "end_sup": 0.9577745737127679,
    "num_states": 144
}
