{
    "pdepth": 14,
    "end_eng": 0.005662049778581436,
    "end_sup": 0.9943450719050783,
    "num_states": 54
}
