{
    "pdepth": 14,
    "end_eng": 0.009993642208965484,
    "end_sup": 0.9931200677008228,
    "num_states": 72
}
