{
    "pdepth": 14,
    "end_eng": 0.029910569216787378,
    "end_sup": 0.9710737300664942,
    "num_states": 144
}
