{
    "pdepth": 14,
    "end_eng": 0.021327921310789994,
    "end_sup": 0.9852766533278369,
    "num_states": 36
}
