{
    "pdepth": 14,
    "end_eng": 0.030306709356998376,
    "end_sup": 0.9726009601283568,
    "num_states": 144
}
