{
    "pdepth": 14,
    "end_eng": 0.017437089929194273,
    "end_sup": 0.9826208190288385,
    "num_states": 48
}
