{
    "pdepth": 14,
    "end_eng": 0.11661018837316216,
    "end_sup": 0.8932008743833846,
    "num_states": 144
}
