{
    "pdepth": 14,
    "end_eng": 0.11627090256068984,
    "end_sup": 0.8923590630660463,
    "num_states": 36
}
