{
    "pdepth": 14,
    "end_eng": 0.016914186934492977,
    "end_sup": 0.9842244400856811,
    "num_states": 108
}
