{
    "pdepth": 14,
    "end_eng": 0.00931695304753068,
    "end_sup": 0.9921602013792624,
    "num_states": 54
}
