{
    "pdepth": 14,
    "end_eng": 0.04382273280204209,
    "end_sup": 0.9654529469868529,
    "num_states": 144
}
