{
    "pdepth": 14,
    "end_eng": 0.04013391881511027,
    "end_sup": 0.962446784337634,
    "num_states": 108
}
