{
    "pdepth": 14,
    "end_eng": 0.04825360533412174,
    "end_sup": 0.9557740848265416,
    "num_states": 288
}
