{
    "pdepth": 14,
    "end_eng": 0.01079401644852317,
    "end_sup": 0.9926571529636498,
    "num_states": 108
}
