{
    "pdepth": 14,
    "end_eng": 0.007394270894777293,
    "end_sup": 0.9929075746616247,
    "num_states": 18
}
