{
    "pdepth": 14,
    "end_eng": 0.13171061190404462,
    "end_sup": 0.9098760164167372,
    "num_states": 36
}
