{
    "pdepth": 14,
    "end_eng": 0.06315939030945897,
    "end_sup": 0.9555567146897255,
    "num_states": 72
}
