{
    "pdepth": 14,
    "end_eng": 0.02292807330410943,
    "end_sup": 0.9771089373116223,
    "num_states": 24
}
