{
    "pdepth": 14,
    "end_eng": 0.022076800149821843,
    "end_sup": 0.9796798003589884,
    "num_states": 24
}
