{
    "pdepth": 14,
    "end_eng": 0.20561473554925766,
    "end_sup": 0.8091956104542376,
    "num_states": 32
}
