{
    "pdepth": 14,
    "end_eng": 0.034262360633122685,
    "end_sup": 0.9701009284999788,
    "num_states": 27
}
