{
    "pdepth": 14,
    "end_eng": 0.015303688080215015,
    "end_sup": 0.9877822588899974,
    "num_states": 54
}
