{
    "pdepth": 14,
    "end_eng": 0.016252814088660337,
    "end_sup": 0.9849248379218492,
    "num_states": 72
}
