{
    "pdepth": 14,
    "end_eng": 0.2607787776581072,
    "end_sup": 0.7448150621691887,
    "num_states": 144
}
