{
    "pdepth": 14,
    "end_eng": 0.03692280359998003,
    "end_sup": 0.9719473149385558,
    "num_states": 36
}
