{
    "pdepth": 14,
    "end_eng": 0.25422732208753007,
    "end_sup": 0.7566994267820154,
    "num_states": 36
}
