{
    "pdepth": 14,
    "end_eng": 0.01698163803983711,
    "end_sup": 0.9854839006440477,
    "num_states": 36
}
