{
    "pdepth": 14,
    "end_eng": 0.005970487985878391,
    "end_sup": 0.994034062571165,
    "num_states": 72
}
