{
    "pdepth": 14,
    "end_eng": 0.010794016448523163,
    "end_sup": 0.9926571529636501,
    "num_states": 72
}
