{
    "pdepth": 14,
    "end_eng": 0.011383162394711866,
    "end_sup": 0.9898164287184085,
    "num_states": 54
}
