{
    "pdepth": 14,
    "end_eng": 0.0977865958091104,
    "end_sup": 0.9108691997459124,
    "num_states": 144
}
