{
    "pdepth": 14,
    "end_eng": 0.013586850961572295,
    "end_sup": 0.9872549439663132,
    "num_states": 36
}
