{
    "pdepth": 14,
    "end_eng": 0.009987730691063328,
    "end_sup": 0.9928415704141457,
    "num_states": 54
}
