{
    "pdepth": 14,
    "end_eng": 0.07031896269153654,
    "end_sup": 0.9413196491036051,
    "num_states": 144
}
