{
    "pdepth": 14,
    "end_eng": 0.009196671733767555,
    "end_sup": 0.991334780114045,
    "num_states": 24
}
