{
    "pdepth": 14,
    "end_eng": 0.020018392595023096,
    "end_sup": 0.9814286236651442,
    "num_states": 72
}
