{
    "pdepth": 14,
    "end_eng": 0.02007457312496256,
    "end_sup": 0.9809207621101359,
    "num_states": 216
}
