{
    "pdepth": 14,
    "end_eng": 0.012031756059255414,
    "end_sup": 0.9887266440216484,
    "num_states": 18
}
