{
    "pdepth": 14,
    "end_eng": 0.016315332561227594,
    "end_sup": 0.9844621339720697,
    "num_states": 108
}
