{
    "pdepth": 14,
    "end_eng": 0.00968335231859358,
    "end_sup": 0.9922458093470867,
    "num_states": 18
}
