{
    "pdepth": 14,
    "end_eng": 0.1136928328424026,
    "end_sup": 0.8971319699663242,
    "num_states": 144
}
