{
    "pdepth": 14,
    "end_eng": 0.1023131675183824,
    "end_sup": 0.8977489625936037,
    "num_states": 36
}
