{
    "pdepth": 14,
    "end_eng": 0.014718393142110799,
    "end_sup": 0.9862193976135065,
    "num_states": 108
}
