{
    "pdepth": 14,
    "end_eng": 0.15311233607101957,
    "end_sup": 0.8638023349543524,
    "num_states": 36
}
