{
    "pdepth": 14,
    "end_eng": 0.010133098156452669,
    "end_sup": 0.9906242136725404,
    "num_states": 24
}
