{
    "pdepth": 14,
    "end_eng": 0.009735100260843864,
    "end_sup": 0.9902718715338487,
    "num_states": 108
}
