{
    "pdepth": 14,
    "end_eng": 0.023270334081976544,
    "end_sup": 0.9784366667991344,
    "num_states": 54
}
