{
    "pdepth": 14,
    "end_eng": 0.029740996785206957,
    "end_sup": 0.9794977317759583,
    "num_states": 36
}
