{
    "pdepth": 14,
    "end_eng": 0.03929491170048215,
    "end_sup": 0.9626235994897259,
    "num_states": 108
}
