{
    "pdepth": 14,
    "end_eng": 0.21042968163876077,
    "end_sup": 0.7920000753079325,
    "num_states": 108
}
