{
    "pdepth": 14,
    "end_eng": 0.015474336321791654,
    "end_sup": 0.9852704409711474,
    "num_states": 36
}
