{
    "pdepth": 60,
    "end_eng": 0.011764987636653366,
    "end_sup": 0.9896985438931039,
    "num_states": 256
}
