{
    "pdepth": 60,
    "end_eng": 0.0030318351661149322,
    "end_sup": 0.9973193345579697,
    "num_states": 1024
}
