{
    "pdepth": 60,
    "end_eng": 0.00416716496449337,
    "end_sup": 0.9962638855912346,
    "num_states": 1024
}
