{
    "pdepth": 60,
    "end_eng": 0.004534806222463312,
    "end_sup": 0.9971980084955331,
    "num_states": 1024
}
