{
    "pdepth": 60,
    "end_eng": 0.0047484949188980954,
    "end_sup": 0.996819543557126,
    "num_states": 2048
}
