{
    "pdepth": 60,
    "end_eng": 0.005591564093843924,
    "end_sup": 0.9963953991175498,
    "num_states": 1024
}
