{
    "pdepth": 60,
    "end_eng": 0.23048932292655144,
    "end_sup": 0.7844563814036885,
    "num_states": 256
}
