{
    "pdepth": 60,
    "end_eng": 0.00402636361411807,
    "end_sup": 0.9970011421208346,
    "num_states": 1024
}
