{
    "pdepth": 60,
    "end_eng": 0.004122785167697546,
    "end_sup": 0.9968773935830214,
    "num_states": 1024
}
