{
    "pdepth": 60,
    "end_eng": 0.035071536748496085,
    "end_sup": 0.9670839578612934,
    "num_states": 512
}
