{
    "pdepth": 60,
    "end_eng": 0.009211723506375525,
    "end_sup": 0.9921377455890359,
    "num_states": 1024
}
