{
    "pdepth": 60,
    "end_eng": 0.003363707675547271,
    "end_sup": 0.9972217439796649,
    "num_states": 2048
}
