{
    "pdepth": 60,
    "end_eng": 0.0031107453454063006,
    "end_sup": 0.9969754183381538,
    "num_states": 1024
}
