{
    "pdepth": 60,
    "end_eng": 0.006300510513705488,
    "end_sup": 0.9958639809282165,
    "num_states": 1024
}
