{
    "pdepth": 60,
    "end_eng": 0.08966410033823496,
    "end_sup": 0.9128663045827656,
    "num_states": 128
}
