{
    "pdepth": 60,
    "end_eng": 0.003084718112382237,
    "end_sup": 0.9973455133736523,
    "num_states": 512
}
