{
    "pdepth": 60,
    "end_eng": 0.006157969435995675,
    "end_sup": 0.9942619349965526,
    "num_states": 1024
}
