{
    "pdepth": 60,
    "end_eng": 0.007906120526468262,
    "end_sup": 0.9924595088077777,
    "num_states": 4096
}
