{
    "pdepth": 60,
    "end_eng": 0.003939456984049399,
    "end_sup": 0.9975326015369964,
    "num_states": 1024
}
