{
    "pdepth": 60,
    "end_eng": 0.005970488898673127,
    "end_sup": 0.9961983635189855,
    "num_states": 512
}
