{
    "pdepth": 60,
    "end_eng": 0.004703203928075075,
    "end_sup": 0.9955966189542237,
    "num_states": 2048
}
