{
    "pdepth": 60,
    "end_eng": 0.058675081406953655,
    "end_sup": 0.9431856682330932,
    "num_states": 512
}
