{
    "pdepth": 60,
    "end_eng": 0.005676397712691766,
    "end_sup": 0.9951960649535085,
    "num_states": 1024
}
