{
    "pdepth": 60,
    "end_eng": 0.004722755532324675,
    "end_sup": 0.9969026047484308,
    "num_states": 1024
}
