{
    "pdepth": 60,
    "end_eng": 0.0032718073543223734,
    "end_sup": 0.9970148687035125,
    "num_states": 1024
}
