{
    "pdepth": 60,
    "end_eng": 0.0077697397361593075,
    "end_sup": 0.9936039300978113,
    "num_states": 512
}
