{
    "pdepth": 60,
    "end_eng": 0.03267942169937292,
    "end_sup": 0.9680513972738641,
    "num_states": 512
}
