{
    "pdepth": 60,
    "end_eng": 0.006867353192657959,
    "end_sup": 0.9945608751502791,
    "num_states": 512
}
