{
    "pdepth": 60,
    "end_eng": 0.0038628833195104286,
    "end_sup": 0.9964243987920264,
    "num_states": 2048
}
