{
    "pdepth": 60,
    "end_eng": 0.015546587309116813,
    "end_sup": 0.9950952002351446,
    "num_states": 512
}
