{
    "pdepth": 60,
    "end_eng": 0.0060996677876772746,
    "end_sup": 0.9955885828123842,
    "num_states": 1024
}
