{
    "pdepth": 60,
    "end_eng": 0.004062738199723649,
    "end_sup": 0.9963368097942491,
    "num_states": 512
}
