{
    "pdepth": 60,
    "end_eng": 0.00534979470492194,
    "end_sup": 0.997463208335543,
    "num_states": 1024
}
