{
    "pdepth": 60,
    "end_eng": 0.004221718516426477,
    "end_sup": 0.9961113950956841,
    "num_states": 512
}
