{
    "pdepth": 60,
    "end_eng": 0.1371124606557145,
    "end_sup": 0.8634824492661861,
    "num_states": 512
}
