{
    "pdepth": 60,
    "end_eng": 0.004257175247280389,
    "end_sup": 0.9960765094752627,
    "num_states": 1024
}
