{
    "pdepth": 60,
    "end_eng": 0.003084718112382248,
    "end_sup": 0.9973455133736526,
    "num_states": 512
}
