{
    "pdepth": 60,
    "end_eng": 0.02905570346609727,
    "end_sup": 0.9870688797858663,
    "num_states": 512
}
