{
    "pdepth": 60,
    "end_eng": 0.1371124606557143,
    "end_sup": 0.863482449266187,
    "num_states": 512
}
