{
    "pdepth": 60,
    "end_eng": 0.04176587770367727,
    "end_sup": 0.9586096748530447,
    "num_states": 1024
}
