{
    "pdepth": 60,
    "end_eng": 0.0023393974950170725,
    "end_sup": 0.9978269758184235,
    "num_states": 256
}
