{
    "pdepth": 60,
    "end_eng": 0.007190560871538467,
    "end_sup": 0.9953888732358702,
    "num_states": 256
}
