{
    "pdepth": 60,
    "end_eng": 0.0027752060450059466,
    "end_sup": 0.997534834816996,
    "num_states": 1024
}
