{
    "pdepth": 60,
    "end_eng": 0.00522667256997877,
    "end_sup": 0.9953702633972287,
    "num_states": 2048
}
