{
    "pdepth": 60,
    "end_eng": 0.025653692795215538,
    "end_sup": 0.9864657871761654,
    "num_states": 1024
}
