{
    "pdepth": 60,
    "end_eng": 0.019627144876893675,
    "end_sup": 0.9808431239971378,
    "num_states": 512
}
