{
    "pdepth": 60,
    "end_eng": 0.005539432636797098,
    "end_sup": 0.995274100209041,
    "num_states": 128
}
