{
    "pdepth": 60,
    "end_eng": 0.00272960169972797,
    "end_sup": 0.99743746197877,
    "num_states": 1024
}
