{
    "pdepth": 60,
    "end_eng": 0.0040767762736742975,
    "end_sup": 0.9960908277775649,
    "num_states": 1024
}
