{
    "pdepth": 60,
    "end_eng": 0.004255823849843696,
    "end_sup": 0.9970742568431824,
    "num_states": 2048
}
