{
    "pdepth": 60,
    "end_eng": 0.005045103483036963,
    "end_sup": 0.9955147491901801,
    "num_states": 2048
}
