{
    "pdepth": 60,
    "end_eng": 0.13477165566490856,
    "end_sup": 0.866661361581954,
    "num_states": 1024
}
