{
    "pdepth": 60,
    "end_eng": 0.013286880825846066,
    "end_sup": 0.9884601382292131,
    "num_states": 2048
}
