{
    "pdepth": 60,
    "end_eng": 0.004238277133602284,
    "end_sup": 0.9961278424366609,
    "num_states": 4096
}
