{
    "pdepth": 60,
    "end_eng": 0.01982364999239171,
    "end_sup": 0.9813735974548401,
    "num_states": 256
}
