{
    "pdepth": 60,
    "end_eng": 0.09896642865338062,
    "end_sup": 0.9024634965762488,
    "num_states": 1024
}
