{
    "pdepth": 60,
    "end_eng": 0.0028348168055334784,
    "end_sup": 0.997631581080385,
    "num_states": 1024
}
