{
    "pdepth": 60,
    "end_eng": 0.003481870029891635,
    "end_sup": 0.9978737590161337,
    "num_states": 1024
}
