{
    "pdepth": 60,
    "end_eng": 0.003585423987566965,
    "end_sup": 0.9977950698219744,
    "num_states": 512
}
