{
    "pdepth": 60,
    "end_eng": 0.004560175826251403,
    "end_sup": 0.9974596509319296,
    "num_states": 1024
}
