{
    "pdepth": 60,
    "end_eng": 0.004522699793250654,
    "end_sup": 0.9959457402881557,
    "num_states": 2048
}
