{
    "pdepth": 60,
    "end_eng": 0.01152487279343091,
    "end_sup": 0.9900165852470832,
    "num_states": 512
}
