{
    "pdepth": 60,
    "end_eng": 0.005817754648910066,
    "end_sup": 0.9946733473611052,
    "num_states": 4096
}
