{
    "pdepth": 60,
    "end_eng": 0.01023732595304975,
    "end_sup": 0.990583256074738,
    "num_states": 1024
}
