{
    "pdepth": 60,
    "end_eng": 0.005076670349029819,
    "end_sup": 0.9964694390682313,
    "num_states": 2048
}
