{
    "pdepth": 60,
    "end_eng": 0.14838561490975755,
    "end_sup": 0.8665502061933634,
    "num_states": 256
}
