{
    "pdepth": 60,
    "end_eng": 0.00741419833494213,
    "end_sup": 0.9927699663989409,
    "num_states": 1024
}
