{
    "pdepth": 60,
    "end_eng": 0.005043357294220889,
    "end_sup": 0.9974213053786667,
    "num_states": 256
}
