{
    "pdepth": 60,
    "end_eng": 0.006603010722394241,
    "end_sup": 0.9943299847243969,
    "num_states": 1024
}
