{
    "pdepth": 60,
    "end_eng": 0.0019233263457549075,
    "end_sup": 0.9981377597819387,
    "num_states": 256
}
