{
    "pdepth": 60,
    "end_eng": 0.002997700268754312,
    "end_sup": 0.9974176984723188,
    "num_states": 1024
}
