{
    "pdepth": 60,
    "end_eng": 0.12527012055709838,
    "end_sup": 0.9725514718545614,
    "num_states": 512
}
