{
    "pdepth": 60,
    "end_eng": 0.0033059658229151628,
    "end_sup": 0.9977272401164953,
    "num_states": 1024
}
