{
    "pdepth": 60,
    "end_eng": 0.0038636536765468375,
    "end_sup": 0.9965210910884718,
    "num_states": 512
}
