{
    "pdepth": 60,
    "end_eng": 0.00403568894777767,
    "end_sup": 0.9965020544174252,
    "num_states": 256
}
