{
    "pdepth": 60,
    "end_eng": 0.053155577122407566,
    "end_sup": 0.9633455345533134,
    "num_states": 256
}
