{
    "pdepth": 60,
    "end_eng": 0.008253296985191956,
    "end_sup": 0.9921542302012621,
    "num_states": 2048
}
