{
    "pdepth": 60,
    "end_eng": 0.052081357681436034,
    "end_sup": 0.9519927074155772,
    "num_states": 256
}
