{
    "pdepth": 60,
    "end_eng": 0.005889348816014606,
    "end_sup": 0.9955196555512064,
    "num_states": 1024
}
