{
    "pdepth": 60,
    "end_eng": 0.0026540286864258442,
    "end_sup": 0.9974083425796063,
    "num_states": 2048
}
