{
    "pdepth": 60,
    "end_eng": 0.003623656511824735,
    "end_sup": 0.9972913892391218,
    "num_states": 4096
}
