{
    "pdepth": 60,
    "end_eng": 0.015350584861860065,
    "end_sup": 0.9859681780620663,
    "num_states": 256
}
