{
    "pdepth": 60,
    "end_eng": 0.00458100937506351,
    "end_sup": 0.9967812847588862,
    "num_states": 2048
}
