{
    "pdepth": 60,
    "end_eng": 0.017126666262714325,
    "end_sup": 0.9868204027257466,
    "num_states": 512
}
