{
    "pdepth": 60,
    "end_eng": 0.012150529393360587,
    "end_sup": 0.9896486729238957,
    "num_states": 1024
}
