{
    "pdepth": 60,
    "end_eng": 0.019894016302197722,
    "end_sup": 0.9930735648064068,
    "num_states": 512
}
