{
    "pdepth": 60,
    "end_eng": 0.004523253534235339,
    "end_sup": 0.9963911409449115,
    "num_states": 512
}
