{
    "pdepth": 60,
    "end_eng": 0.003593109814424366,
    "end_sup": 0.9976320219943091,
    "num_states": 1024
}
