{
    "pdepth": 60,
    "end_eng": 0.00499471998305517,
    "end_sup": 0.9974429500336714,
    "num_states": 1024
}
