{
    "pdepth": 60,
    "end_eng": 0.00842401458962815,
    "end_sup": 0.9931868788323235,
    "num_states": 512
}
