{
    "pdepth": 60,
    "end_eng": 0.005261317925063763,
    "end_sup": 0.9955123828789219,
    "num_states": 1024
}
