{
    "pdepth": 60,
    "end_eng": 0.0030267344388051408,
    "end_sup": 0.9974445237692187,
    "num_states": 512
}
