{
    "pdepth": 60,
    "end_eng": 0.003565871544505041,
    "end_sup": 0.9969192281300499,
    "num_states": 1024
}
