{
    "pdepth": 60,
    "end_eng": 0.03927392002851038,
    "end_sup": 0.9631318880449332,
    "num_states": 256
}
