{
    "pdepth": 60,
    "end_eng": 0.07196008520949167,
    "end_sup": 0.9294135493929171,
    "num_states": 512
}
