{
    "pdepth": 60,
    "end_eng": 0.0024837796184458377,
    "end_sup": 0.9975782191352891,
    "num_states": 1024
}
