{
    "pdepth": 60,
    "end_eng": 0.01748026620709853,
    "end_sup": 0.9831930679056322,
    "num_states": 1024
}
