{
    "pdepth": 60,
    "end_eng": 0.007843430432639575,
    "end_sup": 0.992602859368326,
    "num_states": 1024
}
