{
    "pdepth": 60,
    "end_eng": 0.033313323344242286,
    "end_sup": 0.9690273473114692,
    "num_states": 16384
}
