{
    "pdepth": 60,
    "end_eng": 0.3769659521483793,
    "end_sup": 0.6272075666065645,
    "num_states": 4096
}
