{
    "pdepth": 60,
    "end_eng": 0.01797017113351219,
    "end_sup": 0.9834927292726119,
    "num_states": 8192
}
