{
    "pdepth": 60,
    "end_eng": 0.04963495840819879,
    "end_sup": 0.9566942255203752,
    "num_states": 4096
}
