{
    "pdepth": 60,
    "end_eng": 0.028117029626039763,
    "end_sup": 0.9736677409127099,
    "num_states": 16384
}
