{
    "pdepth": 60,
    "end_eng": 0.005854252357601812,
    "end_sup": 0.9943628676929157,
    "num_states": 65536
}
