{
    "pdepth": 60,
    "end_eng": 0.0055685498432967405,
    "end_sup": 0.9951594393570969,
    "num_states": 8192
}
