{
    "pdepth": 60,
    "end_eng": 0.004322133627800433,
    "end_sup": 0.9960274761871715,
    "num_states": 32768
}
