{
    "pdepth": 60,
    "end_eng": 0.007823939586861095,
    "end_sup": 0.9938322095945796,
    "num_states": 16384
}
