{
    "pdepth": 60,
    "end_eng": 0.10276939232155266,
    "end_sup": 0.8994709277955462,
    "num_states": 16384
}
