{
    "pdepth": 60,
    "end_eng": 0.004592806224548222,
    "end_sup": 0.9956910583267694,
    "num_states": 16384
}
