{
    "pdepth": 60,
    "end_eng": 0.008255221009852232,
    "end_sup": 0.9923304934434766,
    "num_states": 16384
}
