{
    "pdepth": 60,
    "end_eng": 0.00648610766726153,
    "end_sup": 0.997166813582759,
    "num_states": 8192
}
