{
    "pdepth": 60,
    "end_eng": 0.021734805775157785,
    "end_sup": 0.9812741286420158,
    "num_states": 1024
}
