{
    "pdepth": 60,
    "end_eng": 0.012426166280354776,
    "end_sup": 0.9885901920382293,
    "num_states": 8192
}
