{
    "pdepth": 60,
    "end_eng": 0.005833333489065524,
    "end_sup": 0.9961526727297493,
    "num_states": 4096
}
