{
    "pdepth": 60,
    "end_eng": 0.007447169313781999,
    "end_sup": 0.993409416464589,
    "num_states": 16384
}
