{
    "pdepth": 60,
    "end_eng": 0.029195018477076184,
    "end_sup": 0.9745696152677652,
    "num_states": 8192
}
