{
    "pdepth": 60,
    "end_eng": 0.24785822178454062,
    "end_sup": 0.7678294046387839,
    "num_states": 1024
}
