{
    "pdepth": 60,
    "end_eng": 0.004893758012224568,
    "end_sup": 0.997140751450353,
    "num_states": 4096
}
