{
    "pdepth": 60,
    "end_eng": 0.23189470282299185,
    "end_sup": 0.7937941470680648,
    "num_states": 2048
}
