{
    "pdepth": 60,
    "end_eng": 0.06149189185644345,
    "end_sup": 0.9548521730287901,
    "num_states": 16384
}
