{
    "pdepth": 60,
    "end_eng": 0.02234936986504205,
    "end_sup": 0.9811537124959833,
    "num_states": 8192
}
