{
    "pdepth": 60,
    "end_eng": 0.011501753057910031,
    "end_sup": 0.9908274801543183,
    "num_states": 16384
}
