{
    "pdepth": 60,
    "end_eng": 0.07443079733359423,
    "end_sup": 0.9278070498331589,
    "num_states": 32768
}
