{
    "pdepth": 60,
    "end_eng": 0.16972142156551656,
    "end_sup": 0.8339457239039099,
    "num_states": 4096
}
