{
    "pdepth": 60,
    "end_eng": 0.04059343370662,
    "end_sup": 0.9749830518852526,
    "num_states": 8192
}
