{
    "pdepth": 60,
    "end_eng": 0.01255539168473203,
    "end_sup": 0.98780601665424,
    "num_states": 32768
}
