{
    "pdepth": 60,
    "end_eng": 0.05075726695299315,
    "end_sup": 0.9611264942975857,
    "num_states": 4096
}
