{
    "pdepth": 60,
    "end_eng": 0.021199296764001327,
    "end_sup": 0.9913642933439731,
    "num_states": 32768
}
