{
    "pdepth": 60,
    "end_eng": 0.00640348296681253,
    "end_sup": 0.9943305675975522,
    "num_states": 16384
}
