{
    "pdepth": 60,
    "end_eng": 0.21447748408668188,
    "end_sup": 0.7898505880386206,
    "num_states": 2048
}
