{
    "pdepth": 60,
    "end_eng": 0.1477647296402705,
    "end_sup": 0.9264816809069156,
    "num_states": 8192
}
