{
    "pdepth": 60,
    "end_eng": 0.00388452241749774,
    "end_sup": 0.9964633273868627,
    "num_states": 8192
}
