{
    "pdepth": 60,
    "end_eng": 0.031242510294872704,
    "end_sup": 0.9708357467994028,
    "num_states": 16384
}
