{
    "pdepth": 60,
    "end_eng": 0.021181594443404374,
    "end_sup": 0.9929076662272597,
    "num_states": 8192
}
