{
    "pdepth": 60,
    "end_eng": 0.00875707703789998,
    "end_sup": 0.9923004730886227,
    "num_states": 16384
}
