{
    "pdepth": 60,
    "end_eng": 0.009966892170459804,
    "end_sup": 0.9913868747197242,
    "num_states": 8192
}
