{
    "pdepth": 60,
    "end_eng": 0.005669680873715974,
    "end_sup": 0.9963042689557129,
    "num_states": 16384
}
