{
    "pdepth": 60,
    "end_eng": 0.4696663525018817,
    "end_sup": 0.5961752198987614,
    "num_states": 4096
}
