{
    "pdepth": 60,
    "end_eng": 0.1787674323726062,
    "end_sup": 0.8369286729463894,
    "num_states": 8192
}
