{
    "pdepth": 60,
    "end_eng": 0.015115757677754126,
    "end_sup": 0.9861182869451934,
    "num_states": 32768
}
