{
    "pdepth": 60,
    "end_eng": 0.0052611048124978545,
    "end_sup": 0.9954066028898937,
    "num_states": 16384
}
