{
    "pdepth": 60,
    "end_eng": 0.0056598702210198994,
    "end_sup": 0.9961027457551581,
    "num_states": 16384
}
