{
    "pdepth": 60,
    "end_eng": 0.0057565566443077525,
    "end_sup": 0.9948138024800748,
    "num_states": 16384
}
