{
    "pdepth": 60,
    "end_eng": 0.007693135457900929,
    "end_sup": 0.9950245807643814,
    "num_states": 16384
}
