{
    "pdepth": 60,
    "end_eng": 0.01351827749470989,
    "end_sup": 0.9885195717450261,
    "num_states": 16384
}
