{
    "pdepth": 60,
    "end_eng": 0.021018111583023847,
    "end_sup": 0.9916176183122483,
    "num_states": 8192
}
