{
    "pdepth": 60,
    "end_eng": 0.01820492286045638,
    "end_sup": 0.9849072897600936,
    "num_states": 8192
}
