{
    "pdepth": 60,
    "end_eng": 0.01763241576556524,
    "end_sup": 0.985338674313024,
    "num_states": 8192
}
