{
    "pdepth": 60,
    "end_eng": 0.006613143668439712,
    "end_sup": 0.9953212556759077,
    "num_states": 8192
}
