{
    "pdepth": 60,
    "end_eng": 0.17285822236692774,
    "end_sup": 0.9323944332553135,
    "num_states": 2048
}
