{
    "pdepth": 60,
    "end_eng": 0.0038053679146298636,
    "end_sup": 0.9964082256699969,
    "num_states": 65536
}
