{
    "pdepth": 60,
    "end_eng": 0.0152551999182172,
    "end_sup": 0.985559132418742,
    "num_states": 32768
}
