{
    "pdepth": 60,
    "end_eng": 0.11777068274279603,
    "end_sup": 0.8961662735723949,
    "num_states": 32768
}
