{
    "pdepth": 60,
    "end_eng": 0.03242991274420481,
    "end_sup": 0.9690171092404642,
    "num_states": 4096
}
