{
    "pdepth": 60,
    "end_eng": 0.014961363454709255,
    "end_sup": 0.9893603090418499,
    "num_states": 4096
}
