{
    "pdepth": 60,
    "end_eng": 0.018560649421736894,
    "end_sup": 0.9927864280769424,
    "num_states": 32768
}
