{
    "pdepth": 60,
    "end_eng": 0.1575515915986324,
    "end_sup": 0.8466071094480032,
    "num_states": 8192
}
