{
    "pdepth": 60,
    "end_eng": 0.010740123088864191,
    "end_sup": 0.9936617578065161,
    "num_states": 8192
}
