{
    "pdepth": 60,
    "end_eng": 0.23663632416964112,
    "end_sup": 0.8708859983629027,
    "num_states": 2048
}
