{
    "pdepth": 60,
    "end_eng": 0.012742120362349812,
    "end_sup": 0.9888874809680746,
    "num_states": 16384
}
