{
    "pdepth": 60,
    "end_eng": 0.005812426203637143,
    "end_sup": 0.9970355580220163,
    "num_states": 16384
}
