{
    "pdepth": 60,
    "end_eng": 0.07272534010721951,
    "end_sup": 0.92974510340994,
    "num_states": 8192
}
