{
    "pdepth": 60,
    "end_eng": 0.01439986264901931,
    "end_sup": 0.9865335188377141,
    "num_states": 16384
}
