{
    "pdepth": 60,
    "end_eng": 0.2394459519084064,
    "end_sup": 0.774143707525877,
    "num_states": 8192
}
