{
    "pdepth": 60,
    "end_eng": 0.12101188897163073,
    "end_sup": 0.8859299738972466,
    "num_states": 1024
}
