{
    "pdepth": 60,
    "end_eng": 0.054228183813571584,
    "end_sup": 0.9501662638538362,
    "num_states": 4096
}
