{
    "pdepth": 60,
    "end_eng": 0.04215109059373164,
    "end_sup": 0.9725359159925946,
    "num_states": 8192
}
