{
    "pdepth": 60,
    "end_eng": 0.13449697364836544,
    "end_sup": 0.8680569906915219,
    "num_states": 8192
}
