{
    "pdepth": 60,
    "end_eng": 0.007227285781079571,
    "end_sup": 0.9946287190198349,
    "num_states": 16384
}
