{
    "pdepth": 60,
    "end_eng": 0.006344761894136752,
    "end_sup": 0.9941220652516795,
    "num_states": 262144
}
