{
    "pdepth": 60,
    "end_eng": 0.005675338998271747,
    "end_sup": 0.9949787227757736,
    "num_states": 32768
}
