{
    "pdepth": 60,
    "end_eng": 0.010898161839096525,
    "end_sup": 0.9907819580579997,
    "num_states": 65536
}
