{
    "pdepth": 60,
    "end_eng": 0.04006481616931593,
    "end_sup": 0.9623740455110789,
    "num_states": 8192
}
