{
    "pdepth": 60,
    "end_eng": 0.005558423159394978,
    "end_sup": 0.996673700437458,
    "num_states": 16384
}
