{
    "pdepth": 60,
    "end_eng": 0.29174335056168055,
    "end_sup": 0.7298067295737454,
    "num_states": 8192
}
