{
    "pdepth": 60,
    "end_eng": 0.007742217341690285,
    "end_sup": 0.9941883923249916,
    "num_states": 8192
}
