{
    "pdepth": 60,
    "end_eng": 0.004370555710212403,
    "end_sup": 0.9967479685846508,
    "num_states": 16384
}
