{
    "pdepth": 60,
    "end_eng": 0.02226840874886725,
    "end_sup": 0.980171289838053,
    "num_states": 8192
}
