{
    "pdepth": 60,
    "end_eng": 0.005347988019588846,
    "end_sup": 0.9956207416381402,
    "num_states": 8192
}
