{
    "pdepth": 60,
    "end_eng": 0.24171526126542886,
    "end_sup": 0.7611765476162837,
    "num_states": 8192
}
