{
    "pdepth": 60,
    "end_eng": 0.005572876653921713,
    "end_sup": 0.9962544066745538,
    "num_states": 16384
}
