{
    "pdepth": 60,
    "end_eng": 0.038166887354901646,
    "end_sup": 0.9659126694797584,
    "num_states": 8192
}
