{
    "pdepth": 60,
    "end_eng": 0.007374234090616418,
    "end_sup": 0.9965857077411008,
    "num_states": 8192
}
