{
    "pdepth": 60,
    "end_eng": 0.0789388641490911,
    "end_sup": 0.9395461776582458,
    "num_states": 4096
}
