{
    "pdepth": 60,
    "end_eng": 0.008753816723780587,
    "end_sup": 0.9917276919784118,
    "num_states": 65536
}
