{
    "pdepth": 60,
    "end_eng": 0.028438713130627853,
    "end_sup": 0.9893200162392064,
    "num_states": 2048
}
