{
    "pdepth": 60,
    "end_eng": 0.005261998501530605,
    "end_sup": 0.9964205368779039,
    "num_states": 32768
}
