{
    "pdepth": 60,
    "end_eng": 0.018343915802418165,
    "end_sup": 0.9933800544620675,
    "num_states": 8192
}
