{
    "pdepth": 60,
    "end_eng": 0.004471445357437445,
    "end_sup": 0.9961471298578771,
    "num_states": 8192
}
