{
    "pdepth": 60,
    "end_eng": 0.4938793190543398,
    "end_sup": 0.5178164774658959,
    "num_states": 16384
}
