{
    "pdepth": 60,
    "end_eng": 0.010388399069855463,
    "end_sup": 0.9943000390717049,
    "num_states": 2048
}
