{
    "pdepth": 60,
    "end_eng": 0.02020855635705333,
    "end_sup": 0.9926908753281366,
    "num_states": 8192
}
