{
    "pdepth": 60,
    "end_eng": 0.010262654196215321,
    "end_sup": 0.9948316109183616,
    "num_states": 8192
}
