{
    "pdepth": 60,
    "end_eng": 0.005344405705725792,
    "end_sup": 0.9962155851804624,
    "num_states": 8192
}
