{
    "pdepth": 60,
    "end_eng": 0.00842793945148207,
    "end_sup": 0.9942189416588023,
    "num_states": 16384
}
