{
    "pdepth": 60,
    "end_eng": 0.0598844331472259,
    "end_sup": 0.9422058663889323,
    "num_states": 4096
}
