{
    "pdepth": 60,
    "end_eng": 0.11393849771385672,
    "end_sup": 0.905986954092211,
    "num_states": 2048
}
