{
    "pdepth": 60,
    "end_eng": 0.06473760895297036,
    "end_sup": 0.9380254077951793,
    "num_states": 4096
}
